Liczba wypadków,Liczba zabitych,Liczba rannych,Rok,Warunki atmosferyczne,Rodzaj zdarzenia,Warunki atmosferyczne,Oświetlenie,Charakterystyka miejsca zdarzenia,IDKSIP zdarzenia,Godzina,Dzień,Ranny,GPS x,GPS y,Numer drogi,Obszar,Geometria drogi,Kategoria drogi 1,Rodzaj drogi,Czy w zdarzeniu był sprawca nietrzeźwy,Powiat,Gmina
1,0,2,2019,Dobre warunki atmosferyczne,Inne,Dobre warunki atmosferyczne,Noc - droga nieoświetlona,Jezdnia,EWK-107747473G,19,2019-03-08,Ciężko,20*31'252,51*57'538,GMINNA,Obszar zabudowany,Odcinek prosty,Droga gminna,Jednojezdniowa dwukierunkowa,N,POWIAT ŻYRARDOWSKI,MSZCZONÓW - OBSZAR MIEJSKI
1,0,1,2019,Dobre warunki atmosferyczne,Inne,Dobre warunki atmosferyczne,Noc - droga nieoświetlona,Jezdnia,EWK-108031241H,23,2019-07-08,Lekko,21*49'387,52*50'537,627,Obszar niezabudowany,Odcinek prosty,Droga wojewódzka,Jednojezdniowa dwukierunkowa,N,POWIAT OSTROWSKI,OSTRÓW MAZOWIECKA - OBSZAR WIEJSKI
1,0,0,2019,Dobre warunki atmosferyczne,Inne,Dobre warunki atmosferyczne,Noc - droga nieoświetlona,Jezdnia,EWK-108031241H,23,2019-07-08,Nieokreślone (puste pole),21*49'387,52*50'537,627,Obszar niezabudowany,Odcinek prosty,Droga wojewódzka,Jednojezdniowa dwukierunkowa,N,POWIAT OSTROWSKI,OSTRÓW MAZOWIECKA - OBSZAR WIEJSKI
1,1,0,2019,Dobre warunki atmosferyczne,Inne,Dobre warunki atmosferyczne,Noc - droga nieoświetlona,Jezdnia,EWK-108061599M,21,2019-07-20,Nieokreślone (puste pole),20*26'069,52*39'260,50,Obszar niezabudowany,Odcinek prosty,Droga krajowa,Jednojezdniowa dwukierunkowa,N,POWIAT PŁOŃSKI,SOCHOCIN - OBSZAR WIEJSKI
1,0,1,2019,Dobre warunki atmosferyczne,Inne,Dobre warunki atmosferyczne,Noc - droga nieoświetlona,Jezdnia,EWK-108062808W,3,2019-07-27,Ciężko,20*20'339,52*41'514,10,Obszar niezabudowany,Odcinek prosty,Droga krajowa,Jednojezdniowa dwukierunkowa,N,POWIAT PŁOCKI,DROBIN - OBSZAR WIEJSKI
1,0,0,2019,Dobre warunki atmosferyczne,Inne,Dobre warunki atmosferyczne,Noc - droga nieoświetlona,Jezdnia,EWK-108062808W,3,2019-07-27,Nieokreślone (puste pole),20*20'339,52*41'514,10,Obszar niezabudowany,Odcinek prosty,Droga krajowa,Jednojezdniowa dwukierunkowa,N,POWIAT PŁOCKI,DROBIN - OBSZAR WIEJSKI
1,0,1,2019,Dobre warunki atmosferyczne,Inne,Dobre warunki atmosferyczne,Noc - droga nieoświetlona,Jezdnia,EWK-108331232G,16,2019-11-18,Lekko,20*53'594,51*46'148,S7,Obszar niezabudowany,Odcinek prosty,Droga krajowa,Ekspresowa,N,POWIAT GRÓJECKI,BELSK DUŻY - OBSZAR WIEJSKI
1,0,0,2019,Dobre warunki atmosferyczne,Inne,Dobre warunki atmosferyczne,Noc - droga nieoświetlona,Jezdnia,EWK-108331232G,16,2019-11-18,Nieokreślone (puste pole),20*53'594,51*46'148,S7,Obszar niezabudowany,Odcinek prosty,Droga krajowa,Ekspresowa,N,POWIAT GRÓJECKI,BELSK DUŻY - OBSZAR WIEJSKI
1,0,1,2019,Dobre warunki atmosferyczne,Inne,Dobre warunki atmosferyczne,Noc - droga nieoświetlona,Pobocze,EWK-107988862D,0,2019-06-12,Ciężko,21*22'253,53*05'514,544,Obszar niezabudowany,Odcinek prosty,Droga wojewódzka,Jednojezdniowa dwukierunkowa,N,POWIAT OSTROŁĘCKI,OLSZEWO-BORKI - OBSZAR WIEJSKI
1,0,0,2019,Dobre warunki atmosferyczne,Inne,Dobre warunki atmosferyczne,Noc - droga nieoświetlona,Pobocze,EWK-107988862D,0,2019-06-12,Nieokreślone (puste pole),21*22'253,53*05'514,544,Obszar niezabudowany,Odcinek prosty,Droga wojewódzka,Jednojezdniowa dwukierunkowa,N,POWIAT OSTROŁĘCKI,OLSZEWO-BORKI - OBSZAR WIEJSKI
1,0,1,2019,Dobre warunki atmosferyczne,Inne,Dobre warunki atmosferyczne,Noc - droga nieoświetlona,"Skarpa, rów",EWK-107735826Q,3,2019-03-02,Lekko,20*54'331,53*07'094,P3213W,Obszar niezabudowany,Odcinek prosty,Droga powiatowa,Jednojezdniowa dwukierunkowa,N,POWIAT PRZASNYSKI,PRZASNYSZ - OBSZAR WIEJSKI
1,0,0,2019,Dobre warunki atmosferyczne,Inne,Dobre warunki atmosferyczne,Noc - droga nieoświetlona,"Skarpa, rów",EWK-107735826Q,3,2019-03-02,Nieokreślone (puste pole),20*54'331,53*07'094,P3213W,Obszar niezabudowany,Odcinek prosty,Droga powiatowa,Jednojezdniowa dwukierunkowa,N,POWIAT PRZASNYSKI,PRZASNYSZ - OBSZAR WIEJSKI
1,0,1,2019,Dobre warunki atmosferyczne,Inne,Dobre warunki atmosferyczne,Noc - droga nieoświetlona,"Skarpa, rów",EWK-107921036X,22,2019-05-11,Lekko,22*12'527,52*43'002,P2616W,Obszar niezabudowany,"Zakręt, łuk",Droga powiatowa,Jednojezdniowa dwukierunkowa,N,POWIAT OSTROWSKI,ZARĘBY KOŚCIELNE - OBSZAR WIEJSKI
1,0,0,2019,Dobre warunki atmosferyczne,Inne,Dobre warunki atmosferyczne,Noc - droga nieoświetlona,"Skarpa, rów",EWK-107921036X,22,2019-05-11,Nieokreślone (puste pole),22*12'527,52*43'002,P2616W,Obszar niezabudowany,"Zakręt, łuk",Droga powiatowa,Jednojezdniowa dwukierunkowa,N,POWIAT OSTROWSKI,ZARĘBY KOŚCIELNE - OBSZAR WIEJSKI
1,0,1,2019,Dobre warunki atmosferyczne,Inne,Dobre warunki atmosferyczne,Noc - droga oświetlona,"Chodnik, droga dla pieszych",EWK-108154987H,19,2019-09-13,Ciężko,19*45'326,52*31'381,G520262W,Obszar zabudowany,Odcinek prosty,Droga gminna,Jednojezdniowa dwukierunkowa,T,POWIAT PŁOCK,PŁOCK - OBSZAR MIEJSKI
1,0,1,2019,Dobre warunki atmosferyczne,Inne,Dobre warunki atmosferyczne,Noc - droga oświetlona,Jezdnia,EWK-107611228J,16,2019-01-08,Ciężko,21*15'449,51*30'191,P1715W,Obszar zabudowany,Odcinek prosty,Droga powiatowa,Jednojezdniowa dwukierunkowa,N,POWIAT RADOMSKI,JASTRZĘBIA - OBSZAR WIEJSKI
1,0,3,2019,Dobre warunki atmosferyczne,Inne,Dobre warunki atmosferyczne,Noc - droga oświetlona,Jezdnia,EWK-107703220N,18,2019-02-15,Lekko,20*52'489,53*01'046,G320802W,Obszar zabudowany,,Droga gminna,Jednojezdniowa dwukierunkowa,N,POWIAT PRZASNYSKI,PRZASNYSZ - OBSZAR MIEJSKI
1,0,1,2019,Dobre warunki atmosferyczne,Inne,Dobre warunki atmosferyczne,Noc - droga oświetlona,Jezdnia,EWK-107894440E,4,2019-04-26,Ciężko,19*39'554,52*51'314,P3770W,Obszar zabudowany,"Zakręt, łuk",Droga powiatowa,Jednojezdniowa dwukierunkowa,N,POWIAT SIERPECKI,SIERPC - OBSZAR MIEJSKI
1,0,1,2019,Dobre warunki atmosferyczne,Inne,Dobre warunki atmosferyczne,Noc - droga oświetlona,Jezdnia,EWK-107906774T,3,2019-04-28,Lekko,21*47'551,52*45'255,GMINNA,Obszar niezabudowany,,Droga gminna,Jednokierunkowa,N,POWIAT OSTROWSKI,OSTRÓW MAZOWIECKA - OBSZAR WIEJSKI
1,0,0,2019,Dobre warunki atmosferyczne,Inne,Dobre warunki atmosferyczne,Noc - droga oświetlona,Jezdnia,EWK-107906774T,3,2019-04-28,Nieokreślone (puste pole),21*47'551,52*45'255,GMINNA,Obszar niezabudowany,,Droga gminna,Jednokierunkowa,N,POWIAT OSTROWSKI,OSTRÓW MAZOWIECKA - OBSZAR WIEJSKI
1,0,1,2019,Dobre warunki atmosferyczne,Inne,Dobre warunki atmosferyczne,Noc - droga oświetlona,Jezdnia,EWK-107920617P,23,2019-05-11,Ciężko,21*28'155,51*04'414,P0244T,Obszar zabudowany,,Droga powiatowa,Jednojezdniowa dwukierunkowa,N,POWIAT LIPSKI,SIENNO - OBSZAR WIEJSKI
1,0,0,2019,Dobre warunki atmosferyczne,Inne,Dobre warunki atmosferyczne,Noc - droga oświetlona,Jezdnia,EWK-107920617P,23,2019-05-11,Nieokreślone (puste pole),21*28'155,51*04'414,P0244T,Obszar zabudowany,,Droga powiatowa,Jednojezdniowa dwukierunkowa,N,POWIAT LIPSKI,SIENNO - OBSZAR WIEJSKI
1,0,1,2019,Dobre warunki atmosferyczne,Inne,Dobre warunki atmosferyczne,Noc - droga oświetlona,Jezdnia,EWK-108009260L,21,2019-06-26,Ciężko,21*09'273,51*22'160,GMINNA,Obszar niezabudowany,Odcinek prosty,Droga gminna,Dwie jezdnie jednokierunkowe,N,POWIAT RADOM,RADOM - OBSZAR MIEJSKI
1,0,0,2019,Dobre warunki atmosferyczne,Inne,Dobre warunki atmosferyczne,Noc - droga oświetlona,Jezdnia,EWK-108009260L,21,2019-06-26,Nieokreślone (puste pole),21*09'273,51*22'160,GMINNA,Obszar niezabudowany,Odcinek prosty,Droga gminna,Dwie jezdnie jednokierunkowe,N,POWIAT RADOM,RADOM - OBSZAR MIEJSKI
1,1,0,2019,Dobre warunki atmosferyczne,Inne,Dobre warunki atmosferyczne,Noc - droga oświetlona,Jezdnia,EWK-108141530F,21,2019-09-06,Nieokreślone (puste pole),21*35'171,52*37'403,4405W,Obszar zabudowany,"Zakręt, łuk",Droga powiatowa,Jednojezdniowa dwukierunkowa,T,POWIAT WYSZKOWSKI,BRAŃSZCZYK - OBSZAR WIEJSKI
1,0,1,2019,Dobre warunki atmosferyczne,Inne,Dobre warunki atmosferyczne,Światło dzienne,Jezdnia,EWK-107614928N,9,2019-01-09,Ciężko,21*08'504,51*23'390,G530123W,Obszar zabudowany,Odcinek prosty,Droga gminna,Jednojezdniowa dwukierunkowa,N,POWIAT RADOM,RADOM - OBSZAR MIEJSKI
1,0,1,2019,Dobre warunki atmosferyczne,Inne,Dobre warunki atmosferyczne,Światło dzienne,Jezdnia,EWK-107683564E,10,2019-02-01,Ciężko,21*12'129,51*24'568,737,Obszar zabudowany,"Zakręt, łuk",Droga wojewódzka,Dwie jezdnie jednokierunkowe,N,POWIAT RADOM,RADOM - OBSZAR MIEJSKI
1,0,0,2019,Dobre warunki atmosferyczne,Inne,Dobre warunki atmosferyczne,Światło dzienne,Jezdnia,EWK-107683564E,10,2019-02-01,Nieokreślone (puste pole),21*12'129,51*24'568,737,Obszar zabudowany,"Zakręt, łuk",Droga wojewódzka,Dwie jezdnie jednokierunkowe,N,POWIAT RADOM,RADOM - OBSZAR MIEJSKI
1,0,1,2019,Dobre warunki atmosferyczne,Inne,Dobre warunki atmosferyczne,Światło dzienne,Jezdnia,EWK-107690757G,8,2019-02-09,Lekko,20*41'147,52*48'309,P2421W,Obszar niezabudowany,Odcinek prosty,Droga powiatowa,Jednojezdniowa dwukierunkowa,N,POWIAT CIECHANOWSKI,CIECHANÓW - OBSZAR WIEJSKI
1,0,0,2019,Dobre warunki atmosferyczne,Inne,Dobre warunki atmosferyczne,Światło dzienne,Jezdnia,EWK-107690757G,8,2019-02-09,Nieokreślone (puste pole),20*41'147,52*48'309,P2421W,Obszar niezabudowany,Odcinek prosty,Droga powiatowa,Jednojezdniowa dwukierunkowa,N,POWIAT CIECHANOWSKI,CIECHANÓW - OBSZAR WIEJSKI
1,0,1,2019,Dobre warunki atmosferyczne,Inne,Dobre warunki atmosferyczne,Światło dzienne,Jezdnia,EWK-107728887N,10,2019-02-27,Lekko,22*16'436,52*10'264,GMINNA,Obszar zabudowany,,Droga gminna,Jednojezdniowa dwukierunkowa,N,POWIAT SIEDLCE,SIEDLCE - OBSZAR MIEJSKI
1,0,0,2019,Dobre warunki atmosferyczne,Inne,Dobre warunki atmosferyczne,Światło dzienne,Jezdnia,EWK-107728887N,10,2019-02-27,Nieokreślone (puste pole),22*16'436,52*10'264,GMINNA,Obszar zabudowany,,Droga gminna,Jednojezdniowa dwukierunkowa,N,POWIAT SIEDLCE,SIEDLCE - OBSZAR MIEJSKI
1,0,1,2019,Dobre warunki atmosferyczne,Inne,Dobre warunki atmosferyczne,Światło dzienne,Jezdnia,EWK-107730249R,10,2019-02-23,Lekko,21*10'417,51*26'209,G530270W,Obszar zabudowany,"Zakręt, łuk",Droga gminna,Jednojezdniowa dwukierunkowa,T,POWIAT RADOM,RADOM - OBSZAR MIEJSKI
1,0,1,2019,Dobre warunki atmosferyczne,Inne,Dobre warunki atmosferyczne,Światło dzienne,Jezdnia,EWK-107732342H,13,2019-02-27,Lekko,22*08'217,52*36'29,P0244T,Obszar zabudowany,Odcinek prosty,Droga powiatowa,Jednojezdniowa dwukierunkowa,N,POWIAT SOKOŁOWSKI,KOSÓW LACKI - OBSZAR MIEJSKI
1,0,0,2019,Dobre warunki atmosferyczne,Inne,Dobre warunki atmosferyczne,Światło dzienne,Jezdnia,EWK-107732342H,13,2019-02-27,Nieokreślone (puste pole),22*08'217,52*36'29,P0244T,Obszar zabudowany,Odcinek prosty,Droga powiatowa,Jednojezdniowa dwukierunkowa,N,POWIAT SOKOŁOWSKI,KOSÓW LACKI - OBSZAR MIEJSKI
1,0,1,2019,Dobre warunki atmosferyczne,Inne,Dobre warunki atmosferyczne,Światło dzienne,Jezdnia,EWK-107763268U,16,2019-03-16,Lekko,21*07'049,51*19'000,744,Obszar zabudowany,Odcinek prosty,Droga wojewódzka,Jednojezdniowa dwukierunkowa,N,POWIAT RADOMSKI,KOWALA - OBSZAR WIEJSKI
1,0,1,2019,Dobre warunki atmosferyczne,Inne,Dobre warunki atmosferyczne,Światło dzienne,Jezdnia,EWK-107849716A,17,2019-04-09,Lekko,20*23'554,53*6'478,7,Obszar niezabudowany,,Droga krajowa,Jednojezdniowa dwukierunkowa,N,POWIAT MŁAWSKI,MŁAWA - OBSZAR MIEJSKI
1,0,0,2019,Dobre warunki atmosferyczne,Inne,Dobre warunki atmosferyczne,Światło dzienne,Jezdnia,EWK-107849716A,17,2019-04-09,Nieokreślone (puste pole),20*23'554,53*6'478,7,Obszar niezabudowany,,Droga krajowa,Jednojezdniowa dwukierunkowa,N,POWIAT MŁAWSKI,MŁAWA - OBSZAR MIEJSKI
1,0,1,2019,Dobre warunki atmosferyczne,Inne,Dobre warunki atmosferyczne,Światło dzienne,Jezdnia,EWK-107862759T,14,2019-04-10,Lekko,21*37'562,53*03'171,2550W,Obszar zabudowany,Odcinek prosty,Droga powiatowa,Jednojezdniowa dwukierunkowa,T,POWIAT OSTROŁĘCKI,RZEKUŃ - OBSZAR WIEJSKI
1,0,1,2019,Dobre warunki atmosferyczne,Inne,Dobre warunki atmosferyczne,Światło dzienne,Jezdnia,EWK-107890304A,11,2019-04-17,Lekko,21*07'408,51*29'058,GMINNA,Obszar zabudowany,Odcinek prosty,Droga gminna,Jednojezdniowa dwukierunkowa,N,POWIAT RADOMSKI,JEDLIŃSK - OBSZAR WIEJSKI
1,0,0,2019,Dobre warunki atmosferyczne,Inne,Dobre warunki atmosferyczne,Światło dzienne,Jezdnia,EWK-107890304A,11,2019-04-17,Nieokreślone (puste pole),21*07'408,51*29'058,GMINNA,Obszar zabudowany,Odcinek prosty,Droga gminna,Jednojezdniowa dwukierunkowa,N,POWIAT RADOMSKI,JEDLIŃSK - OBSZAR WIEJSKI
1,0,1,2019,Dobre warunki atmosferyczne,Inne,Dobre warunki atmosferyczne,Światło dzienne,Jezdnia,EWK-107933237Q,12,2019-05-18,Lekko,22*04'360,52*40'270,P3903W,Obszar niezabudowany,Odcinek prosty,Droga powiatowa,Jednojezdniowa dwukierunkowa,N,POWIAT SOKOŁOWSKI,KOSÓW LACKI - OBSZAR WIEJSKI
1,0,0,2019,Dobre warunki atmosferyczne,Inne,Dobre warunki atmosferyczne,Światło dzienne,Jezdnia,EWK-107933237Q,12,2019-05-18,Nieokreślone (puste pole),22*04'360,52*40'270,P3903W,Obszar niezabudowany,Odcinek prosty,Droga powiatowa,Jednojezdniowa dwukierunkowa,N,POWIAT SOKOŁOWSKI,KOSÓW LACKI - OBSZAR WIEJSKI
1,0,1,2019,Dobre warunki atmosferyczne,Inne,Dobre warunki atmosferyczne,Światło dzienne,Jezdnia,EWK-107948494M,12,2019-05-27,Lekko,20*10'18,52*58'441,P3014W,Obszar zabudowany,"Zakręt, łuk",Droga powiatowa,Jednojezdniowa dwukierunkowa,N,POWIAT MŁAWSKI,RADZANÓW - OBSZAR WIEJSKI
1,0,1,2019,Dobre warunki atmosferyczne,Inne,Dobre warunki atmosferyczne,Światło dzienne,Jezdnia,EWK-107961413P,13,2019-06-02,Ciężko,21*04'062,52*54'023,57,Obszar niezabudowany,Odcinek prosty,Droga krajowa,Jednojezdniowa dwukierunkowa,N,POWIAT MAKOWSKI,PŁONIAWY-BRAMURA - OBSZAR WIEJSKI
1,0,0,2019,Dobre warunki atmosferyczne,Inne,Dobre warunki atmosferyczne,Światło dzienne,Jezdnia,EWK-107961413P,13,2019-06-02,Nieokreślone (puste pole),21*04'062,52*54'023,57,Obszar niezabudowany,Odcinek prosty,Droga krajowa,Jednojezdniowa dwukierunkowa,N,POWIAT MAKOWSKI,PŁONIAWY-BRAMURA - OBSZAR WIEJSKI
1,0,1,2019,Dobre warunki atmosferyczne,Inne,Dobre warunki atmosferyczne,Światło dzienne,Jezdnia,EWK-107963874T,14,2019-06-03,Lekko,21*13'431,51*26'046,G530273W,Obszar zabudowany,Odcinek prosty,Droga gminna,Jednojezdniowa dwukierunkowa,N,POWIAT RADOM,RADOM - OBSZAR MIEJSKI
1,0,1,2019,Dobre warunki atmosferyczne,Inne,Dobre warunki atmosferyczne,Światło dzienne,Jezdnia,EWK-107964497F,8,2019-06-04,Ciężko,21*19'448,52*34'061,4414W,Obszar zabudowany,"Zakręt, łuk",Droga powiatowa,Jednojezdniowa dwukierunkowa,N,POWIAT WYSZKOWSKI,SOMIANKA - OBSZAR WIEJSKI
1,0,0,2019,Dobre warunki atmosferyczne,Inne,Dobre warunki atmosferyczne,Światło dzienne,Jezdnia,EWK-107964497F,8,2019-06-04,Nieokreślone (puste pole),21*19'448,52*34'061,4414W,Obszar zabudowany,"Zakręt, łuk",Droga powiatowa,Jednojezdniowa dwukierunkowa,N,POWIAT WYSZKOWSKI,SOMIANKA - OBSZAR WIEJSKI
1,0,1,2019,Dobre warunki atmosferyczne,Inne,Dobre warunki atmosferyczne,Światło dzienne,Jezdnia,EWK-107968649P,18,2019-06-05,Ciężko,21*44'475,51*51'173,GMINNA,Obszar zabudowany,Odcinek prosty,Droga gminna,Jednojezdniowa dwukierunkowa,N,POWIAT GARWOLIŃSKI,GÓRZNO - OBSZAR WIEJSKI
1,0,0,2019,Dobre warunki atmosferyczne,Inne,Dobre warunki atmosferyczne,Światło dzienne,Jezdnia,EWK-107968649P,18,2019-06-05,Nieokreślone (puste pole),21*44'475,51*51'173,GMINNA,Obszar zabudowany,Odcinek prosty,Droga gminna,Jednojezdniowa dwukierunkowa,N,POWIAT GARWOLIŃSKI,GÓRZNO - OBSZAR WIEJSKI
1,0,1,2019,Dobre warunki atmosferyczne,Inne,Dobre warunki atmosferyczne,Światło dzienne,Jezdnia,EWK-107998346P,16,2019-06-19,Ciężko,21*09'506,51*22'494,G530113W,Obszar zabudowany,Odcinek prosty,Droga gminna,Jednojezdniowa dwukierunkowa,N,POWIAT RADOM,RADOM - OBSZAR MIEJSKI
1,0,1,2019,Dobre warunki atmosferyczne,Inne,Dobre warunki atmosferyczne,Światło dzienne,Jezdnia,EWK-108005260K,10,2019-06-14,Lekko,21*03'509,51*15'531,P3557W,Obszar zabudowany,Odcinek prosty,Droga powiatowa,Jednojezdniowa dwukierunkowa,N,POWIAT RADOMSKI,WIERZBICA - OBSZAR WIEJSKI
1,0,1,2019,Dobre warunki atmosferyczne,Inne,Dobre warunki atmosferyczne,Światło dzienne,Jezdnia,EWK-108015995C,15,2019-06-30,Lekko,21*43'092,51*30'211,691,Obszar zabudowany,"Zakręt, łuk",Droga wojewódzka,Jednojezdniowa dwukierunkowa,N,POWIAT KOZIENICKI,GARBATKA-LETNISKO - OBSZAR WIEJSKI
1,0,1,2019,Dobre warunki atmosferyczne,Inne,Dobre warunki atmosferyczne,Światło dzienne,Jezdnia,EWK-108053317J,12,2019-07-21,Lekko,21*51'315,51*40'458,17,Obszar niezabudowany,Odcinek prosty,Droga krajowa,Ekspresowa,N,POWIAT GARWOLIŃSKI,TROJANÓW - OBSZAR WIEJSKI
1,0,0,2019,Dobre warunki atmosferyczne,Inne,Dobre warunki atmosferyczne,Światło dzienne,Jezdnia,EWK-108053317J,12,2019-07-21,Nieokreślone (puste pole),21*51'315,51*40'458,17,Obszar niezabudowany,Odcinek prosty,Droga krajowa,Ekspresowa,N,POWIAT GARWOLIŃSKI,TROJANÓW - OBSZAR WIEJSKI
1,0,1,2019,Dobre warunki atmosferyczne,Inne,Dobre warunki atmosferyczne,Światło dzienne,Jezdnia,EWK-108060005N,6,2019-07-25,Lekko,20*38'019,52*52'359,G120115W,Obszar zabudowany,"Zakręt, łuk",Droga gminna,Jednojezdniowa dwukierunkowa,N,POWIAT CIECHANOWSKI,CIECHANÓW - OBSZAR MIEJSKI
1,0,0,2019,Dobre warunki atmosferyczne,Inne,Dobre warunki atmosferyczne,Światło dzienne,Jezdnia,EWK-108060005N,6,2019-07-25,Nieokreślone (puste pole),20*38'019,52*52'359,G120115W,Obszar zabudowany,"Zakręt, łuk",Droga gminna,Jednojezdniowa dwukierunkowa,N,POWIAT CIECHANOWSKI,CIECHANÓW - OBSZAR MIEJSKI
1,0,1,2019,Dobre warunki atmosferyczne,Inne,Dobre warunki atmosferyczne,Światło dzienne,Jezdnia,EWK-108060593D,9,2019-07-26,Lekko,20*54'080,53*01'334,P3237W,Obszar zabudowany,Odcinek prosty,Droga powiatowa,Jednojezdniowa dwukierunkowa,N,POWIAT PRZASNYSKI,PRZASNYSZ - OBSZAR MIEJSKI
1,0,0,2019,Dobre warunki atmosferyczne,Inne,Dobre warunki atmosferyczne,Światło dzienne,Jezdnia,EWK-108060593D,9,2019-07-26,Nieokreślone (puste pole),20*54'080,53*01'334,P3237W,Obszar zabudowany,Odcinek prosty,Droga powiatowa,Jednojezdniowa dwukierunkowa,N,POWIAT PRZASNYSKI,PRZASNYSZ - OBSZAR MIEJSKI
1,0,1,2019,Dobre warunki atmosferyczne,Inne,Dobre warunki atmosferyczne,Światło dzienne,Jezdnia,EWK-108062441J,15,2019-07-26,Lekko,22*46'588,52*11'388,698,Obszar zabudowany,Odcinek prosty,Droga wojewódzka,Jednojezdniowa dwukierunkowa,N,POWIAT ŁOSICKI,ŁOSICE - OBSZAR WIEJSKI
1,0,0,2019,Dobre warunki atmosferyczne,Inne,Dobre warunki atmosferyczne,Światło dzienne,Jezdnia,EWK-108062441J,15,2019-07-26,Nieokreślone (puste pole),22*46'588,52*11'388,698,Obszar zabudowany,Odcinek prosty,Droga wojewódzka,Jednojezdniowa dwukierunkowa,N,POWIAT ŁOSICKI,ŁOSICE - OBSZAR WIEJSKI
1,0,1,2019,Dobre warunki atmosferyczne,Inne,Dobre warunki atmosferyczne,Światło dzienne,Jezdnia,EWK-108079776U,18,2019-08-05,Lekko,21*38'407,51*52'256,GMINNA,Obszar zabudowany,Odcinek prosty,Droga gminna,Jednojezdniowa dwukierunkowa,N,POWIAT GARWOLIŃSKI,GARWOLIN - OBSZAR WIEJSKI
1,0,0,2019,Dobre warunki atmosferyczne,Inne,Dobre warunki atmosferyczne,Światło dzienne,Jezdnia,EWK-108079776U,18,2019-08-05,Nieokreślone (puste pole),21*38'407,51*52'256,GMINNA,Obszar zabudowany,Odcinek prosty,Droga gminna,Jednojezdniowa dwukierunkowa,N,POWIAT GARWOLIŃSKI,GARWOLIN - OBSZAR WIEJSKI
1,0,1,2019,Dobre warunki atmosferyczne,Inne,Dobre warunki atmosferyczne,Światło dzienne,Jezdnia,EWK-108085273N,15,2019-08-08,Ciężko,19*48'508,52*29'268,GMINNA,Obszar zabudowany,Odcinek prosty,Droga gminna,Jednojezdniowa dwukierunkowa,N,POWIAT PŁOCKI,SŁUPNO - OBSZAR WIEJSKI
1,0,1,2019,Dobre warunki atmosferyczne,Inne,Dobre warunki atmosferyczne,Światło dzienne,Jezdnia,EWK-108085273N,15,2019-08-08,Lekko,19*48'508,52*29'268,GMINNA,Obszar zabudowany,Odcinek prosty,Droga gminna,Jednojezdniowa dwukierunkowa,N,POWIAT PŁOCKI,SŁUPNO - OBSZAR WIEJSKI
1,0,1,2019,Dobre warunki atmosferyczne,Inne,Dobre warunki atmosferyczne,Światło dzienne,Jezdnia,EWK-108091806U,15,2019-08-11,Lekko,20*08'419,52*34'363,P2934W,Obszar zabudowany,Odcinek prosty,Droga powiatowa,Jednojezdniowa dwukierunkowa,T,POWIAT PŁOCKI,BULKOWO - OBSZAR WIEJSKI
1,0,0,2019,Dobre warunki atmosferyczne,Inne,Dobre warunki atmosferyczne,Światło dzienne,Jezdnia,EWK-108091806U,15,2019-08-11,Nieokreślone (puste pole),20*08'419,52*34'363,P2934W,Obszar zabudowany,Odcinek prosty,Droga powiatowa,Jednojezdniowa dwukierunkowa,T,POWIAT PŁOCKI,BULKOWO - OBSZAR WIEJSKI
1,0,1,2019,Dobre warunki atmosferyczne,Inne,Dobre warunki atmosferyczne,Światło dzienne,Jezdnia,EWK-108106475U,19,2019-08-18,Ciężko,20*16'405,52*15'483,705,Obszar zabudowany,Odcinek prosty,Droga wojewódzka,Jednojezdniowa dwukierunkowa,N,POWIAT SOCHACZEWSKI,SOCHACZEW - OBSZAR MIEJSKI
1,0,0,2019,Dobre warunki atmosferyczne,Inne,Dobre warunki atmosferyczne,Światło dzienne,Jezdnia,EWK-108106475U,19,2019-08-18,Nieokreślone (puste pole),20*16'405,52*15'483,705,Obszar zabudowany,Odcinek prosty,Droga wojewódzka,Jednojezdniowa dwukierunkowa,N,POWIAT SOCHACZEWSKI,SOCHACZEW - OBSZAR MIEJSKI
1,0,2,2019,Dobre warunki atmosferyczne,Inne,Dobre warunki atmosferyczne,Światło dzienne,Jezdnia,EWK-108121458H,11,2019-08-27,Lekko,21*35'084,51*09'127,747,Obszar niezabudowany,"Zakręt, łuk",Droga wojewódzka,Jednojezdniowa dwukierunkowa,N,POWIAT LIPSKI,LIPSKO - OBSZAR WIEJSKI
1,0,1,2019,Dobre warunki atmosferyczne,Inne,Dobre warunki atmosferyczne,Światło dzienne,Jezdnia,EWK-108121990Y,16,2019-08-27,Ciężko,19*42'501,52*31'467,G520013W,Obszar zabudowany,"Zakręt, łuk",Droga gminna,Jednojezdniowa dwukierunkowa,T,POWIAT PŁOCK,PŁOCK - OBSZAR MIEJSKI
1,0,1,2019,Dobre warunki atmosferyczne,Inne,Dobre warunki atmosferyczne,Światło dzienne,Jezdnia,EWK-108125202F,10,2019-08-29,Ciężko,21*53'146,52*48'207,GMINNA,Obszar zabudowany,,Droga gminna,Jednojezdniowa dwukierunkowa,N,POWIAT OSTROWSKI,OSTRÓW MAZOWIECKA - OBSZAR MIEJSKI
1,0,0,2019,Dobre warunki atmosferyczne,Inne,Dobre warunki atmosferyczne,Światło dzienne,Jezdnia,EWK-108125202F,10,2019-08-29,Nieokreślone (puste pole),21*53'146,52*48'207,GMINNA,Obszar zabudowany,,Droga gminna,Jednojezdniowa dwukierunkowa,N,POWIAT OSTROWSKI,OSTRÓW MAZOWIECKA - OBSZAR MIEJSKI