Liczba wypadków,Liczba zabitych,Liczba rannych,Rok,Warunki atmosferyczne,Rodzaj zdarzenia,Warunki atmosferyczne,Oświetlenie,Charakterystyka miejsca zdarzenia,IDKSIP zdarzenia,Godzina,Dzień,Ranny,GPS x,GPS y,Numer drogi,Obszar,Geometria drogi,Kategoria drogi 1,Rodzaj drogi,Czy w zdarzeniu był sprawca nietrzeźwy,Powiat,Gmina
1,0,1,2019,Dobre warunki atmosferyczne,Najechanie na drzewo,Dobre warunki atmosferyczne,Noc - droga nieoświetlona,Jezdnia,EWK-108494747N,18,2019-12-16,Lekko,19*32'559,52*53'425,10,Obszar niezabudowany,Odcinek prosty,Droga krajowa,Jednojezdniowa dwukierunkowa,T,POWIAT SIERPECKI,SZCZUTOWO - OBSZAR WIEJSKI
1,0,1,2019,Dobre warunki atmosferyczne,Najechanie na drzewo,Dobre warunki atmosferyczne,Noc - droga nieoświetlona,Pobocze,EWK-107747650W,2,2019-03-09,Ciężko,19*57'294,52*42'593,60,Obszar niezabudowany,Odcinek prosty,Droga krajowa,Jednojezdniowa dwukierunkowa,T,POWIAT PŁOCKI,DROBIN - OBSZAR WIEJSKI
1,0,2,2019,Dobre warunki atmosferyczne,Najechanie na drzewo,Dobre warunki atmosferyczne,Noc - droga nieoświetlona,Pobocze,EWK-107747650W,2,2019-03-09,Lekko,19*57'294,52*42'593,60,Obszar niezabudowany,Odcinek prosty,Droga krajowa,Jednojezdniowa dwukierunkowa,T,POWIAT PŁOCKI,DROBIN - OBSZAR WIEJSKI
1,0,3,2019,Dobre warunki atmosferyczne,Najechanie na drzewo,Dobre warunki atmosferyczne,Noc - droga nieoświetlona,Pobocze,EWK-107837000Q,20,2019-04-07,Lekko,21*41'494,51*44'326,807,Obszar niezabudowany,"Zakręt, łuk",Droga wojewódzka,Jednojezdniowa dwukierunkowa,T,POWIAT GARWOLIŃSKI,SOBOLEW - OBSZAR WIEJSKI
1,0,2,2019,Dobre warunki atmosferyczne,Najechanie na drzewo,Dobre warunki atmosferyczne,Noc - droga nieoświetlona,Pobocze,EWK-107905081F,1,2019-05-02,Ciężko,19*47'386,52*24'110,P2983W,Obszar niezabudowany,Odcinek prosty,Droga powiatowa,Jednojezdniowa dwukierunkowa,N,POWIAT PŁOCKI,GĄBIN - OBSZAR WIEJSKI
1,0,0,2019,Dobre warunki atmosferyczne,Najechanie na drzewo,Dobre warunki atmosferyczne,Noc - droga nieoświetlona,Pobocze,EWK-107905081F,1,2019-05-02,Nieokreślone (puste pole),19*47'386,52*24'110,P2983W,Obszar niezabudowany,Odcinek prosty,Droga powiatowa,Jednojezdniowa dwukierunkowa,N,POWIAT PŁOCKI,GĄBIN - OBSZAR WIEJSKI
1,0,1,2019,Dobre warunki atmosferyczne,Najechanie na drzewo,Dobre warunki atmosferyczne,Noc - droga nieoświetlona,Pobocze,EWK-108305240M,22,2019-11-08,Ciężko,21*25'104,53*7'077,2583W,Obszar niezabudowany,,Droga powiatowa,Jednojezdniowa dwukierunkowa,N,POWIAT OSTROŁĘCKI,OLSZEWO-BORKI - OBSZAR WIEJSKI
1,0,1,2019,Dobre warunki atmosferyczne,Najechanie na drzewo,Dobre warunki atmosferyczne,Noc - droga nieoświetlona,Pobocze,EWK-108305240M,22,2019-11-08,Lekko,21*25'104,53*7'077,2583W,Obszar niezabudowany,,Droga powiatowa,Jednojezdniowa dwukierunkowa,N,POWIAT OSTROŁĘCKI,OLSZEWO-BORKI - OBSZAR WIEJSKI
1,1,0,2019,Dobre warunki atmosferyczne,Najechanie na drzewo,Dobre warunki atmosferyczne,Noc - droga nieoświetlona,Pobocze,EWK-108318917G,19,2019-11-14,Nieokreślone (puste pole),21*36'374,51*33'475,48,Obszar niezabudowany,"Zakręt, łuk",Droga krajowa,Jednojezdniowa dwukierunkowa,N,POWIAT KOZIENICKI,KOZIENICE - OBSZAR WIEJSKI
1,0,1,2019,Dobre warunki atmosferyczne,Najechanie na drzewo,Dobre warunki atmosferyczne,Noc - droga nieoświetlona,Pobocze,EWK-108507334A,20,2019-12-21,Ciężko,21*32'413,53*28'026,GMINNA,Obszar niezabudowany,Odcinek prosty,Droga gminna,Jednojezdniowa dwukierunkowa,N,POWIAT OSTROŁĘCKI,ŁYSE - OBSZAR WIEJSKI
1,0,0,2019,Dobre warunki atmosferyczne,Najechanie na drzewo,Dobre warunki atmosferyczne,Noc - droga nieoświetlona,Pobocze,EWK-108507334A,20,2019-12-21,Nieokreślone (puste pole),21*32'413,53*28'026,GMINNA,Obszar niezabudowany,Odcinek prosty,Droga gminna,Jednojezdniowa dwukierunkowa,N,POWIAT OSTROŁĘCKI,ŁYSE - OBSZAR WIEJSKI
1,0,1,2019,Dobre warunki atmosferyczne,Najechanie na drzewo,Dobre warunki atmosferyczne,Noc - droga nieoświetlona,"Skarpa, rów",EWK-107747692W,2,2019-03-09,Ciężko,22*45'395,52*12'147,698,Obszar zabudowany,"Zakręt, łuk",Droga wojewódzka,Jednojezdniowa dwukierunkowa,N,POWIAT ŁOSICKI,ŁOSICE - OBSZAR WIEJSKI
1,0,1,2019,Dobre warunki atmosferyczne,Najechanie na drzewo,Dobre warunki atmosferyczne,Noc - droga nieoświetlona,"Skarpa, rów",EWK-108031219U,21,2019-07-08,Ciężko,20*58'540,52*51'032,3238W,Obszar niezabudowany,"Zakręt, łuk",Droga powiatowa,Jednojezdniowa dwukierunkowa,N,POWIAT MAKOWSKI,KARNIEWO - OBSZAR WIEJSKI
1,0,2,2019,Dobre warunki atmosferyczne,Najechanie na drzewo,Dobre warunki atmosferyczne,Noc - droga nieoświetlona,"Skarpa, rów",EWK-108519261Q,18,2019-12-28,Ciężko,21*35'327,52*46'383,G440223W,Obszar niezabudowany,Odcinek prosty,Droga gminna,Jednojezdniowa dwukierunkowa,T,POWIAT WYSZKOWSKI,DŁUGOSIODŁO - OBSZAR WIEJSKI
1,0,1,2019,Dobre warunki atmosferyczne,Najechanie na drzewo,Dobre warunki atmosferyczne,Noc - droga oświetlona,Jezdnia,EWK-108103096U,21,2019-08-15,Ciężko,21*27'346,52*33'303,G440756W,Obszar niezabudowany,"Zakręt, łuk",Droga gminna,Jednojezdniowa dwukierunkowa,T,POWIAT WYSZKOWSKI,WYSZKÓW - OBSZAR WIEJSKI
1,1,0,2019,Dobre warunki atmosferyczne,Najechanie na drzewo,Dobre warunki atmosferyczne,Noc - droga oświetlona,Jezdnia,EWK-108103096U,21,2019-08-15,Nieokreślone (puste pole),21*27'346,52*33'303,G440756W,Obszar niezabudowany,"Zakręt, łuk",Droga gminna,Jednojezdniowa dwukierunkowa,T,POWIAT WYSZKOWSKI,WYSZKÓW - OBSZAR WIEJSKI
1,1,0,2019,Dobre warunki atmosferyczne,Najechanie na drzewo,Dobre warunki atmosferyczne,Noc - droga oświetlona,Pobocze,EWK-107773596M,19,2019-03-21,Nieokreślone (puste pole),22*25'228,52*28'296,P3921W,Obszar niezabudowany,Odcinek prosty,Droga powiatowa,Jednojezdniowa dwukierunkowa,N,POWIAT SOKOŁOWSKI,JABŁONNA LACKA - OBSZAR WIEJSKI
1,0,2,2019,Dobre warunki atmosferyczne,Najechanie na drzewo,Dobre warunki atmosferyczne,Noc - droga oświetlona,Pobocze,EWK-107896160D,1,2019-04-27,Lekko,22*10'495,52*21'80,G390122W,Obszar zabudowany,"Zakręt, łuk",Droga gminna,Jednojezdniowa dwukierunkowa,T,POWIAT SOKOŁOWSKI,BIELANY - OBSZAR WIEJSKI
1,0,0,2019,Dobre warunki atmosferyczne,Najechanie na drzewo,Dobre warunki atmosferyczne,Noc - droga oświetlona,Pobocze,EWK-107896160D,1,2019-04-27,Nieokreślone (puste pole),22*10'495,52*21'80,G390122W,Obszar zabudowany,"Zakręt, łuk",Droga gminna,Jednojezdniowa dwukierunkowa,T,POWIAT SOKOŁOWSKI,BIELANY - OBSZAR WIEJSKI
1,0,2,2019,Dobre warunki atmosferyczne,Najechanie na drzewo,Dobre warunki atmosferyczne,Światło dzienne,Jezdnia,EWK-107660242E,12,2019-01-20,Lekko,22*39'164,52*17'412,P2044W,Obszar niezabudowany,Odcinek prosty,Droga powiatowa,Jednojezdniowa dwukierunkowa,N,POWIAT SIEDLECKI,PRZESMYKI - OBSZAR WIEJSKI
1,0,2,2019,Dobre warunki atmosferyczne,Najechanie na drzewo,Dobre warunki atmosferyczne,Światło dzienne,Jezdnia,EWK-107690201X,15,2019-02-08,Lekko,21*34'221,51*16'216,79,Obszar niezabudowany,Odcinek prosty,Droga krajowa,Jednojezdniowa dwukierunkowa,N,POWIAT LIPSKI,CIEPIELÓW - OBSZAR WIEJSKI
1,0,0,2019,Dobre warunki atmosferyczne,Najechanie na drzewo,Dobre warunki atmosferyczne,Światło dzienne,Jezdnia,EWK-107690201X,15,2019-02-08,Nieokreślone (puste pole),21*34'221,51*16'216,79,Obszar niezabudowany,Odcinek prosty,Droga krajowa,Jednojezdniowa dwukierunkowa,N,POWIAT LIPSKI,CIEPIELÓW - OBSZAR WIEJSKI
1,1,0,2019,Dobre warunki atmosferyczne,Najechanie na drzewo,Dobre warunki atmosferyczne,Światło dzienne,Jezdnia,EWK-107738866W,15,2019-03-04,Nieokreślone (puste pole),20*34'530,52*43'407,G120649W,Obszar niezabudowany,"Zakręt, łuk",Droga gminna,Jednojezdniowa dwukierunkowa,N,POWIAT CIECHANOWSKI,OJRZEŃ - OBSZAR WIEJSKI
1,0,1,2019,Dobre warunki atmosferyczne,Najechanie na drzewo,Dobre warunki atmosferyczne,Światło dzienne,Jezdnia,EWK-107758891L,15,2019-03-13,Lekko,21*00'057,51*48'289,G160613W,Obszar zabudowany,"Zakręt, łuk",Droga gminna,Jednojezdniowa dwukierunkowa,N,POWIAT GRÓJECKI,JASIENIEC - OBSZAR WIEJSKI
1,0,0,2019,Dobre warunki atmosferyczne,Najechanie na drzewo,Dobre warunki atmosferyczne,Światło dzienne,Jezdnia,EWK-107758891L,15,2019-03-13,Nieokreślone (puste pole),21*00'057,51*48'289,G160613W,Obszar zabudowany,"Zakręt, łuk",Droga gminna,Jednojezdniowa dwukierunkowa,N,POWIAT GRÓJECKI,JASIENIEC - OBSZAR WIEJSKI
1,1,0,2019,Dobre warunki atmosferyczne,Najechanie na drzewo,Dobre warunki atmosferyczne,Światło dzienne,Jezdnia,EWK-107796968W,15,2019-03-28,Nieokreślone (puste pole),19*48'219,53*07'537,GMINNA,Obszar niezabudowany,Odcinek prosty,Droga gminna,Jednojezdniowa dwukierunkowa,N,POWIAT ŻUROMIŃSKI,LUBOWIDZ - OBSZAR WIEJSKI
1,0,1,2019,Dobre warunki atmosferyczne,Najechanie na drzewo,Dobre warunki atmosferyczne,Światło dzienne,Jezdnia,EWK-107799901Q,7,2019-03-30,Lekko,20*29'546,52*56'065,615,Obszar niezabudowany,Odcinek prosty,Droga wojewódzka,Jednojezdniowa dwukierunkowa,N,POWIAT CIECHANOWSKI,REGIMIN - OBSZAR WIEJSKI
1,0,2,2019,Dobre warunki atmosferyczne,Najechanie na drzewo,Dobre warunki atmosferyczne,Światło dzienne,Jezdnia,EWK-107825835A,11,2019-04-05,Lekko,21*39'176,51*58'374,P1314W,Obszar niezabudowany,"Zakręt, łuk",Droga powiatowa,Jednojezdniowa dwukierunkowa,N,POWIAT GARWOLIŃSKI,PARYSÓW - OBSZAR WIEJSKI
1,0,2,2019,Dobre warunki atmosferyczne,Najechanie na drzewo,Dobre warunki atmosferyczne,Światło dzienne,Jezdnia,EWK-107874394G,14,2019-04-14,Ciężko,19*35'032,52*55'490,GMINNA,Obszar niezabudowany,"Zakręt, łuk",Droga gminna,Jednojezdniowa dwukierunkowa,T,POWIAT SIERPECKI,SZCZUTOWO - OBSZAR WIEJSKI
1,0,1,2019,Dobre warunki atmosferyczne,Najechanie na drzewo,Dobre warunki atmosferyczne,Światło dzienne,Jezdnia,EWK-107879452N,9,2019-04-18,Ciężko,21*32'343,51*20'497,P4512W,Obszar zabudowany,Odcinek prosty,Droga powiatowa,Jednojezdniowa dwukierunkowa,N,POWIAT ZWOLEŃSKI,ZWOLEŃ - OBSZAR WIEJSKI
1,1,0,2019,Dobre warunki atmosferyczne,Najechanie na drzewo,Dobre warunki atmosferyczne,Światło dzienne,Jezdnia,EWK-107905536N,11,2019-05-02,Nieokreślone (puste pole),21*06'494,51*17'155,744,Obszar niezabudowany,Odcinek prosty,Droga wojewódzka,Jednojezdniowa dwukierunkowa,N,POWIAT RADOMSKI,KOWALA - OBSZAR WIEJSKI
1,1,0,2019,Dobre warunki atmosferyczne,Najechanie na drzewo,Dobre warunki atmosferyczne,Światło dzienne,Jezdnia,EWK-107926043R,18,2019-05-14,Nieokreślone (puste pole),21*41'207,52*50'598,60,Obszar niezabudowany,Odcinek prosty,Droga krajowa,Jednojezdniowa dwukierunkowa,N,POWIAT OSTROWSKI,WĄSEWO - OBSZAR WIEJSKI
1,0,2,2019,Dobre warunki atmosferyczne,Najechanie na drzewo,Dobre warunki atmosferyczne,Światło dzienne,Jezdnia,EWK-107990183N,17,2019-06-15,Lekko,21*31'366,52*59'458,2569W,Obszar zabudowany,Odcinek prosty,Droga powiatowa,Jednojezdniowa dwukierunkowa,N,POWIAT OSTROŁĘCKI,RZEKUŃ - OBSZAR WIEJSKI
1,0,1,2019,Dobre warunki atmosferyczne,Najechanie na drzewo,Dobre warunki atmosferyczne,Światło dzienne,Jezdnia,EWK-107992586E,12,2019-06-17,Ciężko,21*12'312,51*05'055,9,Obszar niezabudowany,Odcinek prosty,Droga krajowa,Jednojezdniowa dwukierunkowa,T,POWIAT RADOMSKI,IŁŻA - OBSZAR WIEJSKI
1,0,1,2019,Dobre warunki atmosferyczne,Najechanie na drzewo,Dobre warunki atmosferyczne,Światło dzienne,Jezdnia,EWK-108027561H,16,2019-07-07,Ciężko,21*59'150,52*21'050,P4227W,Obszar zabudowany,Odcinek prosty,Droga powiatowa,Jednojezdniowa dwukierunkowa,N,POWIAT WĘGROWSKI,LIW - OBSZAR WIEJSKI
1,1,0,2019,Dobre warunki atmosferyczne,Najechanie na drzewo,Dobre warunki atmosferyczne,Światło dzienne,Jezdnia,EWK-108047446W,18,2019-07-17,Nieokreślone (puste pole),20*19'024,52*12'053,GMINNA,Obszar niezabudowany,Odcinek prosty,Droga gminna,Jednojezdniowa dwukierunkowa,N,POWIAT SOCHACZEWSKI,SOCHACZEW - OBSZAR WIEJSKI
1,0,1,2019,Dobre warunki atmosferyczne,Najechanie na drzewo,Dobre warunki atmosferyczne,Światło dzienne,Jezdnia,EWK-108053537E,16,2019-07-21,Ciężko,21*12'511,53*07'584,3227W,Obszar niezabudowany,"Zakręt, łuk",Droga powiatowa,Jednojezdniowa dwukierunkowa,T,POWIAT OSTROŁĘCKI,BARANOWO - OBSZAR WIEJSKI
1,0,1,2019,Dobre warunki atmosferyczne,Najechanie na drzewo,Dobre warunki atmosferyczne,Światło dzienne,Jezdnia,EWK-108055236T,18,2019-07-22,Lekko,21*42'045,51*47'303,GMINNA,Obszar zabudowany,"Zakręt, łuk",Droga gminna,Jednojezdniowa dwukierunkowa,N,POWIAT GARWOLIŃSKI,SOBOLEW - OBSZAR WIEJSKI
1,0,1,2019,Dobre warunki atmosferyczne,Najechanie na drzewo,Dobre warunki atmosferyczne,Światło dzienne,Jezdnia,EWK-108066522D,11,2019-07-24,Ciężko,21*59'309,52*22'158,P4227W,Obszar niezabudowany,Odcinek prosty,Droga powiatowa,Jednojezdniowa dwukierunkowa,N,POWIAT WĘGROWSKI,LIW - OBSZAR WIEJSKI
1,0,2,2019,Dobre warunki atmosferyczne,Najechanie na drzewo,Dobre warunki atmosferyczne,Światło dzienne,Jezdnia,EWK-108105793W,19,2019-08-17,Lekko,20*04'213,52*53'335,P4638W,Obszar niezabudowany,"Zakręt, łuk",Droga powiatowa,Jednojezdniowa dwukierunkowa,N,POWIAT ŻUROMIŃSKI,SIEMIĄTKOWO - OBSZAR WIEJSKI
1,1,0,2019,Dobre warunki atmosferyczne,Najechanie na drzewo,Dobre warunki atmosferyczne,Światło dzienne,Jezdnia,EWK-108105793W,19,2019-08-17,Nieokreślone (puste pole),20*04'213,52*53'335,P4638W,Obszar niezabudowany,"Zakręt, łuk",Droga powiatowa,Jednojezdniowa dwukierunkowa,N,POWIAT ŻUROMIŃSKI,SIEMIĄTKOWO - OBSZAR WIEJSKI
1,1,0,2019,Dobre warunki atmosferyczne,Najechanie na drzewo,Dobre warunki atmosferyczne,Światło dzienne,Jezdnia,EWK-108180256D,17,2019-09-24,Nieokreślone (puste pole),20*11'220,52*51'305,P3015W,Obszar niezabudowany,"Zakręt, łuk",Droga powiatowa,Jednojezdniowa dwukierunkowa,T,POWIAT PŁOŃSKI,RACIĄŻ - OBSZAR WIEJSKI
1,0,1,2019,Dobre warunki atmosferyczne,Najechanie na drzewo,Dobre warunki atmosferyczne,Światło dzienne,Jezdnia,EWK-108206143Q,6,2019-10-05,Ciężko,20*07'050,52*16'528,577,Obszar niezabudowany,Odcinek prosty,Droga wojewódzka,Jednojezdniowa dwukierunkowa,N,POWIAT SOCHACZEWSKI,RYBNO - OBSZAR WIEJSKI
1,0,1,2019,Dobre warunki atmosferyczne,Najechanie na drzewo,Dobre warunki atmosferyczne,Światło dzienne,Jezdnia,EWK-108243170N,15,2019-10-19,Ciężko,20*14'288,52*12'522,W628,Obszar zabudowany,"Zakręt, łuk",Droga wojewódzka,Jednojezdniowa dwukierunkowa,N,POWIAT SOCHACZEWSKI,SOCHACZEW - OBSZAR MIEJSKI
1,0,1,2019,Dobre warunki atmosferyczne,Najechanie na drzewo,Dobre warunki atmosferyczne,Światło dzienne,Jezdnia,EWK-108243170N,15,2019-10-19,Lekko,20*14'288,52*12'522,W628,Obszar zabudowany,"Zakręt, łuk",Droga wojewódzka,Jednojezdniowa dwukierunkowa,N,POWIAT SOCHACZEWSKI,SOCHACZEW - OBSZAR MIEJSKI
1,0,1,2019,Dobre warunki atmosferyczne,Najechanie na drzewo,Dobre warunki atmosferyczne,Światło dzienne,Jezdnia,EWK-108254192D,16,2019-10-24,Ciężko,21*25'167,52*40'419,4408W,Obszar niezabudowany,Odcinek prosty,Droga powiatowa,Jednojezdniowa dwukierunkowa,N,POWIAT WYSZKOWSKI,RZĄŚNIK - OBSZAR WIEJSKI
1,0,1,2019,Dobre warunki atmosferyczne,Najechanie na drzewo,Dobre warunki atmosferyczne,Światło dzienne,Jezdnia,EWK-108254192D,16,2019-10-24,Lekko,21*25'167,52*40'419,4408W,Obszar niezabudowany,Odcinek prosty,Droga powiatowa,Jednojezdniowa dwukierunkowa,N,POWIAT WYSZKOWSKI,RZĄŚNIK - OBSZAR WIEJSKI
1,0,2,2019,Dobre warunki atmosferyczne,Najechanie na drzewo,Dobre warunki atmosferyczne,Światło dzienne,Jezdnia,EWK-108284277P,9,2019-11-01,Lekko,21*56'133,52*47'441,P2655W,Obszar niezabudowany,Odcinek prosty,Droga powiatowa,Jednojezdniowa dwukierunkowa,N,POWIAT OSTROWSKI,OSTRÓW MAZOWIECKA - OBSZAR WIEJSKI
1,1,0,2019,Dobre warunki atmosferyczne,Najechanie na drzewo,Dobre warunki atmosferyczne,Światło dzienne,Jezdnia,EWK-108284277P,9,2019-11-01,Nieokreślone (puste pole),21*56'133,52*47'441,P2655W,Obszar niezabudowany,Odcinek prosty,Droga powiatowa,Jednojezdniowa dwukierunkowa,N,POWIAT OSTROWSKI,OSTRÓW MAZOWIECKA - OBSZAR WIEJSKI
1,0,2,2019,Dobre warunki atmosferyczne,Najechanie na drzewo,Dobre warunki atmosferyczne,Światło dzienne,Jezdnia,EWK-108514366P,10,2019-12-25,Lekko,21*04'467,52*44'083,57,Obszar niezabudowany,"Zakręt, łuk",Droga krajowa,Jednojezdniowa dwukierunkowa,N,POWIAT PUŁTUSKI,PUŁTUSK - OBSZAR WIEJSKI
1,0,0,2019,Dobre warunki atmosferyczne,Najechanie na drzewo,Dobre warunki atmosferyczne,Światło dzienne,Jezdnia,EWK-108514366P,10,2019-12-25,Nieokreślone (puste pole),21*04'467,52*44'083,57,Obszar niezabudowany,"Zakręt, łuk",Droga krajowa,Jednojezdniowa dwukierunkowa,N,POWIAT PUŁTUSKI,PUŁTUSK - OBSZAR WIEJSKI
1,0,1,2019,Dobre warunki atmosferyczne,Najechanie na drzewo,Dobre warunki atmosferyczne,Światło dzienne,Jezdnia,EWK-108517972D,14,2019-12-27,Lekko,21*12'312,51*21'515,GMINNA,Obszar zabudowany,"Zakręt, łuk",Droga gminna,Jednojezdniowa dwukierunkowa,N,POWIAT RADOMSKI,SKARYSZEW - OBSZAR WIEJSKI
1,0,1,2019,Dobre warunki atmosferyczne,Najechanie na drzewo,Dobre warunki atmosferyczne,Światło dzienne,Pobocze,EWK-107671946A,8,2019-01-30,Ciężko,19*35'214,52*37'323,559,Obszar niezabudowany,Odcinek prosty,Droga wojewódzka,Jednojezdniowa dwukierunkowa,N,POWIAT PŁOCKI,BRUDZEŃ DUŻY - OBSZAR WIEJSKI
1,1,0,2019,Dobre warunki atmosferyczne,Najechanie na drzewo,Dobre warunki atmosferyczne,Światło dzienne,Pobocze,EWK-107689385C,7,2019-02-10,Nieokreślone (puste pole),20*33'385,51*35'096,728,Obszar niezabudowany,"Zakręt, łuk",Droga wojewódzka,Jednojezdniowa dwukierunkowa,N,POWIAT GRÓJECKI,NOWE MIASTO NAD PILICĄ - OBSZAR WIEJSKI
1,2,0,2019,Dobre warunki atmosferyczne,Najechanie na drzewo,Dobre warunki atmosferyczne,Światło dzienne,Pobocze,EWK-107961412R,7,2019-06-02,Nieokreślone (puste pole),22*04'362,52*34'599,P4217W,Obszar zabudowany,Odcinek prosty,Droga powiatowa,Jednojezdniowa dwukierunkowa,N,POWIAT SOKOŁOWSKI,KOSÓW LACKI - OBSZAR WIEJSKI
1,0,1,2019,Dobre warunki atmosferyczne,Najechanie na drzewo,Dobre warunki atmosferyczne,Światło dzienne,Pobocze,EWK-108006379J,13,2019-06-22,Lekko,19*43'485,52*34'231,60,Obszar zabudowany,Odcinek prosty,Droga krajowa,Jednojezdniowa dwukierunkowa,N,POWIAT PŁOCK,PŁOCK - OBSZAR MIEJSKI
1,0,0,2019,Dobre warunki atmosferyczne,Najechanie na drzewo,Dobre warunki atmosferyczne,Światło dzienne,Pobocze,EWK-108006379J,13,2019-06-22,Nieokreślone (puste pole),19*43'485,52*34'231,60,Obszar zabudowany,Odcinek prosty,Droga krajowa,Jednojezdniowa dwukierunkowa,N,POWIAT PŁOCK,PŁOCK - OBSZAR MIEJSKI
1,0,1,2019,Dobre warunki atmosferyczne,Najechanie na drzewo,Dobre warunki atmosferyczne,Światło dzienne,Pobocze,EWK-108009735E,19,2019-06-06,Lekko,22*14'426,52*20'281,63,Obszar niezabudowany,Odcinek prosty,Droga krajowa,Jednojezdniowa dwukierunkowa,N,POWIAT SOKOŁOWSKI,BIELANY - OBSZAR WIEJSKI
1,0,2,2019,Dobre warunki atmosferyczne,Najechanie na drzewo,Dobre warunki atmosferyczne,Światło dzienne,Pobocze,EWK-108090404R,6,2019-08-11,Ciężko,21*40'256,51*45'082,P1347W,Obszar niezabudowany,Odcinek prosty,Droga powiatowa,Jednojezdniowa dwukierunkowa,N,POWIAT GARWOLIŃSKI,SOBOLEW - OBSZAR WIEJSKI
1,0,2,2019,Dobre warunki atmosferyczne,Najechanie na drzewo,Dobre warunki atmosferyczne,Światło dzienne,Pobocze,EWK-108090404R,6,2019-08-11,Lekko,21*40'256,51*45'082,P1347W,Obszar niezabudowany,Odcinek prosty,Droga powiatowa,Jednojezdniowa dwukierunkowa,N,POWIAT GARWOLIŃSKI,SOBOLEW - OBSZAR WIEJSKI
1,0,3,2019,Dobre warunki atmosferyczne,Najechanie na drzewo,Dobre warunki atmosferyczne,Światło dzienne,Pobocze,EWK-108174136P,16,2019-09-21,Lekko,20*25'557,52*05'307,1517W,Obszar niezabudowany,Odcinek prosty,Droga powiatowa,Jednojezdniowa dwukierunkowa,T,POWIAT ŻYRARDOWSKI,WISKITKI - OBSZAR WIEJSKI
1,0,1,2019,Dobre warunki atmosferyczne,Najechanie na drzewo,Dobre warunki atmosferyczne,Światło dzienne,Pobocze,EWK-108176735M,15,2019-09-23,Lekko,20*09'240,52*31'104,GMINNA,Obszar zabudowany,Odcinek prosty,Droga gminna,Jednojezdniowa dwukierunkowa,N,POWIAT PŁOCKI,BULKOWO - OBSZAR WIEJSKI
1,0,2,2019,Dobre warunki atmosferyczne,Najechanie na drzewo,Dobre warunki atmosferyczne,Światło dzienne,Pobocze,EWK-108306204U,13,2019-11-09,Lekko,21*21'148,51*15'334,P3536W,Obszar niezabudowany,Odcinek prosty,Droga powiatowa,Jednojezdniowa dwukierunkowa,N,POWIAT ZWOLEŃSKI,KAZANÓW - OBSZAR WIEJSKI
1,0,1,2019,Dobre warunki atmosferyczne,Najechanie na drzewo,Dobre warunki atmosferyczne,Światło dzienne,Pobocze,EWK-108330309W,14,2019-11-18,Lekko,21*11'325,52*49'038,GMINNA,Obszar niezabudowany,Odcinek prosty,Droga gminna,Jednojezdniowa dwukierunkowa,N,POWIAT MAKOWSKI,SZELKÓW - OBSZAR WIEJSKI
1,0,1,2019,Dobre warunki atmosferyczne,Najechanie na drzewo,Dobre warunki atmosferyczne,Światło dzienne,Pobocze,EWK-108506804A,12,2019-12-21,Lekko,20*43'357,51*35'327,G110615W,Obszar niezabudowany,Odcinek prosty,Droga gminna,Jednojezdniowa dwukierunkowa,N,POWIAT BIAŁOBRZESKI,WYŚMIERZYCE - OBSZAR WIEJSKI
1,0,3,2019,Dobre warunki atmosferyczne,Najechanie na drzewo,Dobre warunki atmosferyczne,Światło dzienne,Pobocze,EWK-108515528X,1,2019-12-26,Ciężko,21*36'118,52*44'528,4403W,Obszar niezabudowany,"Zakręt, łuk",Droga powiatowa,Jednojezdniowa dwukierunkowa,N,POWIAT WYSZKOWSKI,DŁUGOSIODŁO - OBSZAR WIEJSKI
1,0,1,2019,Dobre warunki atmosferyczne,Najechanie na drzewo,Dobre warunki atmosferyczne,Światło dzienne,Pobocze,EWK-108515528X,1,2019-12-26,Lekko,21*36'118,52*44'528,4403W,Obszar niezabudowany,"Zakręt, łuk",Droga powiatowa,Jednojezdniowa dwukierunkowa,N,POWIAT WYSZKOWSKI,DŁUGOSIODŁO - OBSZAR WIEJSKI
1,0,2,2019,Dobre warunki atmosferyczne,Najechanie na drzewo,Dobre warunki atmosferyczne,Światło dzienne,"Skarpa, rów",EWK-107800185H,9,2019-03-30,Lekko,21*44'502,51*25'012,P4505W,Obszar zabudowany,Odcinek prosty,Droga powiatowa,Jednojezdniowa dwukierunkowa,N,POWIAT ZWOLEŃSKI,POLICZNA - OBSZAR WIEJSKI
1,0,1,2019,Dobre warunki atmosferyczne,Najechanie na drzewo,Dobre warunki atmosferyczne,Światło dzienne,"Skarpa, rów",EWK-107921944K,13,2019-05-12,Lekko,22*00'087,52*23'544,P4224W,Obszar zabudowany,"Zakręt, łuk; Wzniesienie",Droga powiatowa,Jednojezdniowa dwukierunkowa,N,POWIAT WĘGROWSKI,WĘGRÓW - OBSZAR MIEJSKI
1,0,0,2019,Dobre warunki atmosferyczne,Najechanie na drzewo,Dobre warunki atmosferyczne,Światło dzienne,"Skarpa, rów",EWK-107921944K,13,2019-05-12,Nieokreślone (puste pole),22*00'087,52*23'544,P4224W,Obszar zabudowany,"Zakręt, łuk; Wzniesienie",Droga powiatowa,Jednojezdniowa dwukierunkowa,N,POWIAT WĘGROWSKI,WĘGRÓW - OBSZAR MIEJSKI