Liczba wypadków,Liczba zabitych,Liczba rannych,Rok,Warunki atmosferyczne,Rodzaj zdarzenia,Warunki atmosferyczne,Oświetlenie,Charakterystyka miejsca zdarzenia,IDKSIP zdarzenia,Godzina,Dzień,Ranny,GPS x,GPS y,Numer drogi,Obszar,Geometria drogi,Kategoria drogi 1,Rodzaj drogi,Czy w zdarzeniu był sprawca nietrzeźwy,Powiat,Gmina
1,1,0,2019,Dobre warunki atmosferyczne,Najechanie na pieszego,Dobre warunki atmosferyczne,"Świt, zmrok",Jezdnia,EWK-107769551F,5,2019-03-20,Nieokreślone (puste pole),20*53'021,53*01'079,57,Obszar zabudowany,Odcinek prosty,Droga krajowa,Jednojezdniowa dwukierunkowa,T,POWIAT PRZASNYSKI,PRZASNYSZ - OBSZAR MIEJSKI
1,0,1,2019,Dobre warunki atmosferyczne,Najechanie na pieszego,Dobre warunki atmosferyczne,"Świt, zmrok",Jezdnia,EWK-108143924J,20,2019-09-08,Lekko,20*51'541,51*13'487,727,Obszar zabudowany,Odcinek prosty,Droga wojewódzka,Jednojezdniowa dwukierunkowa,T,POWIAT SZYDŁOWIECKI,SZYDŁOWIEC - OBSZAR MIEJSKI
1,0,0,2019,Dobre warunki atmosferyczne,Najechanie na pieszego,Dobre warunki atmosferyczne,"Świt, zmrok",Jezdnia,EWK-108143924J,20,2019-09-08,Nieokreślone (puste pole),20*51'541,51*13'487,727,Obszar zabudowany,Odcinek prosty,Droga wojewódzka,Jednojezdniowa dwukierunkowa,T,POWIAT SZYDŁOWIECKI,SZYDŁOWIEC - OBSZAR MIEJSKI
1,0,1,2019,Dobre warunki atmosferyczne,Najechanie na pieszego,Dobre warunki atmosferyczne,"Świt, zmrok",Jezdnia,EWK-108232974Y,18,2019-10-14,Lekko,21*06'182,51*24'182,G530072W,Obszar zabudowany,,Droga gminna,Jednojezdniowa dwukierunkowa,N,POWIAT RADOM,RADOM - OBSZAR MIEJSKI
1,0,0,2019,Dobre warunki atmosferyczne,Najechanie na pieszego,Dobre warunki atmosferyczne,"Świt, zmrok",Jezdnia,EWK-108232974Y,18,2019-10-14,Nieokreślone (puste pole),21*06'182,51*24'182,G530072W,Obszar zabudowany,,Droga gminna,Jednojezdniowa dwukierunkowa,N,POWIAT RADOM,RADOM - OBSZAR MIEJSKI
1,1,0,2019,Dobre warunki atmosferyczne,Najechanie na pieszego,Dobre warunki atmosferyczne,"Świt, zmrok",Jezdnia,EWK-108330554U,17,2019-11-18,Nieokreślone (puste pole),19*45'585,52*44'234,560,Obszar zabudowany,"Zakręt, łuk",Droga wojewódzka,Jednojezdniowa dwukierunkowa,N,POWIAT SIERPECKI,GOZDOWO - OBSZAR WIEJSKI
1,0,1,2019,Dobre warunki atmosferyczne,Najechanie na pieszego,Dobre warunki atmosferyczne,"Świt, zmrok",Jezdnia,EWK-108519811M,17,2019-12-29,Lekko,21*06'391,53*17'285,3210W,Obszar niezabudowany,Odcinek prosty,Droga powiatowa,Jednojezdniowa dwukierunkowa,N,POWIAT PRZASNYSKI,CHORZELE - OBSZAR WIEJSKI
1,0,0,2019,Dobre warunki atmosferyczne,Najechanie na pieszego,Dobre warunki atmosferyczne,"Świt, zmrok",Jezdnia,EWK-108519811M,17,2019-12-29,Nieokreślone (puste pole),21*06'391,53*17'285,3210W,Obszar niezabudowany,Odcinek prosty,Droga powiatowa,Jednojezdniowa dwukierunkowa,N,POWIAT PRZASNYSKI,CHORZELE - OBSZAR WIEJSKI
1,0,1,2019,Dobre warunki atmosferyczne,Najechanie na pieszego,Dobre warunki atmosferyczne,"Świt, zmrok",Przejście dla pieszych,EWK-107800733P,19,2019-03-30,Ciężko,20*14'358,53*06'599,563,Obszar zabudowany,Odcinek prosty,Droga wojewódzka,Jednojezdniowa dwukierunkowa,N,POWIAT MŁAWSKI,LIPOWIEC KOŚCIELNY - OBSZAR WIEJSKI
1,0,0,2019,Dobre warunki atmosferyczne,Najechanie na pieszego,Dobre warunki atmosferyczne,"Świt, zmrok",Przejście dla pieszych,EWK-107800733P,19,2019-03-30,Nieokreślone (puste pole),20*14'358,53*06'599,563,Obszar zabudowany,Odcinek prosty,Droga wojewódzka,Jednojezdniowa dwukierunkowa,N,POWIAT MŁAWSKI,LIPOWIEC KOŚCIELNY - OBSZAR WIEJSKI
1,0,1,2019,Dobre warunki atmosferyczne,Najechanie na pieszego,Dobre warunki atmosferyczne,"Świt, zmrok",Przejście dla pieszych,EWK-108240975K,4,2019-10-18,Ciężko,21*40'547,52*31'507,50,Obszar zabudowany,"Zakręt, łuk",Droga krajowa,Jednokierunkowa,N,POWIAT WĘGROWSKI,ŁOCHÓW - OBSZAR MIEJSKI
1,0,0,2019,Dobre warunki atmosferyczne,Najechanie na pieszego,Dobre warunki atmosferyczne,"Świt, zmrok",Przejście dla pieszych,EWK-108240975K,4,2019-10-18,Nieokreślone (puste pole),21*40'547,52*31'507,50,Obszar zabudowany,"Zakręt, łuk",Droga krajowa,Jednokierunkowa,N,POWIAT WĘGROWSKI,ŁOCHÓW - OBSZAR MIEJSKI
1,0,1,2019,Dobre warunki atmosferyczne,Najechanie na pieszego,Dobre warunki atmosferyczne,"Świt, zmrok",Przejście dla pieszych,EWK-108279423W,17,2019-10-31,Lekko,20*22'206,52*37'304,G301435W,Obszar zabudowany,,Droga gminna,Jednojezdniowa dwukierunkowa,N,POWIAT PŁOŃSKI,PŁOŃSK - OBSZAR MIEJSKI
1,0,0,2019,Dobre warunki atmosferyczne,Najechanie na pieszego,Dobre warunki atmosferyczne,"Świt, zmrok",Przejście dla pieszych,EWK-108279423W,17,2019-10-31,Nieokreślone (puste pole),20*22'206,52*37'304,G301435W,Obszar zabudowany,,Droga gminna,Jednojezdniowa dwukierunkowa,N,POWIAT PŁOŃSKI,PŁOŃSK - OBSZAR MIEJSKI
1,0,1,2019,Dobre warunki atmosferyczne,Najechanie na pieszego,Dobre warunki atmosferyczne,"Świt, zmrok",Przejście dla pieszych,EWK-108369805M,17,2019-11-19,Ciężko,21*09'099,51*25'076,P5339W,Obszar zabudowany,,Droga powiatowa,Dwie jezdnie jednokierunkowe,N,POWIAT RADOM,RADOM - OBSZAR MIEJSKI
1,0,0,2019,Dobre warunki atmosferyczne,Najechanie na pieszego,Dobre warunki atmosferyczne,"Świt, zmrok",Przejście dla pieszych,EWK-108369805M,17,2019-11-19,Nieokreślone (puste pole),21*09'099,51*25'076,P5339W,Obszar zabudowany,,Droga powiatowa,Dwie jezdnie jednokierunkowe,N,POWIAT RADOM,RADOM - OBSZAR MIEJSKI
1,0,1,2019,Dobre warunki atmosferyczne,Najechanie na pieszego,Dobre warunki atmosferyczne,"Świt, zmrok",Przejście dla pieszych,EWK-108419576T,5,2019-12-06,Lekko,21*35'150,51*21'130,79,Obszar zabudowany,,Droga krajowa,Jednojezdniowa dwukierunkowa,N,POWIAT ZWOLEŃSKI,ZWOLEŃ - OBSZAR MIEJSKI
1,0,0,2019,Dobre warunki atmosferyczne,Najechanie na pieszego,Dobre warunki atmosferyczne,"Świt, zmrok",Przejście dla pieszych,EWK-108419576T,5,2019-12-06,Nieokreślone (puste pole),21*35'150,51*21'130,79,Obszar zabudowany,,Droga krajowa,Jednojezdniowa dwukierunkowa,N,POWIAT ZWOLEŃSKI,ZWOLEŃ - OBSZAR MIEJSKI
1,0,1,2019,Dobre warunki atmosferyczne,Najechanie na pojazd unieruchomiony,Dobre warunki atmosferyczne,Noc - droga nieoświetlona,Jezdnia,EWK-107954115G,21,2019-05-29,Lekko,20*38'325,52*57'388,616,Obszar niezabudowany,Odcinek prosty,Droga wojewódzka,Jednojezdniowa dwukierunkowa,N,POWIAT CIECHANOWSKI,REGIMIN - OBSZAR WIEJSKI
1,0,0,2019,Dobre warunki atmosferyczne,Najechanie na pojazd unieruchomiony,Dobre warunki atmosferyczne,Noc - droga nieoświetlona,Jezdnia,EWK-107954115G,21,2019-05-29,Nieokreślone (puste pole),20*38'325,52*57'388,616,Obszar niezabudowany,Odcinek prosty,Droga wojewódzka,Jednojezdniowa dwukierunkowa,N,POWIAT CIECHANOWSKI,REGIMIN - OBSZAR WIEJSKI
1,0,1,2019,Dobre warunki atmosferyczne,Najechanie na pojazd unieruchomiony,Dobre warunki atmosferyczne,Noc - droga nieoświetlona,Pobocze,EWK-108236645E,4,2019-10-17,Lekko,20*52'073,51*12'579,S7N,Obszar niezabudowany,Odcinek prosty,Droga krajowa,Ekspresowa,N,POWIAT SZYDŁOWIECKI,SZYDŁOWIEC - OBSZAR WIEJSKI
1,0,0,2019,Dobre warunki atmosferyczne,Najechanie na pojazd unieruchomiony,Dobre warunki atmosferyczne,Noc - droga nieoświetlona,Pobocze,EWK-108236645E,4,2019-10-17,Nieokreślone (puste pole),20*52'073,51*12'579,S7N,Obszar niezabudowany,Odcinek prosty,Droga krajowa,Ekspresowa,N,POWIAT SZYDŁOWIECKI,SZYDŁOWIEC - OBSZAR WIEJSKI
1,0,1,2019,Dobre warunki atmosferyczne,Najechanie na pojazd unieruchomiony,Dobre warunki atmosferyczne,Noc - droga oświetlona,Jezdnia,EWK-108223219M,3,2019-10-11,Lekko,20*20'516,53*03'492,7,Obszar zabudowany,Odcinek prosty,Droga krajowa,Jednojezdniowa dwukierunkowa,N,POWIAT MŁAWSKI,WIŚNIEWO - OBSZAR WIEJSKI
1,1,0,2019,Dobre warunki atmosferyczne,Najechanie na pojazd unieruchomiony,Dobre warunki atmosferyczne,Noc - droga oświetlona,Jezdnia,EWK-108223219M,3,2019-10-11,Nieokreślone (puste pole),20*20'516,53*03'492,7,Obszar zabudowany,Odcinek prosty,Droga krajowa,Jednojezdniowa dwukierunkowa,N,POWIAT MŁAWSKI,WIŚNIEWO - OBSZAR WIEJSKI
1,0,1,2019,Dobre warunki atmosferyczne,Najechanie na pojazd unieruchomiony,Dobre warunki atmosferyczne,Światło dzienne,Jezdnia,EWK-107889507R,12,2019-04-23,Lekko,21*33'094,51*34'344,G170814W,Obszar zabudowany,Odcinek prosty,Droga gminna,Jednojezdniowa dwukierunkowa,N,POWIAT KOZIENICKI,KOZIENICE - OBSZAR MIEJSKI
1,0,1,2019,Dobre warunki atmosferyczne,Najechanie na pojazd unieruchomiony,Dobre warunki atmosferyczne,Światło dzienne,Jezdnia,EWK-107937168C,8,2019-05-20,Lekko,19*59'303,52*38'066,GMINNA,Obszar zabudowany,Odcinek prosty,Droga gminna,Jednokierunkowa,N,POWIAT PŁOCKI,STAROŹREBY - OBSZAR WIEJSKI
1,0,0,2019,Dobre warunki atmosferyczne,Najechanie na pojazd unieruchomiony,Dobre warunki atmosferyczne,Światło dzienne,Jezdnia,EWK-107937168C,8,2019-05-20,Nieokreślone (puste pole),19*59'303,52*38'066,GMINNA,Obszar zabudowany,Odcinek prosty,Droga gminna,Jednokierunkowa,N,POWIAT PŁOCKI,STAROŹREBY - OBSZAR WIEJSKI
1,0,1,2019,Dobre warunki atmosferyczne,Najechanie na pojazd unieruchomiony,Dobre warunki atmosferyczne,Światło dzienne,Jezdnia,EWK-107977636G,17,2019-06-10,Lekko,22*44'370,52*13'391,19,Obszar niezabudowany,,Droga krajowa,Jednojezdniowa dwukierunkowa,N,POWIAT ŁOSICKI,ŁOSICE - OBSZAR WIEJSKI
1,0,0,2019,Dobre warunki atmosferyczne,Najechanie na pojazd unieruchomiony,Dobre warunki atmosferyczne,Światło dzienne,Jezdnia,EWK-107977636G,17,2019-06-10,Nieokreślone (puste pole),22*44'370,52*13'391,19,Obszar niezabudowany,,Droga krajowa,Jednojezdniowa dwukierunkowa,N,POWIAT ŁOSICKI,ŁOSICE - OBSZAR WIEJSKI
1,0,1,2019,Dobre warunki atmosferyczne,Najechanie na pojazd unieruchomiony,Dobre warunki atmosferyczne,Światło dzienne,Jezdnia,EWK-108014162U,9,2019-06-29,Lekko,21*40'199,51*54'236,P1330W,Obszar zabudowany,Odcinek prosty,Droga powiatowa,Jednojezdniowa dwukierunkowa,T,POWIAT GARWOLIŃSKI,GARWOLIN - OBSZAR WIEJSKI
1,0,0,2019,Dobre warunki atmosferyczne,Najechanie na pojazd unieruchomiony,Dobre warunki atmosferyczne,Światło dzienne,Jezdnia,EWK-108014162U,9,2019-06-29,Nieokreślone (puste pole),21*40'199,51*54'236,P1330W,Obszar zabudowany,Odcinek prosty,Droga powiatowa,Jednojezdniowa dwukierunkowa,T,POWIAT GARWOLIŃSKI,GARWOLIN - OBSZAR WIEJSKI
1,0,2,2019,Dobre warunki atmosferyczne,Najechanie na pojazd unieruchomiony,Dobre warunki atmosferyczne,Światło dzienne,Jezdnia,EWK-108021922C,15,2019-06-23,Lekko,21*04'479,51*30'130,S7N,Obszar zabudowany,Odcinek prosty,Droga krajowa,Ekspresowa,N,POWIAT RADOMSKI,JEDLIŃSK - OBSZAR WIEJSKI
1,0,0,2019,Dobre warunki atmosferyczne,Najechanie na pojazd unieruchomiony,Dobre warunki atmosferyczne,Światło dzienne,Jezdnia,EWK-108021922C,15,2019-06-23,Nieokreślone (puste pole),21*04'479,51*30'130,S7N,Obszar zabudowany,Odcinek prosty,Droga krajowa,Ekspresowa,N,POWIAT RADOMSKI,JEDLIŃSK - OBSZAR WIEJSKI
1,0,1,2019,Dobre warunki atmosferyczne,Najechanie na pojazd unieruchomiony,Dobre warunki atmosferyczne,Światło dzienne,Jezdnia,EWK-108233605H,13,2019-10-15,Lekko,20*53'010,53*01'299,G320770W,Obszar zabudowany,,Droga gminna,Jednojezdniowa dwukierunkowa,T,POWIAT PRZASNYSKI,PRZASNYSZ - OBSZAR MIEJSKI
1,0,1,2019,Dobre warunki atmosferyczne,Najechanie na pojazd unieruchomiony,Dobre warunki atmosferyczne,Światło dzienne,Jezdnia,EWK-108331937X,7,2019-11-19,Lekko,21*01'393,51*27'147,P3507W,Obszar zabudowany,Odcinek prosty,Droga powiatowa,Jednojezdniowa dwukierunkowa,N,POWIAT RADOMSKI,ZAKRZEW - OBSZAR WIEJSKI
1,0,0,2019,Dobre warunki atmosferyczne,Najechanie na pojazd unieruchomiony,Dobre warunki atmosferyczne,Światło dzienne,Jezdnia,EWK-108331937X,7,2019-11-19,Nieokreślone (puste pole),21*01'393,51*27'147,P3507W,Obszar zabudowany,Odcinek prosty,Droga powiatowa,Jednojezdniowa dwukierunkowa,N,POWIAT RADOMSKI,ZAKRZEW - OBSZAR WIEJSKI
1,0,2,2019,Dobre warunki atmosferyczne,"Najechanie na słup, znak",Dobre warunki atmosferyczne,Noc - droga oświetlona,Jezdnia,EWK-108236617Y,21,2019-10-16,Ciężko,21*21'398,51*28'576,737,Obszar zabudowany,"Zakręt, łuk",Droga wojewódzka,Jednojezdniowa dwukierunkowa,N,POWIAT RADOMSKI,PIONKI - OBSZAR WIEJSKI
1,0,1,2019,Dobre warunki atmosferyczne,"Najechanie na słup, znak",Dobre warunki atmosferyczne,Światło dzienne,"Chodnik, droga dla pieszych",EWK-108038901Y,20,2019-07-12,Lekko,21*32'567,51*35'032,48,Obszar zabudowany,,Droga krajowa,Jednojezdniowa dwukierunkowa,T,POWIAT KOZIENICKI,KOZIENICE - OBSZAR MIEJSKI
1,0,1,2019,Dobre warunki atmosferyczne,"Najechanie na słup, znak",Dobre warunki atmosferyczne,Światło dzienne,"Droga, pas ruchu, śluza dla rowerów",EWK-107652420E,12,2019-01-19,Ciężko,21*25'527,52*35'195,62,Obszar zabudowany,Odcinek prosty,Droga krajowa,Jednojezdniowa dwukierunkowa,N,POWIAT WYSZKOWSKI,WYSZKÓW - OBSZAR MIEJSKI
1,0,1,2019,Dobre warunki atmosferyczne,"Najechanie na słup, znak",Dobre warunki atmosferyczne,Światło dzienne,Jezdnia,EWK-107884604D,19,2019-04-19,Ciężko,21*31'319,51*35'228,G170830W,Obszar zabudowany,"Zakręt, łuk",Droga gminna,Jednojezdniowa dwukierunkowa,N,POWIAT KOZIENICKI,KOZIENICE - OBSZAR MIEJSKI
1,1,0,2019,Dobre warunki atmosferyczne,"Najechanie na słup, znak",Dobre warunki atmosferyczne,Światło dzienne,Jezdnia,EWK-107912136Y,17,2019-04-30,Nieokreślone (puste pole),20*46'593,51*18'392,P3342W,Obszar zabudowany,,Droga powiatowa,Jednojezdniowa dwukierunkowa,N,POWIAT SZYDŁOWIECKI,CHLEWISKA - OBSZAR WIEJSKI
1,0,3,2019,Dobre warunki atmosferyczne,"Najechanie na słup, znak",Dobre warunki atmosferyczne,Światło dzienne,Jezdnia,EWK-107931428M,16,2019-05-17,Lekko,21*38'590,51*56'395,805,Obszar niezabudowany,Odcinek prosty,Droga wojewódzka,Jednojezdniowa dwukierunkowa,N,POWIAT GARWOLIŃSKI,PARYSÓW - OBSZAR WIEJSKI
1,0,1,2019,Dobre warunki atmosferyczne,"Najechanie na słup, znak",Dobre warunki atmosferyczne,Światło dzienne,Jezdnia,EWK-107975687C,13,2019-06-09,Ciężko,21*11'582,53*10'293,2579W,Obszar niezabudowany,Odcinek prosty,Droga powiatowa,Jednojezdniowa dwukierunkowa,N,POWIAT OSTROŁĘCKI,BARANOWO - OBSZAR WIEJSKI
1,0,2,2019,Dobre warunki atmosferyczne,"Najechanie na słup, znak",Dobre warunki atmosferyczne,Światło dzienne,Jezdnia,EWK-107975687C,13,2019-06-09,Lekko,21*11'582,53*10'293,2579W,Obszar niezabudowany,Odcinek prosty,Droga powiatowa,Jednojezdniowa dwukierunkowa,N,POWIAT OSTROŁĘCKI,BARANOWO - OBSZAR WIEJSKI
1,0,0,2019,Dobre warunki atmosferyczne,"Najechanie na słup, znak",Dobre warunki atmosferyczne,Światło dzienne,Jezdnia,EWK-107975687C,13,2019-06-09,Nieokreślone (puste pole),21*11'582,53*10'293,2579W,Obszar niezabudowany,Odcinek prosty,Droga powiatowa,Jednojezdniowa dwukierunkowa,N,POWIAT OSTROŁĘCKI,BARANOWO - OBSZAR WIEJSKI
1,0,1,2019,Dobre warunki atmosferyczne,"Najechanie na słup, znak",Dobre warunki atmosferyczne,Światło dzienne,Jezdnia,EWK-107979145A,17,2019-06-10,Ciężko,20*58'197,51*38'576,S7a,Obszar niezabudowany,Odcinek prosty,Droga krajowa,Ekspresowa,N,POWIAT BIAŁOBRZESKI,BIAŁOBRZEGI - OBSZAR MIEJSKI
1,0,2,2019,Dobre warunki atmosferyczne,"Najechanie na słup, znak",Dobre warunki atmosferyczne,Światło dzienne,Jezdnia,EWK-107979145A,17,2019-06-10,Lekko,20*58'197,51*38'576,S7a,Obszar niezabudowany,Odcinek prosty,Droga krajowa,Ekspresowa,N,POWIAT BIAŁOBRZESKI,BIAŁOBRZEGI - OBSZAR MIEJSKI
1,0,0,2019,Dobre warunki atmosferyczne,"Najechanie na słup, znak",Dobre warunki atmosferyczne,Światło dzienne,Jezdnia,EWK-107979145A,17,2019-06-10,Nieokreślone (puste pole),20*58'197,51*38'576,S7a,Obszar niezabudowany,Odcinek prosty,Droga krajowa,Ekspresowa,N,POWIAT BIAŁOBRZESKI,BIAŁOBRZEGI - OBSZAR MIEJSKI
1,0,1,2019,Dobre warunki atmosferyczne,"Najechanie na słup, znak",Dobre warunki atmosferyczne,Światło dzienne,Jezdnia,EWK-107985940U,14,2019-06-13,Lekko,21*49'181,51*31'305,823,Obszar niezabudowany,Odcinek prosty,Droga wojewódzka,Jednojezdniowa dwukierunkowa,N,POWIAT KOZIENICKI,GNIEWOSZÓW - OBSZAR WIEJSKI
1,1,0,2019,Dobre warunki atmosferyczne,"Najechanie na słup, znak",Dobre warunki atmosferyczne,Światło dzienne,Jezdnia,EWK-108027252T,17,2019-07-06,Nieokreślone (puste pole),20*50'240,51*32'383,P1112W,Obszar zabudowany,"Zakręt, łuk",Droga powiatowa,Jednojezdniowa dwukierunkowa,N,POWIAT BIAŁOBRZESKI,RADZANÓW - OBSZAR WIEJSKI
1,0,1,2019,Dobre warunki atmosferyczne,"Najechanie na słup, znak",Dobre warunki atmosferyczne,Światło dzienne,Jezdnia,EWK-108028730G,18,2019-07-07,Ciężko,21*46'292,51*20'584,P4527W,Obszar zabudowany,Odcinek prosty,Droga powiatowa,Jednojezdniowa dwukierunkowa,T,POWIAT ZWOLEŃSKI,PRZYŁĘK - OBSZAR WIEJSKI
1,0,1,2019,Dobre warunki atmosferyczne,"Najechanie na słup, znak",Dobre warunki atmosferyczne,Światło dzienne,Jezdnia,EWK-108028730G,18,2019-07-07,Lekko,21*46'292,51*20'584,P4527W,Obszar zabudowany,Odcinek prosty,Droga powiatowa,Jednojezdniowa dwukierunkowa,T,POWIAT ZWOLEŃSKI,PRZYŁĘK - OBSZAR WIEJSKI
1,0,1,2019,Dobre warunki atmosferyczne,"Najechanie na słup, znak",Dobre warunki atmosferyczne,Światło dzienne,Jezdnia,EWK-108091426E,6,2019-08-11,Ciężko,19*57'181,53*02'293,P4627W,Obszar zabudowany,Odcinek prosty,Droga powiatowa,Jednojezdniowa dwukierunkowa,N,POWIAT ŻUROMIŃSKI,ŻUROMIN - OBSZAR WIEJSKI
1,0,1,2019,Dobre warunki atmosferyczne,"Najechanie na słup, znak",Dobre warunki atmosferyczne,Światło dzienne,Jezdnia,EWK-108114375E,15,2019-08-22,Lekko,21*12'357,51*52'419,P1675W,Obszar zabudowany,Odcinek prosty,Droga powiatowa,Jednojezdniowa dwukierunkowa,N,POWIAT GRÓJECKI,WARKA - OBSZAR WIEJSKI
1,0,0,2019,Dobre warunki atmosferyczne,"Najechanie na słup, znak",Dobre warunki atmosferyczne,Światło dzienne,Jezdnia,EWK-108114375E,15,2019-08-22,Nieokreślone (puste pole),21*12'357,51*52'419,P1675W,Obszar zabudowany,Odcinek prosty,Droga powiatowa,Jednojezdniowa dwukierunkowa,N,POWIAT GRÓJECKI,WARKA - OBSZAR WIEJSKI
1,0,1,2019,Dobre warunki atmosferyczne,"Najechanie na słup, znak",Dobre warunki atmosferyczne,Światło dzienne,Jezdnia,EWK-108186198T,9,2019-09-27,Lekko,21*37'521,51*05'347,79,Obszar zabudowany,"Zakręt, łuk",Droga krajowa,Jednojezdniowa dwukierunkowa,T,POWIAT LIPSKI,LIPSKO - OBSZAR WIEJSKI
1,0,1,2019,Dobre warunki atmosferyczne,"Najechanie na słup, znak",Dobre warunki atmosferyczne,Światło dzienne,Jezdnia,EWK-108279183Y,15,2019-10-31,Lekko,21*01'272,53*03'339,3227W,Obszar niezabudowany,"Zakręt, łuk",Droga powiatowa,Jednojezdniowa dwukierunkowa,T,POWIAT PRZASNYSKI,PRZASNYSZ - OBSZAR WIEJSKI
1,0,0,2019,Dobre warunki atmosferyczne,"Najechanie na słup, znak",Dobre warunki atmosferyczne,Światło dzienne,Jezdnia,EWK-108279183Y,15,2019-10-31,Nieokreślone (puste pole),21*01'272,53*03'339,3227W,Obszar niezabudowany,"Zakręt, łuk",Droga powiatowa,Jednojezdniowa dwukierunkowa,T,POWIAT PRZASNYSKI,PRZASNYSZ - OBSZAR WIEJSKI
1,0,1,2019,Dobre warunki atmosferyczne,"Najechanie na słup, znak",Dobre warunki atmosferyczne,Światło dzienne,Pobocze,EWK-107974903H,19,2019-06-08,Ciężko,21*17'477,51*35'236,GMINNA,Obszar zabudowany,"Zakręt, łuk",Droga gminna,Jednojezdniowa dwukierunkowa,T,POWIAT KOZIENICKI,GŁOWACZÓW - OBSZAR WIEJSKI
1,0,2,2019,Dobre warunki atmosferyczne,"Najechanie na słup, znak",Dobre warunki atmosferyczne,Światło dzienne,Pobocze,EWK-108013316E,5,2019-06-29,Lekko,20*26'293,52*02'492,719,Obszar zabudowany,,Droga wojewódzka,Jednojezdniowa dwukierunkowa,T,POWIAT ŻYRARDOWSKI,ŻYRARDÓW - OBSZAR MIEJSKI
1,0,1,2019,Dobre warunki atmosferyczne,"Najechanie na słup, znak",Dobre warunki atmosferyczne,Światło dzienne,Pobocze,EWK-108027953Y,13,2019-07-05,Ciężko,21*36'150,53*21'046,645,Obszar niezabudowany,"Zakręt, łuk",Droga wojewódzka,Jednojezdniowa dwukierunkowa,N,POWIAT OSTROŁĘCKI,ŁYSE - OBSZAR WIEJSKI
1,0,1,2019,Dobre warunki atmosferyczne,"Najechanie na słup, znak",Dobre warunki atmosferyczne,Światło dzienne,Pobocze,EWK-108027953Y,13,2019-07-05,Lekko,21*36'150,53*21'046,645,Obszar niezabudowany,"Zakręt, łuk",Droga wojewódzka,Jednojezdniowa dwukierunkowa,N,POWIAT OSTROŁĘCKI,ŁYSE - OBSZAR WIEJSKI
1,0,0,2019,Dobre warunki atmosferyczne,"Najechanie na słup, znak",Dobre warunki atmosferyczne,Światło dzienne,Pobocze,EWK-108027953Y,13,2019-07-05,Nieokreślone (puste pole),21*36'150,53*21'046,645,Obszar niezabudowany,"Zakręt, łuk",Droga wojewódzka,Jednojezdniowa dwukierunkowa,N,POWIAT OSTROŁĘCKI,ŁYSE - OBSZAR WIEJSKI
1,0,1,2019,Dobre warunki atmosferyczne,"Najechanie na słup, znak",Dobre warunki atmosferyczne,Światło dzienne,Pobocze,EWK-108037671E,16,2019-07-11,Ciężko,20*36'186,52*52'024,P1241W,Obszar zabudowany,"Zakręt, łuk",Droga powiatowa,Jednojezdniowa dwukierunkowa,N,POWIAT CIECHANOWSKI,CIECHANÓW - OBSZAR MIEJSKI
1,0,1,2019,Dobre warunki atmosferyczne,"Najechanie na słup, znak",Dobre warunki atmosferyczne,Światło dzienne,Pobocze,EWK-108118497L,14,2019-08-25,Ciężko,19*38'022,52*28'513,60,Obszar niezabudowany,"Zakręt, łuk",Droga krajowa,Jednojezdniowa dwukierunkowa,N,POWIAT PŁOCKI,ŁĄCK - OBSZAR WIEJSKI
1,0,0,2019,Dobre warunki atmosferyczne,"Najechanie na słup, znak",Dobre warunki atmosferyczne,Światło dzienne,Pobocze,EWK-108118497L,14,2019-08-25,Nieokreślone (puste pole),19*38'022,52*28'513,60,Obszar niezabudowany,"Zakręt, łuk",Droga krajowa,Jednojezdniowa dwukierunkowa,N,POWIAT PŁOCKI,ŁĄCK - OBSZAR WIEJSKI
1,0,1,2019,Dobre warunki atmosferyczne,"Najechanie na słup, znak",Dobre warunki atmosferyczne,Światło dzienne,"Skarpa, rów",EWK-107958760H,17,2019-06-01,Lekko,21*35'242,51*51'071,P1325W,Obszar zabudowany,Odcinek prosty,Droga powiatowa,Jednojezdniowa dwukierunkowa,T,POWIAT GARWOLIŃSKI,GARWOLIN - OBSZAR WIEJSKI
1,0,1,2019,Dobre warunki atmosferyczne,"Najechanie na słup, znak",Dobre warunki atmosferyczne,"Świt, zmrok",Jezdnia,EWK-107907368M,5,2019-05-04,Lekko,21*26'022,51*09'265,P3536W,Obszar zabudowany,Odcinek prosty,Droga powiatowa,Jednojezdniowa dwukierunkowa,N,POWIAT LIPSKI,RZECZNIÓW - OBSZAR WIEJSKI
1,0,0,2019,Dobre warunki atmosferyczne,"Najechanie na słup, znak",Dobre warunki atmosferyczne,"Świt, zmrok",Jezdnia,EWK-107907368M,5,2019-05-04,Nieokreślone (puste pole),21*26'022,51*09'265,P3536W,Obszar zabudowany,Odcinek prosty,Droga powiatowa,Jednojezdniowa dwukierunkowa,N,POWIAT LIPSKI,RZECZNIÓW - OBSZAR WIEJSKI