Liczba wypadków,Liczba zabitych,Liczba rannych,Rok,Warunki atmosferyczne,Rodzaj zdarzenia,Warunki atmosferyczne,Oświetlenie,Charakterystyka miejsca zdarzenia,IDKSIP zdarzenia,Godzina,Dzień,Ranny,GPS x,GPS y,Numer drogi,Obszar,Geometria drogi,Kategoria drogi 1,Rodzaj drogi,Czy w zdarzeniu był sprawca nietrzeźwy,Powiat,Gmina
1,0,1,2019,Dobre warunki atmosferyczne,Zderzenie pojazdów boczne,Dobre warunki atmosferyczne,Światło dzienne,Jezdnia,EWK-108490084R,13,2019-12-15,Lekko,20*20'414,52*34'089,50,Obszar zabudowany,,Droga krajowa,Jednojezdniowa dwukierunkowa,N,POWIAT PŁOŃSKI,NARUSZEWO - OBSZAR WIEJSKI
1,0,0,2019,Dobre warunki atmosferyczne,Zderzenie pojazdów boczne,Dobre warunki atmosferyczne,Światło dzienne,Jezdnia,EWK-108490084R,13,2019-12-15,Nieokreślone (puste pole),20*20'414,52*34'089,50,Obszar zabudowany,,Droga krajowa,Jednojezdniowa dwukierunkowa,N,POWIAT PŁOŃSKI,NARUSZEWO - OBSZAR WIEJSKI
1,0,4,2019,Dobre warunki atmosferyczne,Zderzenie pojazdów boczne,Dobre warunki atmosferyczne,Światło dzienne,Jezdnia,EWK-108494068D,7,2019-12-17,Lekko,21*09'545,51*19'456,GMINNA,Obszar zabudowany,,Droga gminna,Jednojezdniowa dwukierunkowa,N,POWIAT RADOMSKI,KOWALA - OBSZAR WIEJSKI
1,0,1,2019,Dobre warunki atmosferyczne,Zderzenie pojazdów boczne,Dobre warunki atmosferyczne,Światło dzienne,Jezdnia,EWK-108504559R,13,2019-12-20,Lekko,22*17'453,52*09'581,698,Obszar zabudowany,Odcinek prosty,Droga wojewódzka,Jednojezdniowa dwukierunkowa,N,POWIAT SIEDLCE,SIEDLCE - OBSZAR MIEJSKI
1,0,0,2019,Dobre warunki atmosferyczne,Zderzenie pojazdów boczne,Dobre warunki atmosferyczne,Światło dzienne,Jezdnia,EWK-108504559R,13,2019-12-20,Nieokreślone (puste pole),22*17'453,52*09'581,698,Obszar zabudowany,Odcinek prosty,Droga wojewódzka,Jednojezdniowa dwukierunkowa,N,POWIAT SIEDLCE,SIEDLCE - OBSZAR MIEJSKI
1,0,1,2019,Dobre warunki atmosferyczne,Zderzenie pojazdów boczne,Dobre warunki atmosferyczne,Światło dzienne,"Parking, plac, MOP",EWK-108305461X,8,2019-11-09,Lekko,21*32'345,51*35'267,I2,Obszar zabudowany,Odcinek prosty,Inna,Jednojezdniowa dwukierunkowa,N,POWIAT KOZIENICKI,KOZIENICE - OBSZAR MIEJSKI
1,0,0,2019,Dobre warunki atmosferyczne,Zderzenie pojazdów boczne,Dobre warunki atmosferyczne,Światło dzienne,"Parking, plac, MOP",EWK-108305461X,8,2019-11-09,Nieokreślone (puste pole),21*32'345,51*35'267,I2,Obszar zabudowany,Odcinek prosty,Inna,Jednojezdniowa dwukierunkowa,N,POWIAT KOZIENICKI,KOZIENICE - OBSZAR MIEJSKI
1,0,1,2019,Dobre warunki atmosferyczne,Zderzenie pojazdów boczne,Dobre warunki atmosferyczne,Światło dzienne,Pas dzielący jezdnie,EWK-108117798M,15,2019-08-24,Ciężko,21*11'084,51*07'101,P3553W,Obszar zabudowany,Odcinek prosty,Droga powiatowa,Jednojezdniowa dwukierunkowa,N,POWIAT RADOMSKI,IŁŻA - OBSZAR WIEJSKI
1,0,0,2019,Dobre warunki atmosferyczne,Zderzenie pojazdów boczne,Dobre warunki atmosferyczne,Światło dzienne,Pas dzielący jezdnie,EWK-108117798M,15,2019-08-24,Nieokreślone (puste pole),21*11'084,51*07'101,P3553W,Obszar zabudowany,Odcinek prosty,Droga powiatowa,Jednojezdniowa dwukierunkowa,N,POWIAT RADOMSKI,IŁŻA - OBSZAR WIEJSKI
1,0,1,2019,Dobre warunki atmosferyczne,Zderzenie pojazdów boczne,Dobre warunki atmosferyczne,Światło dzienne,Przejazd dla rowerzystów,EWK-107723553M,10,2019-02-25,Ciężko,19*44'506,52*32'165,62,Obszar zabudowany,Odcinek prosty,Droga krajowa,Dwie jezdnie jednokierunkowe,N,POWIAT PŁOCK,PŁOCK - OBSZAR MIEJSKI
1,0,0,2019,Dobre warunki atmosferyczne,Zderzenie pojazdów boczne,Dobre warunki atmosferyczne,Światło dzienne,Przejazd dla rowerzystów,EWK-107723553M,10,2019-02-25,Nieokreślone (puste pole),19*44'506,52*32'165,62,Obszar zabudowany,Odcinek prosty,Droga krajowa,Dwie jezdnie jednokierunkowe,N,POWIAT PŁOCK,PŁOCK - OBSZAR MIEJSKI
1,1,0,2019,Dobre warunki atmosferyczne,Zderzenie pojazdów boczne,Dobre warunki atmosferyczne,Światło dzienne,Przejazd dla rowerzystów,EWK-107746903H,9,2019-03-08,Nieokreślone (puste pole),20*37'412,52*52'507,G120101W,Obszar zabudowany,Odcinek prosty,Droga gminna,Dwie jezdnie jednokierunkowe,N,POWIAT CIECHANOWSKI,CIECHANÓW - OBSZAR MIEJSKI
1,0,1,2019,Dobre warunki atmosferyczne,Zderzenie pojazdów boczne,Dobre warunki atmosferyczne,Światło dzienne,Przejazd dla rowerzystów,EWK-107885500A,13,2019-04-20,Lekko,21*06'539,51*23'448,12,Obszar zabudowany,Odcinek prosty,Droga krajowa,Dwie jezdnie jednokierunkowe,N,POWIAT RADOM,RADOM - OBSZAR MIEJSKI
1,0,0,2019,Dobre warunki atmosferyczne,Zderzenie pojazdów boczne,Dobre warunki atmosferyczne,Światło dzienne,Przejazd dla rowerzystów,EWK-107885500A,13,2019-04-20,Nieokreślone (puste pole),21*06'539,51*23'448,12,Obszar zabudowany,Odcinek prosty,Droga krajowa,Dwie jezdnie jednokierunkowe,N,POWIAT RADOM,RADOM - OBSZAR MIEJSKI
1,0,1,2019,Dobre warunki atmosferyczne,Zderzenie pojazdów boczne,Dobre warunki atmosferyczne,Światło dzienne,Przejazd dla rowerzystów,EWK-107920375J,15,2019-05-11,Lekko,19*42'157,52*32'497,60,Obszar zabudowany,,Droga krajowa,Dwie jezdnie jednokierunkowe,N,POWIAT PŁOCK,PŁOCK - OBSZAR MIEJSKI
1,0,0,2019,Dobre warunki atmosferyczne,Zderzenie pojazdów boczne,Dobre warunki atmosferyczne,Światło dzienne,Przejazd dla rowerzystów,EWK-107920375J,15,2019-05-11,Nieokreślone (puste pole),19*42'157,52*32'497,60,Obszar zabudowany,,Droga krajowa,Dwie jezdnie jednokierunkowe,N,POWIAT PŁOCK,PŁOCK - OBSZAR MIEJSKI
1,0,1,2019,Dobre warunki atmosferyczne,Zderzenie pojazdów boczne,Dobre warunki atmosferyczne,Światło dzienne,Przejazd dla rowerzystów,EWK-108024259C,11,2019-07-04,Lekko,21*10'489,51*22'543,9,Obszar zabudowany,,Droga krajowa,Jednokierunkowa,N,POWIAT RADOM,RADOM - OBSZAR MIEJSKI
1,0,0,2019,Dobre warunki atmosferyczne,Zderzenie pojazdów boczne,Dobre warunki atmosferyczne,Światło dzienne,Przejazd dla rowerzystów,EWK-108024259C,11,2019-07-04,Nieokreślone (puste pole),21*10'489,51*22'543,9,Obszar zabudowany,,Droga krajowa,Jednokierunkowa,N,POWIAT RADOM,RADOM - OBSZAR MIEJSKI
1,0,1,2019,Dobre warunki atmosferyczne,Zderzenie pojazdów boczne,Dobre warunki atmosferyczne,Światło dzienne,Przejazd dla rowerzystów,EWK-108034565J,13,2019-07-10,Ciężko,19*44'350,52*32'198,62,Obszar zabudowany,,Droga krajowa,Jednokierunkowa,N,POWIAT PŁOCK,PŁOCK - OBSZAR MIEJSKI
1,0,0,2019,Dobre warunki atmosferyczne,Zderzenie pojazdów boczne,Dobre warunki atmosferyczne,Światło dzienne,Przejazd dla rowerzystów,EWK-108034565J,13,2019-07-10,Nieokreślone (puste pole),19*44'350,52*32'198,62,Obszar zabudowany,,Droga krajowa,Jednokierunkowa,N,POWIAT PŁOCK,PŁOCK - OBSZAR MIEJSKI
1,0,1,2019,Dobre warunki atmosferyczne,Zderzenie pojazdów boczne,Dobre warunki atmosferyczne,Światło dzienne,Przejazd dla rowerzystów,EWK-108059949P,12,2019-07-25,Ciężko,20*52'092,51*51'292,P1647W,Obszar zabudowany,Odcinek prosty,Droga powiatowa,Jednojezdniowa dwukierunkowa,N,POWIAT GRÓJECKI,GRÓJEC - OBSZAR MIEJSKI
1,0,0,2019,Dobre warunki atmosferyczne,Zderzenie pojazdów boczne,Dobre warunki atmosferyczne,Światło dzienne,Przejazd dla rowerzystów,EWK-108059949P,12,2019-07-25,Nieokreślone (puste pole),20*52'092,51*51'292,P1647W,Obszar zabudowany,Odcinek prosty,Droga powiatowa,Jednojezdniowa dwukierunkowa,N,POWIAT GRÓJECKI,GRÓJEC - OBSZAR MIEJSKI
1,1,0,2019,Dobre warunki atmosferyczne,Zderzenie pojazdów boczne,Dobre warunki atmosferyczne,Światło dzienne,Przejazd dla rowerzystów,EWK-108063800U,10,2019-07-28,Nieokreślone (puste pole),21*26'362,52*35'054,G440565W,Obszar zabudowany,Odcinek prosty,Droga gminna,Jednojezdniowa dwukierunkowa,T,POWIAT WYSZKOWSKI,WYSZKÓW - OBSZAR MIEJSKI
1,0,1,2019,Dobre warunki atmosferyczne,Zderzenie pojazdów boczne,Dobre warunki atmosferyczne,Światło dzienne,Przejazd dla rowerzystów,EWK-108076772E,18,2019-08-03,Lekko,19*42'530,52*32'386,60,Obszar zabudowany,,Droga krajowa,Jednokierunkowa,N,POWIAT PŁOCK,PŁOCK - OBSZAR MIEJSKI
1,0,0,2019,Dobre warunki atmosferyczne,Zderzenie pojazdów boczne,Dobre warunki atmosferyczne,Światło dzienne,Przejazd dla rowerzystów,EWK-108076772E,18,2019-08-03,Nieokreślone (puste pole),19*42'530,52*32'386,60,Obszar zabudowany,,Droga krajowa,Jednokierunkowa,N,POWIAT PŁOCK,PŁOCK - OBSZAR MIEJSKI
1,0,1,2019,Dobre warunki atmosferyczne,Zderzenie pojazdów boczne,Dobre warunki atmosferyczne,Światło dzienne,Przejazd dla rowerzystów,EWK-108094937H,14,2019-08-12,Lekko,22*17'396,52*09'161,GMINNA,Obszar zabudowany,Odcinek prosty,Droga gminna,Jednojezdniowa dwukierunkowa,N,POWIAT SIEDLCE,SIEDLCE - OBSZAR MIEJSKI
1,0,0,2019,Dobre warunki atmosferyczne,Zderzenie pojazdów boczne,Dobre warunki atmosferyczne,Światło dzienne,Przejazd dla rowerzystów,EWK-108094937H,14,2019-08-12,Nieokreślone (puste pole),22*17'396,52*09'161,GMINNA,Obszar zabudowany,Odcinek prosty,Droga gminna,Jednojezdniowa dwukierunkowa,N,POWIAT SIEDLCE,SIEDLCE - OBSZAR MIEJSKI
1,0,1,2019,Dobre warunki atmosferyczne,Zderzenie pojazdów boczne,Dobre warunki atmosferyczne,Światło dzienne,Przejazd dla rowerzystów,EWK-108149580R,11,2019-09-11,Ciężko,21*32'191,51*35'227,G170836W,Obszar zabudowany,Odcinek prosty,Droga gminna,Jednojezdniowa dwukierunkowa,N,POWIAT KOZIENICKI,KOZIENICE - OBSZAR MIEJSKI
1,0,0,2019,Dobre warunki atmosferyczne,Zderzenie pojazdów boczne,Dobre warunki atmosferyczne,Światło dzienne,Przejazd dla rowerzystów,EWK-108149580R,11,2019-09-11,Nieokreślone (puste pole),21*32'191,51*35'227,G170836W,Obszar zabudowany,Odcinek prosty,Droga gminna,Jednojezdniowa dwukierunkowa,N,POWIAT KOZIENICKI,KOZIENICE - OBSZAR MIEJSKI
1,0,1,2019,Dobre warunki atmosferyczne,Zderzenie pojazdów boczne,Dobre warunki atmosferyczne,Światło dzienne,Przejazd dla rowerzystów,EWK-108231208C,12,2019-10-14,Lekko,19*43'439,52*32'260,60,Obszar zabudowany,,Droga krajowa,Dwie jezdnie jednokierunkowe,N,POWIAT PŁOCK,PŁOCK - OBSZAR MIEJSKI
1,0,0,2019,Dobre warunki atmosferyczne,Zderzenie pojazdów boczne,Dobre warunki atmosferyczne,Światło dzienne,Przejazd dla rowerzystów,EWK-108231208C,12,2019-10-14,Nieokreślone (puste pole),19*43'439,52*32'260,60,Obszar zabudowany,,Droga krajowa,Dwie jezdnie jednokierunkowe,N,POWIAT PŁOCK,PŁOCK - OBSZAR MIEJSKI
1,0,1,2019,Dobre warunki atmosferyczne,Zderzenie pojazdów boczne,Dobre warunki atmosferyczne,Światło dzienne,Przejazd dla rowerzystów,EWK-108232665A,15,2019-10-14,Lekko,19*41'044,52*33'360,5213W,Obszar zabudowany,Odcinek prosty,Droga powiatowa,Jednojezdniowa dwukierunkowa,N,POWIAT PŁOCK,PŁOCK - OBSZAR MIEJSKI
1,0,0,2019,Dobre warunki atmosferyczne,Zderzenie pojazdów boczne,Dobre warunki atmosferyczne,Światło dzienne,Przejazd dla rowerzystów,EWK-108232665A,15,2019-10-14,Nieokreślone (puste pole),19*41'044,52*33'360,5213W,Obszar zabudowany,Odcinek prosty,Droga powiatowa,Jednojezdniowa dwukierunkowa,N,POWIAT PŁOCK,PŁOCK - OBSZAR MIEJSKI
1,0,1,2019,Dobre warunki atmosferyczne,Zderzenie pojazdów boczne,Dobre warunki atmosferyczne,Światło dzienne,Przejazd dla rowerzystów,EWK-108249710W,13,2019-10-22,Lekko,20*26'044,52*03'330,GMINNA,Obszar zabudowany,Odcinek prosty,Droga gminna,Jednojezdniowa dwukierunkowa,N,POWIAT ŻYRARDOWSKI,ŻYRARDÓW - OBSZAR MIEJSKI
1,0,0,2019,Dobre warunki atmosferyczne,Zderzenie pojazdów boczne,Dobre warunki atmosferyczne,Światło dzienne,Przejazd dla rowerzystów,EWK-108249710W,13,2019-10-22,Nieokreślone (puste pole),20*26'044,52*03'330,GMINNA,Obszar zabudowany,Odcinek prosty,Droga gminna,Jednojezdniowa dwukierunkowa,N,POWIAT ŻYRARDOWSKI,ŻYRARDÓW - OBSZAR MIEJSKI
1,0,1,2019,Dobre warunki atmosferyczne,Zderzenie pojazdów boczne,Dobre warunki atmosferyczne,Światło dzienne,Przejazd dla rowerzystów,EWK-108392637H,10,2019-11-28,Ciężko,19*42'329,52*32'445,60,Obszar zabudowany,,Droga krajowa,Jednojezdniowa dwukierunkowa,N,POWIAT PŁOCK,PŁOCK - OBSZAR MIEJSKI
1,0,0,2019,Dobre warunki atmosferyczne,Zderzenie pojazdów boczne,Dobre warunki atmosferyczne,Światło dzienne,Przejazd dla rowerzystów,EWK-108392637H,10,2019-11-28,Nieokreślone (puste pole),19*42'329,52*32'445,60,Obszar zabudowany,,Droga krajowa,Jednojezdniowa dwukierunkowa,N,POWIAT PŁOCK,PŁOCK - OBSZAR MIEJSKI
1,0,1,2019,Dobre warunki atmosferyczne,Zderzenie pojazdów boczne,Dobre warunki atmosferyczne,Światło dzienne,Przejazd kolejowy niestrzeżony,EWK-107838285M,8,2019-04-08,Ciężko,20*26'596,52*35'455,P3040W,Obszar niezabudowany,Odcinek prosty,Droga powiatowa,Jednojezdniowa dwukierunkowa,N,POWIAT PŁOŃSKI,PŁOŃSK - OBSZAR WIEJSKI
1,0,0,2019,Dobre warunki atmosferyczne,Zderzenie pojazdów boczne,Dobre warunki atmosferyczne,Światło dzienne,Przejazd kolejowy niestrzeżony,EWK-107838285M,8,2019-04-08,Nieokreślone (puste pole),20*26'596,52*35'455,P3040W,Obszar niezabudowany,Odcinek prosty,Droga powiatowa,Jednojezdniowa dwukierunkowa,N,POWIAT PŁOŃSKI,PŁOŃSK - OBSZAR WIEJSKI
1,0,1,2019,Dobre warunki atmosferyczne,Zderzenie pojazdów boczne,Dobre warunki atmosferyczne,Światło dzienne,Przejście dla pieszych,EWK-107948474P,11,2019-05-27,Ciężko,21*25'415,52*36'075,618,Obszar zabudowany,Odcinek prosty,Droga wojewódzka,Jednojezdniowa dwukierunkowa,N,POWIAT WYSZKOWSKI,WYSZKÓW - OBSZAR MIEJSKI
1,0,0,2019,Dobre warunki atmosferyczne,Zderzenie pojazdów boczne,Dobre warunki atmosferyczne,Światło dzienne,Przejście dla pieszych,EWK-107948474P,11,2019-05-27,Nieokreślone (puste pole),21*25'415,52*36'075,618,Obszar zabudowany,Odcinek prosty,Droga wojewódzka,Jednojezdniowa dwukierunkowa,N,POWIAT WYSZKOWSKI,WYSZKÓW - OBSZAR MIEJSKI
1,0,1,2019,Dobre warunki atmosferyczne,Zderzenie pojazdów boczne,Dobre warunki atmosferyczne,Światło dzienne,Przejście dla pieszych,EWK-107988074Y,12,2019-06-14,Lekko,19*50'295,52*30'031,62,Obszar zabudowany,,Droga krajowa,Jednojezdniowa dwukierunkowa,N,POWIAT PŁOCKI,SŁUPNO - OBSZAR WIEJSKI
1,0,0,2019,Dobre warunki atmosferyczne,Zderzenie pojazdów boczne,Dobre warunki atmosferyczne,Światło dzienne,Przejście dla pieszych,EWK-107988074Y,12,2019-06-14,Nieokreślone (puste pole),19*50'295,52*30'031,62,Obszar zabudowany,,Droga krajowa,Jednojezdniowa dwukierunkowa,N,POWIAT PŁOCKI,SŁUPNO - OBSZAR WIEJSKI
1,0,1,2019,Dobre warunki atmosferyczne,Zderzenie pojazdów boczne,Dobre warunki atmosferyczne,Światło dzienne,Przejście dla pieszych,EWK-108049869T,18,2019-07-18,Lekko,21*09'290,51*24'381,G530085W,Obszar zabudowany,Odcinek prosty,Droga gminna,Jednojezdniowa dwukierunkowa,N,POWIAT RADOM,RADOM - OBSZAR MIEJSKI
1,0,0,2019,Dobre warunki atmosferyczne,Zderzenie pojazdów boczne,Dobre warunki atmosferyczne,Światło dzienne,Przejście dla pieszych,EWK-108049869T,18,2019-07-18,Nieokreślone (puste pole),21*09'290,51*24'381,G530085W,Obszar zabudowany,Odcinek prosty,Droga gminna,Jednojezdniowa dwukierunkowa,N,POWIAT RADOM,RADOM - OBSZAR MIEJSKI
1,0,1,2019,Dobre warunki atmosferyczne,Zderzenie pojazdów boczne,Dobre warunki atmosferyczne,Światło dzienne,Przejście dla pieszych,EWK-108056398H,9,2019-07-23,Lekko,20*37'360,52*52'290,G120101W,Obszar zabudowany,,Droga gminna,Dwie jezdnie jednokierunkowe,N,POWIAT CIECHANOWSKI,CIECHANÓW - OBSZAR MIEJSKI
1,0,0,2019,Dobre warunki atmosferyczne,Zderzenie pojazdów boczne,Dobre warunki atmosferyczne,Światło dzienne,Przejście dla pieszych,EWK-108056398H,9,2019-07-23,Nieokreślone (puste pole),20*37'360,52*52'290,G120101W,Obszar zabudowany,,Droga gminna,Dwie jezdnie jednokierunkowe,N,POWIAT CIECHANOWSKI,CIECHANÓW - OBSZAR MIEJSKI
1,0,1,2019,Dobre warunki atmosferyczne,Zderzenie pojazdów boczne,Dobre warunki atmosferyczne,Światło dzienne,Przejście dla pieszych,EWK-108057823C,7,2019-07-25,Lekko,20*26'589,52*03'136,GMINNA,Obszar zabudowany,Odcinek prosty,Droga gminna,Jednojezdniowa dwukierunkowa,N,POWIAT ŻYRARDOWSKI,ŻYRARDÓW - OBSZAR MIEJSKI
1,0,0,2019,Dobre warunki atmosferyczne,Zderzenie pojazdów boczne,Dobre warunki atmosferyczne,Światło dzienne,Przejście dla pieszych,EWK-108057823C,7,2019-07-25,Nieokreślone (puste pole),20*26'589,52*03'136,GMINNA,Obszar zabudowany,Odcinek prosty,Droga gminna,Jednojezdniowa dwukierunkowa,N,POWIAT ŻYRARDOWSKI,ŻYRARDÓW - OBSZAR MIEJSKI
1,0,1,2019,Dobre warunki atmosferyczne,Zderzenie pojazdów boczne,Dobre warunki atmosferyczne,Światło dzienne,Przejście dla pieszych,EWK-108076490M,17,2019-08-03,Lekko,21*27'549,52*36'192,G440570W,Obszar zabudowany,Odcinek prosty,Droga gminna,Jednojezdniowa dwukierunkowa,N,POWIAT WYSZKOWSKI,WYSZKÓW - OBSZAR MIEJSKI
1,0,0,2019,Dobre warunki atmosferyczne,Zderzenie pojazdów boczne,Dobre warunki atmosferyczne,Światło dzienne,Przejście dla pieszych,EWK-108076490M,17,2019-08-03,Nieokreślone (puste pole),21*27'549,52*36'192,G440570W,Obszar zabudowany,Odcinek prosty,Droga gminna,Jednojezdniowa dwukierunkowa,N,POWIAT WYSZKOWSKI,WYSZKÓW - OBSZAR MIEJSKI
1,0,1,2019,Dobre warunki atmosferyczne,Zderzenie pojazdów boczne,Dobre warunki atmosferyczne,Światło dzienne,Przejście dla pieszych,EWK-108163839N,13,2019-09-17,Lekko,21*27'016,52*36'070,G440725W,Obszar zabudowany,Odcinek prosty,Droga gminna,Jednojezdniowa dwukierunkowa,N,POWIAT WYSZKOWSKI,WYSZKÓW - OBSZAR MIEJSKI
1,0,0,2019,Dobre warunki atmosferyczne,Zderzenie pojazdów boczne,Dobre warunki atmosferyczne,Światło dzienne,Przejście dla pieszych,EWK-108163839N,13,2019-09-17,Nieokreślone (puste pole),21*27'016,52*36'070,G440725W,Obszar zabudowany,Odcinek prosty,Droga gminna,Jednojezdniowa dwukierunkowa,N,POWIAT WYSZKOWSKI,WYSZKÓW - OBSZAR MIEJSKI
1,0,1,2019,Dobre warunki atmosferyczne,Zderzenie pojazdów boczne,Dobre warunki atmosferyczne,Światło dzienne,Przejście dla pieszych,EWK-108441689Q,13,2019-12-11,Lekko,21*53'463,52*48'072,627,Obszar zabudowany,Odcinek prosty,Droga wojewódzka,Jednojezdniowa dwukierunkowa,N,POWIAT OSTROWSKI,OSTRÓW MAZOWIECKA - OBSZAR MIEJSKI
1,0,0,2019,Dobre warunki atmosferyczne,Zderzenie pojazdów boczne,Dobre warunki atmosferyczne,Światło dzienne,Przejście dla pieszych,EWK-108441689Q,13,2019-12-11,Nieokreślone (puste pole),21*53'463,52*48'072,627,Obszar zabudowany,Odcinek prosty,Droga wojewódzka,Jednojezdniowa dwukierunkowa,N,POWIAT OSTROWSKI,OSTRÓW MAZOWIECKA - OBSZAR MIEJSKI
1,0,1,2019,Dobre warunki atmosferyczne,Zderzenie pojazdów boczne,Dobre warunki atmosferyczne,Światło dzienne,"Roboty drogowe, oznakowanie tymczasowe",EWK-108074709E,6,2019-08-02,Lekko,21*34'540,51*39'239,801,Obszar niezabudowany,Odcinek prosty,Droga wojewódzka,Jednojezdniowa dwukierunkowa,N,POWIAT GARWOLIŃSKI,MACIEJOWICE - OBSZAR WIEJSKI
1,0,0,2019,Dobre warunki atmosferyczne,Zderzenie pojazdów boczne,Dobre warunki atmosferyczne,Światło dzienne,"Roboty drogowe, oznakowanie tymczasowe",EWK-108074709E,6,2019-08-02,Nieokreślone (puste pole),21*34'540,51*39'239,801,Obszar niezabudowany,Odcinek prosty,Droga wojewódzka,Jednojezdniowa dwukierunkowa,N,POWIAT GARWOLIŃSKI,MACIEJOWICE - OBSZAR WIEJSKI
1,0,1,2019,Dobre warunki atmosferyczne,Zderzenie pojazdów boczne,Dobre warunki atmosferyczne,Światło dzienne,"Roboty drogowe, oznakowanie tymczasowe",EWK-108248095Q,10,2019-10-21,Lekko,20*11'570,52*21'460,P0244T,Obszar niezabudowany,,Droga powiatowa,Jednojezdniowa dwukierunkowa,N,POWIAT SOCHACZEWSKI,MŁODZIESZYN - OBSZAR WIEJSKI
1,0,0,2019,Dobre warunki atmosferyczne,Zderzenie pojazdów boczne,Dobre warunki atmosferyczne,Światło dzienne,"Roboty drogowe, oznakowanie tymczasowe",EWK-108248095Q,10,2019-10-21,Nieokreślone (puste pole),20*11'570,52*21'460,P0244T,Obszar niezabudowany,,Droga powiatowa,Jednojezdniowa dwukierunkowa,N,POWIAT SOCHACZEWSKI,MŁODZIESZYN - OBSZAR WIEJSKI
1,0,1,2019,Dobre warunki atmosferyczne,Zderzenie pojazdów boczne,Dobre warunki atmosferyczne,Światło dzienne,"Roboty drogowe, oznakowanie tymczasowe",EWK-108310544T,9,2019-11-12,Lekko,20*51'295,51*54'226,7,Obszar niezabudowany,"Zakręt, łuk",Droga krajowa,Dwie jezdnie jednokierunkowe,N,POWIAT GRÓJECKI,GRÓJEC - OBSZAR WIEJSKI
1,0,0,2019,Dobre warunki atmosferyczne,Zderzenie pojazdów boczne,Dobre warunki atmosferyczne,Światło dzienne,"Roboty drogowe, oznakowanie tymczasowe",EWK-108310544T,9,2019-11-12,Nieokreślone (puste pole),20*51'295,51*54'226,7,Obszar niezabudowany,"Zakręt, łuk",Droga krajowa,Dwie jezdnie jednokierunkowe,N,POWIAT GRÓJECKI,GRÓJEC - OBSZAR WIEJSKI
1,0,1,2019,Dobre warunki atmosferyczne,Zderzenie pojazdów boczne,Dobre warunki atmosferyczne,Światło dzienne,"Wjazd, wyjazd z posesji, pola",EWK-107653886X,13,2019-01-19,Lekko,19*40'312,52*31'294,62,Obszar zabudowany,Odcinek prosty,Droga krajowa,Jednojezdniowa dwukierunkowa,N,POWIAT PŁOCK,PŁOCK - OBSZAR MIEJSKI
1,0,0,2019,Dobre warunki atmosferyczne,Zderzenie pojazdów boczne,Dobre warunki atmosferyczne,Światło dzienne,"Wjazd, wyjazd z posesji, pola",EWK-107653886X,13,2019-01-19,Nieokreślone (puste pole),19*40'312,52*31'294,62,Obszar zabudowany,Odcinek prosty,Droga krajowa,Jednojezdniowa dwukierunkowa,N,POWIAT PŁOCK,PŁOCK - OBSZAR MIEJSKI
1,0,1,2019,Dobre warunki atmosferyczne,Zderzenie pojazdów boczne,Dobre warunki atmosferyczne,Światło dzienne,"Wjazd, wyjazd z posesji, pola",EWK-107726939F,8,2019-02-27,Lekko,21*44'298,51*40'237,P1354W,Obszar zabudowany,Odcinek prosty,Droga powiatowa,Jednojezdniowa dwukierunkowa,N,POWIAT GARWOLIŃSKI,TROJANÓW - OBSZAR WIEJSKI
1,0,0,2019,Dobre warunki atmosferyczne,Zderzenie pojazdów boczne,Dobre warunki atmosferyczne,Światło dzienne,"Wjazd, wyjazd z posesji, pola",EWK-107726939F,8,2019-02-27,Nieokreślone (puste pole),21*44'298,51*40'237,P1354W,Obszar zabudowany,Odcinek prosty,Droga powiatowa,Jednojezdniowa dwukierunkowa,N,POWIAT GARWOLIŃSKI,TROJANÓW - OBSZAR WIEJSKI
1,0,2,2019,Dobre warunki atmosferyczne,Zderzenie pojazdów boczne,Dobre warunki atmosferyczne,Światło dzienne,"Wjazd, wyjazd z posesji, pola",EWK-107771722E,7,2019-03-21,Ciężko,21*18'003,53*90'001,626,Obszar zabudowany,Odcinek prosty,Droga wojewódzka,Jednojezdniowa dwukierunkowa,N,POWIAT MAKOWSKI,SYPNIEWO - OBSZAR WIEJSKI