Liczba wypadków,Liczba zabitych,Liczba rannych,Rok,Warunki atmosferyczne,Rodzaj zdarzenia,Warunki atmosferyczne,Oświetlenie,Charakterystyka miejsca zdarzenia,IDKSIP zdarzenia,Godzina,Dzień,Ranny,GPS x,GPS y,Numer drogi,Obszar,Geometria drogi,Kategoria drogi 1,Rodzaj drogi,Czy w zdarzeniu był sprawca nietrzeźwy,Powiat,Gmina
1,0,1,2019,Dobre warunki atmosferyczne,Zderzenie pojazdów tylne,Dobre warunki atmosferyczne,Światło dzienne,Jezdnia,EWK-108315248A,10,2019-11-12,Ciężko,19*26'299,52*23'152,60,Obszar zabudowany,Odcinek prosty,Droga krajowa,Jednojezdniowa dwukierunkowa,N,POWIAT GOSTYNIŃSKI,GOSTYNIN - OBSZAR WIEJSKI
1,0,0,2019,Dobre warunki atmosferyczne,Zderzenie pojazdów tylne,Dobre warunki atmosferyczne,Światło dzienne,Jezdnia,EWK-108315248A,10,2019-11-12,Nieokreślone (puste pole),19*26'299,52*23'152,60,Obszar zabudowany,Odcinek prosty,Droga krajowa,Jednojezdniowa dwukierunkowa,N,POWIAT GOSTYNIŃSKI,GOSTYNIN - OBSZAR WIEJSKI
1,0,1,2019,Dobre warunki atmosferyczne,Zderzenie pojazdów tylne,Dobre warunki atmosferyczne,Światło dzienne,Jezdnia,EWK-108319066J,10,2019-11-14,Lekko,21*38'070,51*05'040,79,Obszar zabudowany,Odcinek prosty,Droga krajowa,Jednojezdniowa dwukierunkowa,T,POWIAT LIPSKI,LIPSKO - OBSZAR WIEJSKI
1,0,0,2019,Dobre warunki atmosferyczne,Zderzenie pojazdów tylne,Dobre warunki atmosferyczne,Światło dzienne,Jezdnia,EWK-108319066J,10,2019-11-14,Nieokreślone (puste pole),21*38'070,51*05'040,79,Obszar zabudowany,Odcinek prosty,Droga krajowa,Jednojezdniowa dwukierunkowa,T,POWIAT LIPSKI,LIPSKO - OBSZAR WIEJSKI
1,0,1,2019,Dobre warunki atmosferyczne,Zderzenie pojazdów tylne,Dobre warunki atmosferyczne,Światło dzienne,Jezdnia,EWK-108328527R,9,2019-11-18,Lekko,21*09'065,51*25'392,9,Obszar zabudowany,Odcinek prosty,Droga krajowa,Dwie jezdnie jednokierunkowe,N,POWIAT RADOM,RADOM - OBSZAR MIEJSKI
1,0,0,2019,Dobre warunki atmosferyczne,Zderzenie pojazdów tylne,Dobre warunki atmosferyczne,Światło dzienne,Jezdnia,EWK-108328527R,9,2019-11-18,Nieokreślone (puste pole),21*09'065,51*25'392,9,Obszar zabudowany,Odcinek prosty,Droga krajowa,Dwie jezdnie jednokierunkowe,N,POWIAT RADOM,RADOM - OBSZAR MIEJSKI
1,0,1,2019,Dobre warunki atmosferyczne,Zderzenie pojazdów tylne,Dobre warunki atmosferyczne,Światło dzienne,Jezdnia,EWK-108331027N,12,2019-11-18,Lekko,20*30'416,52*40'052,GMINNA,Obszar zabudowany,Odcinek prosty,Droga gminna,Jednojezdniowa dwukierunkowa,N,POWIAT PŁOŃSKI,SOCHOCIN - OBSZAR WIEJSKI
1,0,0,2019,Dobre warunki atmosferyczne,Zderzenie pojazdów tylne,Dobre warunki atmosferyczne,Światło dzienne,Jezdnia,EWK-108331027N,12,2019-11-18,Nieokreślone (puste pole),20*30'416,52*40'052,GMINNA,Obszar zabudowany,Odcinek prosty,Droga gminna,Jednojezdniowa dwukierunkowa,N,POWIAT PŁOŃSKI,SOCHOCIN - OBSZAR WIEJSKI
1,0,1,2019,Dobre warunki atmosferyczne,Zderzenie pojazdów tylne,Dobre warunki atmosferyczne,Światło dzienne,Jezdnia,EWK-108371088Q,10,2019-11-27,Lekko,21*06'037,52*37'194,61,Obszar niezabudowany,Odcinek prosty,Droga krajowa,Jednojezdniowa dwukierunkowa,T,POWIAT PUŁTUSKI,POKRZYWNICA - OBSZAR WIEJSKI
1,0,0,2019,Dobre warunki atmosferyczne,Zderzenie pojazdów tylne,Dobre warunki atmosferyczne,Światło dzienne,Jezdnia,EWK-108371088Q,10,2019-11-27,Nieokreślone (puste pole),21*06'037,52*37'194,61,Obszar niezabudowany,Odcinek prosty,Droga krajowa,Jednojezdniowa dwukierunkowa,T,POWIAT PUŁTUSKI,POKRZYWNICA - OBSZAR WIEJSKI
1,0,1,2019,Dobre warunki atmosferyczne,Zderzenie pojazdów tylne,Dobre warunki atmosferyczne,Światło dzienne,Jezdnia,EWK-108408555N,11,2019-11-30,Lekko,21*12'137,51*45'434,730,Obszar niezabudowany,Odcinek prosty,Droga wojewódzka,Jednojezdniowa dwukierunkowa,N,POWIAT KOZIENICKI,GRABÓW NAD PILICĄ - OBSZAR WIEJSKI
1,0,0,2019,Dobre warunki atmosferyczne,Zderzenie pojazdów tylne,Dobre warunki atmosferyczne,Światło dzienne,Jezdnia,EWK-108408555N,11,2019-11-30,Nieokreślone (puste pole),21*12'137,51*45'434,730,Obszar niezabudowany,Odcinek prosty,Droga wojewódzka,Jednojezdniowa dwukierunkowa,N,POWIAT KOZIENICKI,GRABÓW NAD PILICĄ - OBSZAR WIEJSKI
1,0,1,2019,Dobre warunki atmosferyczne,Zderzenie pojazdów tylne,Dobre warunki atmosferyczne,Światło dzienne,Jezdnia,EWK-108411580A,8,2019-12-03,Lekko,19*44'599,52*32'360,G520005W,Obszar zabudowany,Odcinek prosty,Droga gminna,Jednojezdniowa dwukierunkowa,N,POWIAT PŁOCK,PŁOCK - OBSZAR MIEJSKI
1,0,0,2019,Dobre warunki atmosferyczne,Zderzenie pojazdów tylne,Dobre warunki atmosferyczne,Światło dzienne,Jezdnia,EWK-108411580A,8,2019-12-03,Nieokreślone (puste pole),19*44'599,52*32'360,G520005W,Obszar zabudowany,Odcinek prosty,Droga gminna,Jednojezdniowa dwukierunkowa,N,POWIAT PŁOCK,PŁOCK - OBSZAR MIEJSKI
1,0,1,2019,Dobre warunki atmosferyczne,Zderzenie pojazdów tylne,Dobre warunki atmosferyczne,Światło dzienne,Jezdnia,EWK-108419513G,8,2019-12-06,Lekko,20*47'391,53*02'375,P2361W,Obszar niezabudowany,"Zakręt, łuk",Droga powiatowa,Jednojezdniowa dwukierunkowa,N,POWIAT PRZASNYSKI,CZERNICE BOROWE - OBSZAR WIEJSKI
1,0,0,2019,Dobre warunki atmosferyczne,Zderzenie pojazdów tylne,Dobre warunki atmosferyczne,Światło dzienne,Jezdnia,EWK-108419513G,8,2019-12-06,Nieokreślone (puste pole),20*47'391,53*02'375,P2361W,Obszar niezabudowany,"Zakręt, łuk",Droga powiatowa,Jednojezdniowa dwukierunkowa,N,POWIAT PRZASNYSKI,CZERNICE BOROWE - OBSZAR WIEJSKI
1,0,1,2019,Dobre warunki atmosferyczne,Zderzenie pojazdów tylne,Dobre warunki atmosferyczne,Światło dzienne,Jezdnia,EWK-108419969E,11,2019-12-06,Lekko,19*44'501,52*32'166,62,Obszar zabudowany,Odcinek prosty,Droga krajowa,Dwie jezdnie jednokierunkowe,N,POWIAT PŁOCK,PŁOCK - OBSZAR MIEJSKI
1,0,0,2019,Dobre warunki atmosferyczne,Zderzenie pojazdów tylne,Dobre warunki atmosferyczne,Światło dzienne,Jezdnia,EWK-108419969E,11,2019-12-06,Nieokreślone (puste pole),19*44'501,52*32'166,62,Obszar zabudowany,Odcinek prosty,Droga krajowa,Dwie jezdnie jednokierunkowe,N,POWIAT PŁOCK,PŁOCK - OBSZAR MIEJSKI
1,0,1,2019,Dobre warunki atmosferyczne,Zderzenie pojazdów tylne,Dobre warunki atmosferyczne,Światło dzienne,Jezdnia,EWK-108441520P,12,2019-12-11,Lekko,21*12'480,51*25'178,737,Obszar zabudowany,Wzniesienie,Droga wojewódzka,Jednojezdniowa dwukierunkowa,N,POWIAT RADOMSKI,JEDLNIA-LETNISKO - OBSZAR WIEJSKI
1,0,0,2019,Dobre warunki atmosferyczne,Zderzenie pojazdów tylne,Dobre warunki atmosferyczne,Światło dzienne,Jezdnia,EWK-108441520P,12,2019-12-11,Nieokreślone (puste pole),21*12'480,51*25'178,737,Obszar zabudowany,Wzniesienie,Droga wojewódzka,Jednojezdniowa dwukierunkowa,N,POWIAT RADOMSKI,JEDLNIA-LETNISKO - OBSZAR WIEJSKI
1,0,1,2019,Dobre warunki atmosferyczne,Zderzenie pojazdów tylne,Dobre warunki atmosferyczne,Światło dzienne,Jezdnia,EWK-108497980P,11,2019-12-18,Lekko,19*41'216,52*32'455,5207W,Obszar zabudowany,Odcinek prosty,Droga powiatowa,Jednokierunkowa,N,POWIAT PŁOCK,PŁOCK - OBSZAR MIEJSKI
1,0,0,2019,Dobre warunki atmosferyczne,Zderzenie pojazdów tylne,Dobre warunki atmosferyczne,Światło dzienne,Jezdnia,EWK-108497980P,11,2019-12-18,Nieokreślone (puste pole),19*41'216,52*32'455,5207W,Obszar zabudowany,Odcinek prosty,Droga powiatowa,Jednokierunkowa,N,POWIAT PŁOCK,PŁOCK - OBSZAR MIEJSKI
1,0,1,2019,Dobre warunki atmosferyczne,Zderzenie pojazdów tylne,Dobre warunki atmosferyczne,Światło dzienne,Przejście dla pieszych,EWK-108079673F,18,2019-08-05,Lekko,20*38'257,52*51'137,P2421W,Obszar zabudowany,Odcinek prosty,Droga powiatowa,Jednojezdniowa dwukierunkowa,N,POWIAT CIECHANOWSKI,CIECHANÓW - OBSZAR MIEJSKI
1,0,0,2019,Dobre warunki atmosferyczne,Zderzenie pojazdów tylne,Dobre warunki atmosferyczne,Światło dzienne,Przejście dla pieszych,EWK-108079673F,18,2019-08-05,Nieokreślone (puste pole),20*38'257,52*51'137,P2421W,Obszar zabudowany,Odcinek prosty,Droga powiatowa,Jednojezdniowa dwukierunkowa,N,POWIAT CIECHANOWSKI,CIECHANÓW - OBSZAR MIEJSKI
1,0,1,2019,Dobre warunki atmosferyczne,Zderzenie pojazdów tylne,Dobre warunki atmosferyczne,Światło dzienne,"Wjazd, wyjazd z posesji, pola",EWK-107931260E,10,2019-05-17,Lekko,21*13'482,51*20'228,9,Obszar niezabudowany,Odcinek prosty,Droga krajowa,Jednojezdniowa dwukierunkowa,N,POWIAT RADOMSKI,SKARYSZEW - OBSZAR WIEJSKI
1,0,0,2019,Dobre warunki atmosferyczne,Zderzenie pojazdów tylne,Dobre warunki atmosferyczne,Światło dzienne,"Wjazd, wyjazd z posesji, pola",EWK-107931260E,10,2019-05-17,Nieokreślone (puste pole),21*13'482,51*20'228,9,Obszar niezabudowany,Odcinek prosty,Droga krajowa,Jednojezdniowa dwukierunkowa,N,POWIAT RADOMSKI,SKARYSZEW - OBSZAR WIEJSKI
1,0,1,2019,Dobre warunki atmosferyczne,Zderzenie pojazdów tylne,Dobre warunki atmosferyczne,Światło dzienne,"Wjazd, wyjazd z posesji, pola",EWK-107972008L,8,2019-06-07,Lekko,19*46'491,52*31'497,62,Obszar zabudowany,Odcinek prosty,Droga krajowa,Jednojezdniowa dwukierunkowa,N,POWIAT PŁOCK,PŁOCK - OBSZAR MIEJSKI
1,0,0,2019,Dobre warunki atmosferyczne,Zderzenie pojazdów tylne,Dobre warunki atmosferyczne,Światło dzienne,"Wjazd, wyjazd z posesji, pola",EWK-107972008L,8,2019-06-07,Nieokreślone (puste pole),19*46'491,52*31'497,62,Obszar zabudowany,Odcinek prosty,Droga krajowa,Jednojezdniowa dwukierunkowa,N,POWIAT PŁOCK,PŁOCK - OBSZAR MIEJSKI
1,0,1,2019,Dobre warunki atmosferyczne,Zderzenie pojazdów tylne,Dobre warunki atmosferyczne,"Świt, zmrok",Jezdnia,EWK-107681591P,17,2019-02-04,Ciężko,20*56'551,51*40'178,S7a,Obszar niezabudowany,Odcinek prosty,Droga krajowa,Ekspresowa,N,POWIAT BIAŁOBRZESKI,PROMNA - OBSZAR WIEJSKI
1,0,0,2019,Dobre warunki atmosferyczne,Zderzenie pojazdów tylne,Dobre warunki atmosferyczne,"Świt, zmrok",Jezdnia,EWK-107681591P,17,2019-02-04,Nieokreślone (puste pole),20*56'551,51*40'178,S7a,Obszar niezabudowany,Odcinek prosty,Droga krajowa,Ekspresowa,N,POWIAT BIAŁOBRZESKI,PROMNA - OBSZAR WIEJSKI
1,0,1,2019,Dobre warunki atmosferyczne,Zderzenie pojazdów tylne,Dobre warunki atmosferyczne,"Świt, zmrok",Jezdnia,EWK-107720933P,6,2019-02-23,Lekko,21*43'370,52*43'395,8,Obszar niezabudowany,Odcinek prosty,Droga krajowa,Dwie jezdnie jednokierunkowe,N,POWIAT OSTROWSKI,OSTRÓW MAZOWIECKA - OBSZAR WIEJSKI
1,0,0,2019,Dobre warunki atmosferyczne,Zderzenie pojazdów tylne,Dobre warunki atmosferyczne,"Świt, zmrok",Jezdnia,EWK-107720933P,6,2019-02-23,Nieokreślone (puste pole),21*43'370,52*43'395,8,Obszar niezabudowany,Odcinek prosty,Droga krajowa,Dwie jezdnie jednokierunkowe,N,POWIAT OSTROWSKI,OSTRÓW MAZOWIECKA - OBSZAR WIEJSKI
1,0,2,2019,Dobre warunki atmosferyczne,Zderzenie pojazdów tylne,Dobre warunki atmosferyczne,"Świt, zmrok",Jezdnia,EWK-107753067G,18,2019-03-11,Lekko,21*56'262,52*19'286,697,Obszar niezabudowany,Odcinek prosty,Droga wojewódzka,Jednojezdniowa dwukierunkowa,N,POWIAT WĘGROWSKI,WIERZBNO - OBSZAR WIEJSKI
1,1,0,2019,Dobre warunki atmosferyczne,Zderzenie pojazdów tylne,Dobre warunki atmosferyczne,"Świt, zmrok",Jezdnia,EWK-107753067G,18,2019-03-11,Nieokreślone (puste pole),21*56'262,52*19'286,697,Obszar niezabudowany,Odcinek prosty,Droga wojewódzka,Jednojezdniowa dwukierunkowa,N,POWIAT WĘGROWSKI,WIERZBNO - OBSZAR WIEJSKI
1,0,1,2019,Dobre warunki atmosferyczne,Zderzenie pojazdów tylne,Dobre warunki atmosferyczne,"Świt, zmrok",Jezdnia,EWK-107788363J,5,2019-03-27,Ciężko,21*23'065,52*30'154,8,Obszar niezabudowany,Odcinek prosty,Droga krajowa,Ekspresowa,N,POWIAT WYSZKOWSKI,ZABRODZIE - OBSZAR WIEJSKI
1,0,2,2019,Dobre warunki atmosferyczne,Zderzenie pojazdów tylne,Dobre warunki atmosferyczne,"Świt, zmrok",Jezdnia,EWK-107788363J,5,2019-03-27,Lekko,21*23'065,52*30'154,8,Obszar niezabudowany,Odcinek prosty,Droga krajowa,Ekspresowa,N,POWIAT WYSZKOWSKI,ZABRODZIE - OBSZAR WIEJSKI
1,0,0,2019,Dobre warunki atmosferyczne,Zderzenie pojazdów tylne,Dobre warunki atmosferyczne,"Świt, zmrok",Jezdnia,EWK-107788363J,5,2019-03-27,Nieokreślone (puste pole),21*23'065,52*30'154,8,Obszar niezabudowany,Odcinek prosty,Droga krajowa,Ekspresowa,N,POWIAT WYSZKOWSKI,ZABRODZIE - OBSZAR WIEJSKI
1,1,0,2019,Dobre warunki atmosferyczne,Zderzenie pojazdów tylne,Dobre warunki atmosferyczne,"Świt, zmrok",Jezdnia,EWK-108111214A,20,2019-08-20,Nieokreślone (puste pole),19*25'521,52*22'303,60,Obszar niezabudowany,Odcinek prosty,Droga krajowa,Jednojezdniowa dwukierunkowa,N,POWIAT GOSTYNIŃSKI,GOSTYNIN - OBSZAR WIEJSKI
1,0,1,2019,Dobre warunki atmosferyczne,Zderzenie pojazdów tylne,Dobre warunki atmosferyczne,"Świt, zmrok",Jezdnia,EWK-108119694D,19,2019-08-26,Lekko,21*02'120,51*11'358,G400302W,Obszar zabudowany,Odcinek prosty,Droga gminna,Jednojezdniowa dwukierunkowa,N,POWIAT SZYDŁOWIECKI,MIRÓW - OBSZAR WIEJSKI
1,0,0,2019,Dobre warunki atmosferyczne,Zderzenie pojazdów tylne,Dobre warunki atmosferyczne,"Świt, zmrok",Jezdnia,EWK-108119694D,19,2019-08-26,Nieokreślone (puste pole),21*02'120,51*11'358,G400302W,Obszar zabudowany,Odcinek prosty,Droga gminna,Jednojezdniowa dwukierunkowa,N,POWIAT SZYDŁOWIECKI,MIRÓW - OBSZAR WIEJSKI
1,1,0,2019,Dobre warunki atmosferyczne,Zderzenie pojazdów tylne,Dobre warunki atmosferyczne,"Świt, zmrok",Jezdnia,EWK-108279579W,16,2019-10-31,Nieokreślone (puste pole),22*02'188,52*21'360,696,Obszar niezabudowany,Odcinek prosty,Droga wojewódzka,Jednojezdniowa dwukierunkowa,N,POWIAT WĘGROWSKI,LIW - OBSZAR WIEJSKI
1,0,2,2019,Dobre warunki atmosferyczne,Zderzenie pojazdów tylne,Dobre warunki atmosferyczne,"Świt, zmrok",Jezdnia,EWK-108279671W,19,2019-10-31,Lekko,21*08'280,51*24'214,P5305W,Obszar zabudowany,Odcinek prosty,Droga powiatowa,Jednojezdniowa dwukierunkowa,N,POWIAT RADOM,RADOM - OBSZAR MIEJSKI
1,0,0,2019,Dobre warunki atmosferyczne,Zderzenie pojazdów tylne,Dobre warunki atmosferyczne,"Świt, zmrok",Jezdnia,EWK-108279671W,19,2019-10-31,Nieokreślone (puste pole),21*08'280,51*24'214,P5305W,Obszar zabudowany,Odcinek prosty,Droga powiatowa,Jednojezdniowa dwukierunkowa,N,POWIAT RADOM,RADOM - OBSZAR MIEJSKI
1,0,1,2019,Dobre warunki atmosferyczne,Zderzenie pojazdów tylne,Dobre warunki atmosferyczne,"Świt, zmrok",Jezdnia,EWK-108324913K,15,2019-11-16,Ciężko,21*22'411,52*29'587,8,Obszar niezabudowany,Odcinek prosty,Droga krajowa,Ekspresowa,N,POWIAT WYSZKOWSKI,ZABRODZIE - OBSZAR WIEJSKI
1,0,0,2019,Dobre warunki atmosferyczne,Zderzenie pojazdów tylne,Dobre warunki atmosferyczne,"Świt, zmrok",Jezdnia,EWK-108324913K,15,2019-11-16,Nieokreślone (puste pole),21*22'411,52*29'587,8,Obszar niezabudowany,Odcinek prosty,Droga krajowa,Ekspresowa,N,POWIAT WYSZKOWSKI,ZABRODZIE - OBSZAR WIEJSKI
1,0,1,2019,Dobre warunki atmosferyczne,Zderzenie pojazdów tylne,Dobre warunki atmosferyczne,"Świt, zmrok",Jezdnia,EWK-108419524T,7,2019-12-06,Ciężko,22*18'489,52*44'327,63,Obszar niezabudowany,Odcinek prosty,Droga krajowa,Jednojezdniowa dwukierunkowa,N,POWIAT OSTROWSKI,NUR - OBSZAR WIEJSKI
1,0,0,2019,Dobre warunki atmosferyczne,Zderzenie pojazdów tylne,Dobre warunki atmosferyczne,"Świt, zmrok",Jezdnia,EWK-108419524T,7,2019-12-06,Nieokreślone (puste pole),22*18'489,52*44'327,63,Obszar niezabudowany,Odcinek prosty,Droga krajowa,Jednojezdniowa dwukierunkowa,N,POWIAT OSTROWSKI,NUR - OBSZAR WIEJSKI
1,0,1,2019,Dobre warunki atmosferyczne,Zderzenie pojazdów tylne,Dobre warunki atmosferyczne,"Świt, zmrok",Jezdnia,EWK-108505559G,16,2019-12-20,Lekko,20*52'193,51*52'013,GMINNA,Obszar zabudowany,Odcinek prosty,Droga gminna,Jednokierunkowa,N,POWIAT GRÓJECKI,GRÓJEC - OBSZAR MIEJSKI
1,0,0,2019,Dobre warunki atmosferyczne,Zderzenie pojazdów tylne,Dobre warunki atmosferyczne,"Świt, zmrok",Jezdnia,EWK-108505559G,16,2019-12-20,Nieokreślone (puste pole),20*52'193,51*52'013,GMINNA,Obszar zabudowany,Odcinek prosty,Droga gminna,Jednokierunkowa,N,POWIAT GRÓJECKI,GRÓJEC - OBSZAR MIEJSKI
1,0,1,2019,"Mgła, dym",Inne,"Mgła, dym",Noc - droga nieoświetlona,Jezdnia,EWK-108257411W,21,2019-10-25,Ciężko,21*00'540,52*56'483,GMINNA,Obszar niezabudowany,"Zakręt, łuk",Droga gminna,Jednojezdniowa dwukierunkowa,N,POWIAT PRZASNYSKI,PRZASNYSZ - OBSZAR WIEJSKI
1,0,1,2019,"Mgła, dym",Inne,"Mgła, dym",Noc - droga nieoświetlona,Jezdnia,EWK-108257411W,21,2019-10-25,Lekko,21*00'540,52*56'483,GMINNA,Obszar niezabudowany,"Zakręt, łuk",Droga gminna,Jednojezdniowa dwukierunkowa,N,POWIAT PRZASNYSKI,PRZASNYSZ - OBSZAR WIEJSKI
1,0,1,2019,"Mgła, dym",Najechanie na drzewo,"Mgła, dym",Noc - droga nieoświetlona,Jezdnia,EWK-108252295M,21,2019-10-23,Lekko,21*48'120,51*39'219,P1361W,Obszar zabudowany,Odcinek prosty,Droga powiatowa,Jednojezdniowa dwukierunkowa,T,POWIAT GARWOLIŃSKI,TROJANÓW - OBSZAR WIEJSKI
1,0,1,2019,"Mgła, dym",Najechanie na drzewo,"Mgła, dym",Światło dzienne,Jezdnia,EWK-107671732K,8,2019-01-30,Lekko,20*50'516,52*59'250,617,Obszar niezabudowany,"Zakręt, łuk",Droga wojewódzka,Jednojezdniowa dwukierunkowa,N,POWIAT PRZASNYSKI,PRZASNYSZ - OBSZAR WIEJSKI
1,0,0,2019,"Mgła, dym",Najechanie na drzewo,"Mgła, dym",Światło dzienne,Jezdnia,EWK-107671732K,8,2019-01-30,Nieokreślone (puste pole),20*50'516,52*59'250,617,Obszar niezabudowany,"Zakręt, łuk",Droga wojewódzka,Jednojezdniowa dwukierunkowa,N,POWIAT PRZASNYSKI,PRZASNYSZ - OBSZAR WIEJSKI
1,0,1,2019,"Mgła, dym",Najechanie na pieszego,"Mgła, dym",Noc - droga nieoświetlona,Jezdnia,EWK-107919711W,3,2019-05-11,Ciężko,19*38'141,52*54'228,560,Obszar niezabudowany,Odcinek prosty,Droga wojewódzka,Jednojezdniowa dwukierunkowa,N,POWIAT SIERPECKI,SZCZUTOWO - OBSZAR WIEJSKI
1,0,0,2019,"Mgła, dym",Najechanie na pieszego,"Mgła, dym",Noc - droga nieoświetlona,Jezdnia,EWK-107919711W,3,2019-05-11,Nieokreślone (puste pole),19*38'141,52*54'228,560,Obszar niezabudowany,Odcinek prosty,Droga wojewódzka,Jednojezdniowa dwukierunkowa,N,POWIAT SIERPECKI,SZCZUTOWO - OBSZAR WIEJSKI
1,1,0,2019,"Mgła, dym",Najechanie na pieszego,"Mgła, dym",Noc - droga nieoświetlona,Jezdnia,EWK-108255855Q,22,2019-10-24,Nieokreślone (puste pole),20*10'300,52*22'105,575,Obszar niezabudowany,"Zakręt, łuk",Droga wojewódzka,Jednojezdniowa dwukierunkowa,N,POWIAT SOCHACZEWSKI,MŁODZIESZYN - OBSZAR WIEJSKI
1,1,0,2019,"Mgła, dym",Najechanie na pieszego,"Mgła, dym",Noc - droga nieoświetlona,Jezdnia,EWK-108255880W,1,2019-10-25,Nieokreślone (puste pole),21*05'087,52*50'399,57,Obszar zabudowany,Odcinek prosty,Droga krajowa,Jednojezdniowa dwukierunkowa,T,POWIAT MAKOWSKI,MAKÓW MAZOWIECKI - OBSZAR MIEJSKI
1,1,0,2019,"Mgła, dym",Najechanie na pieszego,"Mgła, dym","Świt, zmrok",Jezdnia,EWK-108302224F,17,2019-11-07,Nieokreślone (puste pole),20*31'455,52*30'343,7,Obszar niezabudowany,Odcinek prosty,Droga krajowa,Dwie jezdnie jednokierunkowe,N,POWIAT PŁOŃSKI,ZAŁUSKI - OBSZAR WIEJSKI
1,0,1,2019,"Mgła, dym","Najechanie na słup, znak","Mgła, dym",Noc - droga oświetlona,Jezdnia,EWK-108252328Q,19,2019-10-23,Lekko,21*45'548,51*08'064,747,Obszar niezabudowany,,Droga wojewódzka,Jednojezdniowa dwukierunkowa,N,POWIAT LIPSKI,SOLEC NAD WISŁĄ - OBSZAR WIEJSKI
1,0,0,2019,"Mgła, dym","Najechanie na słup, znak","Mgła, dym",Noc - droga oświetlona,Jezdnia,EWK-108252328Q,19,2019-10-23,Nieokreślone (puste pole),21*45'548,51*08'064,747,Obszar niezabudowany,,Droga wojewódzka,Jednojezdniowa dwukierunkowa,N,POWIAT LIPSKI,SOLEC NAD WISŁĄ - OBSZAR WIEJSKI
1,0,1,2019,"Mgła, dym","Najechanie na słup, znak","Mgła, dym",Noc - droga oświetlona,Jezdnia,EWK-108257991T,1,2019-10-26,Lekko,21*51'218,52*48'585,GMINNA,Obszar zabudowany,Odcinek prosty,Droga gminna,Jednojezdniowa dwukierunkowa,N,POWIAT OSTROWSKI,OSTRÓW MAZOWIECKA - OBSZAR MIEJSKI
1,0,0,2019,"Mgła, dym","Najechanie na słup, znak","Mgła, dym",Noc - droga oświetlona,Jezdnia,EWK-108257991T,1,2019-10-26,Nieokreślone (puste pole),21*51'218,52*48'585,GMINNA,Obszar zabudowany,Odcinek prosty,Droga gminna,Jednojezdniowa dwukierunkowa,N,POWIAT OSTROWSKI,OSTRÓW MAZOWIECKA - OBSZAR MIEJSKI
1,0,1,2019,"Mgła, dym",Najechanie na zwierzę,"Mgła, dym",Noc - droga nieoświetlona,Jezdnia,EWK-108252363Y,23,2019-10-23,Ciężko,21*20'220,52*34'265,62,Obszar niezabudowany,Odcinek prosty,Droga krajowa,Jednojezdniowa dwukierunkowa,N,POWIAT WYSZKOWSKI,SOMIANKA - OBSZAR WIEJSKI
1,1,0,2019,"Mgła, dym",Wywrócenie się pojazdu,"Mgła, dym",Noc - droga nieoświetlona,Jezdnia,EWK-107941262P,0,2019-05-23,Nieokreślone (puste pole),21*12'120,51*07'085,P3553W,Obszar zabudowany,Odcinek prosty,Droga powiatowa,Jednojezdniowa dwukierunkowa,N,POWIAT RADOMSKI,IŁŻA - OBSZAR WIEJSKI
1,0,1,2019,"Mgła, dym",Wywrócenie się pojazdu,"Mgła, dym",Noc - droga nieoświetlona,Jezdnia,EWK-108102453J,3,2019-08-17,Lekko,19*43'387,52*50'266,10,Obszar niezabudowany,Odcinek prosty,Droga krajowa,Jednojezdniowa dwukierunkowa,N,POWIAT SIERPECKI,SIERPC - OBSZAR WIEJSKI
1,1,0,2019,"Mgła, dym",Wywrócenie się pojazdu,"Mgła, dym",Noc - droga nieoświetlona,Jezdnia,EWK-108250808R,21,2019-10-23,Nieokreślone (puste pole),21*40'254,51*55'246,76,Obszar niezabudowany,Odcinek prosty,Droga krajowa,Jednojezdniowa dwukierunkowa,N,POWIAT GARWOLIŃSKI,GARWOLIN - OBSZAR WIEJSKI
1,0,1,2019,"Mgła, dym",Wywrócenie się pojazdu,"Mgła, dym",Światło dzienne,Jezdnia,EWK-108503210P,14,2019-12-19,Ciężko,21*35'149,51*30'149,79,Obszar niezabudowany,Odcinek prosty,Droga krajowa,Jednojezdniowa dwukierunkowa,N,POWIAT KOZIENICKI,KOZIENICE - OBSZAR WIEJSKI
1,0,2,2019,"Mgła, dym",Wywrócenie się pojazdu,"Mgła, dym","Świt, zmrok",Jezdnia,EWK-107800788L,0,2019-03-31,Ciężko,21*26'196,52*30'586,S8W,Obszar niezabudowany,Odcinek prosty,Droga krajowa,Ekspresowa,N,POWIAT WYSZKOWSKI,WYSZKÓW - OBSZAR WIEJSKI
1,0,2,2019,"Mgła, dym",Zderzenie pojazdów boczne,"Mgła, dym",Noc - droga nieoświetlona,"Most, wiadukt, łącznica, tunel",EWK-108502185W,7,2019-12-19,Lekko,20*51'185,51*51'397,728,Obszar niezabudowany,Odcinek prosty,Droga wojewódzka,Jednojezdniowa dwukierunkowa,N,POWIAT GRÓJECKI,GRÓJEC - OBSZAR MIEJSKI
1,0,0,2019,"Mgła, dym",Zderzenie pojazdów boczne,"Mgła, dym",Noc - droga nieoświetlona,"Most, wiadukt, łącznica, tunel",EWK-108502185W,7,2019-12-19,Nieokreślone (puste pole),20*51'185,51*51'397,728,Obszar niezabudowany,Odcinek prosty,Droga wojewódzka,Jednojezdniowa dwukierunkowa,N,POWIAT GRÓJECKI,GRÓJEC - OBSZAR MIEJSKI