Liczba wypadków,Liczba zabitych,Liczba rannych,Rok,Warunki atmosferyczne,Rodzaj zdarzenia,Warunki atmosferyczne,Oświetlenie,Charakterystyka miejsca zdarzenia,IDKSIP zdarzenia,Godzina,Dzień,Ranny,GPS x,GPS y,Numer drogi,Obszar,Geometria drogi,Kategoria drogi 1,Rodzaj drogi,Czy w zdarzeniu był sprawca nietrzeźwy,Powiat,Gmina
1,0,1,2019,"Mgła, dym",Zderzenie pojazdów boczne,"Mgła, dym",Noc - droga oświetlona,Jezdnia,EWK-107704579Q,23,2019-02-15,Lekko,19*41'410,52*32'336,5207W,Obszar zabudowany,,Droga powiatowa,Jednokierunkowa,N,POWIAT PŁOCK,PŁOCK - OBSZAR MIEJSKI
1,0,0,2019,"Mgła, dym",Zderzenie pojazdów boczne,"Mgła, dym",Noc - droga oświetlona,Jezdnia,EWK-107704579Q,23,2019-02-15,Nieokreślone (puste pole),19*41'410,52*32'336,5207W,Obszar zabudowany,,Droga powiatowa,Jednokierunkowa,N,POWIAT PŁOCK,PŁOCK - OBSZAR MIEJSKI
1,0,3,2019,"Mgła, dym",Zderzenie pojazdów boczne,"Mgła, dym",Światło dzienne,Jezdnia,EWK-107587386H,10,2019-01-07,Lekko,21*26'324,51*07'371,747,Obszar niezabudowany,,Droga wojewódzka,Jednojezdniowa dwukierunkowa,N,POWIAT LIPSKI,RZECZNIÓW - OBSZAR WIEJSKI
1,0,0,2019,"Mgła, dym",Zderzenie pojazdów boczne,"Mgła, dym",Światło dzienne,Jezdnia,EWK-107587386H,10,2019-01-07,Nieokreślone (puste pole),21*26'324,51*07'371,747,Obszar niezabudowany,,Droga wojewódzka,Jednojezdniowa dwukierunkowa,N,POWIAT LIPSKI,RZECZNIÓW - OBSZAR WIEJSKI
1,0,1,2019,"Mgła, dym",Zderzenie pojazdów boczne,"Mgła, dym",Światło dzienne,Jezdnia,EWK-108186868K,9,2019-09-27,Ciężko,20*08'143,52*38'223,10,Obszar niezabudowany,,Droga krajowa,Jednojezdniowa dwukierunkowa,N,POWIAT PŁOCKI,STAROŹREBY - OBSZAR WIEJSKI
1,0,0,2019,"Mgła, dym",Zderzenie pojazdów boczne,"Mgła, dym",Światło dzienne,Jezdnia,EWK-108186868K,9,2019-09-27,Nieokreślone (puste pole),20*08'143,52*38'223,10,Obszar niezabudowany,,Droga krajowa,Jednojezdniowa dwukierunkowa,N,POWIAT PŁOCKI,STAROŹREBY - OBSZAR WIEJSKI
1,0,2,2019,"Mgła, dym",Zderzenie pojazdów boczne,"Mgła, dym",Światło dzienne,Jezdnia,EWK-108510605X,10,2019-12-23,Lekko,21*23'202,52*53'118,61,Obszar zabudowany,,Droga krajowa,Jednojezdniowa dwukierunkowa,N,POWIAT MAKOWSKI,RÓŻAN - OBSZAR MIEJSKI
1,0,0,2019,"Mgła, dym",Zderzenie pojazdów boczne,"Mgła, dym",Światło dzienne,Jezdnia,EWK-108510605X,10,2019-12-23,Nieokreślone (puste pole),21*23'202,52*53'118,61,Obszar zabudowany,,Droga krajowa,Jednojezdniowa dwukierunkowa,N,POWIAT MAKOWSKI,RÓŻAN - OBSZAR MIEJSKI
1,0,1,2019,"Mgła, dym",Zderzenie pojazdów boczne,"Mgła, dym","Świt, zmrok",Jezdnia,EWK-108252302W,18,2019-10-23,Ciężko,19*31'108,52*18'540,P1431W,Obszar niezabudowany,Odcinek prosty,Droga powiatowa,Jednojezdniowa dwukierunkowa,N,POWIAT GOSTYNIŃSKI,SZCZAWIN KOŚCIELNY - OBSZAR WIEJSKI
1,0,1,2019,"Mgła, dym",Zderzenie pojazdów boczne,"Mgła, dym","Świt, zmrok",Jezdnia,EWK-108252302W,18,2019-10-23,Lekko,19*31'108,52*18'540,P1431W,Obszar niezabudowany,Odcinek prosty,Droga powiatowa,Jednojezdniowa dwukierunkowa,N,POWIAT GOSTYNIŃSKI,SZCZAWIN KOŚCIELNY - OBSZAR WIEJSKI
1,0,0,2019,"Mgła, dym",Zderzenie pojazdów boczne,"Mgła, dym","Świt, zmrok",Jezdnia,EWK-108252302W,18,2019-10-23,Nieokreślone (puste pole),19*31'108,52*18'540,P1431W,Obszar niezabudowany,Odcinek prosty,Droga powiatowa,Jednojezdniowa dwukierunkowa,N,POWIAT GOSTYNIŃSKI,SZCZAWIN KOŚCIELNY - OBSZAR WIEJSKI
1,0,2,2019,"Mgła, dym",Zderzenie pojazdów boczne,"Mgła, dym","Świt, zmrok",Jezdnia,EWK-108302333H,21,2019-11-07,Lekko,21*35'337,53*02'130,2588W,Obszar niezabudowany,,Droga powiatowa,Jednojezdniowa dwukierunkowa,N,POWIAT OSTROŁĘCKI,RZEKUŃ - OBSZAR WIEJSKI
1,0,0,2019,"Mgła, dym",Zderzenie pojazdów boczne,"Mgła, dym","Świt, zmrok",Jezdnia,EWK-108302333H,21,2019-11-07,Nieokreślone (puste pole),21*35'337,53*02'130,2588W,Obszar niezabudowany,,Droga powiatowa,Jednojezdniowa dwukierunkowa,N,POWIAT OSTROŁĘCKI,RZEKUŃ - OBSZAR WIEJSKI
1,0,2,2019,"Mgła, dym",Zderzenie pojazdów czołowe,"Mgła, dym","Świt, zmrok",Jezdnia,EWK-107705024U,6,2019-02-16,Ciężko,20*32'496,51*58'483,K50B,Obszar niezabudowany,Odcinek prosty,Droga krajowa,Jednojezdniowa dwukierunkowa,N,POWIAT ŻYRARDOWSKI,MSZCZONÓW - OBSZAR MIEJSKI
1,0,1,2019,"Mgła, dym",Zderzenie pojazdów czołowe,"Mgła, dym","Świt, zmrok",Jezdnia,EWK-107705024U,6,2019-02-16,Lekko,20*32'496,51*58'483,K50B,Obszar niezabudowany,Odcinek prosty,Droga krajowa,Jednojezdniowa dwukierunkowa,N,POWIAT ŻYRARDOWSKI,MSZCZONÓW - OBSZAR MIEJSKI
1,2,0,2019,"Mgła, dym",Zderzenie pojazdów czołowe,"Mgła, dym","Świt, zmrok",Jezdnia,EWK-107705024U,6,2019-02-16,Nieokreślone (puste pole),20*32'496,51*58'483,K50B,Obszar niezabudowany,Odcinek prosty,Droga krajowa,Jednojezdniowa dwukierunkowa,N,POWIAT ŻYRARDOWSKI,MSZCZONÓW - OBSZAR MIEJSKI
1,0,2,2019,"Mgła, dym",Zderzenie pojazdów tylne,"Mgła, dym",Noc - droga nieoświetlona,Jezdnia,EWK-107705449D,18,2019-02-16,Lekko,21*46'436,51*29'119,738,Obszar niezabudowany,Odcinek prosty,Droga wojewódzka,Jednojezdniowa dwukierunkowa,N,POWIAT KOZIENICKI,GNIEWOSZÓW - OBSZAR WIEJSKI
1,0,0,2019,"Mgła, dym",Zderzenie pojazdów tylne,"Mgła, dym",Noc - droga nieoświetlona,Jezdnia,EWK-107705449D,18,2019-02-16,Nieokreślone (puste pole),21*46'436,51*29'119,738,Obszar niezabudowany,Odcinek prosty,Droga wojewódzka,Jednojezdniowa dwukierunkowa,N,POWIAT KOZIENICKI,GNIEWOSZÓW - OBSZAR WIEJSKI
1,0,1,2019,"Mgła, dym",Zderzenie pojazdów tylne,"Mgła, dym",Noc - droga nieoświetlona,Jezdnia,EWK-108501965P,18,2019-12-19,Ciężko,21*19'271,52*37'426,618,Obszar niezabudowany,Odcinek prosty,Droga wojewódzka,Jednojezdniowa dwukierunkowa,N,POWIAT WYSZKOWSKI,SOMIANKA - OBSZAR WIEJSKI
1,0,0,2019,"Mgła, dym",Zderzenie pojazdów tylne,"Mgła, dym",Noc - droga nieoświetlona,Jezdnia,EWK-108501965P,18,2019-12-19,Nieokreślone (puste pole),21*19'271,52*37'426,618,Obszar niezabudowany,Odcinek prosty,Droga wojewódzka,Jednojezdniowa dwukierunkowa,N,POWIAT WYSZKOWSKI,SOMIANKA - OBSZAR WIEJSKI
1,0,3,2019,"Mgła, dym",Zderzenie pojazdów tylne,"Mgła, dym",Noc - droga oświetlona,Jezdnia,EWK-108502993C,17,2019-12-19,Lekko,21*10'569,51*25'135,9,Obszar zabudowany,Odcinek prosty,Droga krajowa,Dwie jezdnie jednokierunkowe,N,POWIAT RADOM,RADOM - OBSZAR MIEJSKI
1,0,1,2019,"Mgła, dym",Zderzenie pojazdów tylne,"Mgła, dym",Światło dzienne,Jezdnia,EWK-108251526X,9,2019-10-23,Lekko,20*20'107,52*07'060,50,Obszar zabudowany,,Droga krajowa,Jednojezdniowa dwukierunkowa,N,POWIAT ŻYRARDOWSKI,WISKITKI - OBSZAR WIEJSKI
1,0,0,2019,"Mgła, dym",Zderzenie pojazdów tylne,"Mgła, dym",Światło dzienne,Jezdnia,EWK-108251526X,9,2019-10-23,Nieokreślone (puste pole),20*20'107,52*07'060,50,Obszar zabudowany,,Droga krajowa,Jednojezdniowa dwukierunkowa,N,POWIAT ŻYRARDOWSKI,WISKITKI - OBSZAR WIEJSKI
1,1,0,2019,"Mgła, dym",Zderzenie pojazdów tylne,"Mgła, dym",Światło dzienne,Jezdnia,EWK-108499439F,9,2019-12-19,Nieokreślone (puste pole),21*04'130,52*53'576,57,Obszar niezabudowany,Odcinek prosty,Droga krajowa,Jednojezdniowa dwukierunkowa,N,POWIAT MAKOWSKI,PŁONIAWY-BRAMURA - OBSZAR WIEJSKI
1,0,1,2019,Opady deszczu,Inne,Opady deszczu,Noc - droga nieoświetlona,Jezdnia,EWK-107927516H,20,2019-05-15,Ciężko,20*50'319,53*01'132,544,Obszar niezabudowany,"Zakręt, łuk",Droga wojewódzka,Jednojezdniowa dwukierunkowa,N,POWIAT PRZASNYSKI,PRZASNYSZ - OBSZAR WIEJSKI
1,0,1,2019,Opady deszczu,Inne,Opady deszczu,Noc - droga nieoświetlona,Jezdnia,EWK-108090324E,22,2019-08-10,Lekko,21*33'288,51*32'331,79,Obszar niezabudowany,Odcinek prosty,Droga krajowa,Jednojezdniowa dwukierunkowa,N,POWIAT KOZIENICKI,KOZIENICE - OBSZAR WIEJSKI
1,0,1,2019,Opady deszczu,Inne,Opady deszczu,Noc - droga oświetlona,"Chodnik, droga dla pieszych",EWK-107626490M,0,2019-01-13,Lekko,20*37'300,53*3'450,616,Obszar zabudowany,Odcinek prosty,Droga wojewódzka,Jednojezdniowa dwukierunkowa,N,POWIAT CIECHANOWSKI,GRUDUSK - OBSZAR WIEJSKI
1,0,0,2019,Opady deszczu,Inne,Opady deszczu,Noc - droga oświetlona,"Chodnik, droga dla pieszych",EWK-107626490M,0,2019-01-13,Nieokreślone (puste pole),20*37'300,53*3'450,616,Obszar zabudowany,Odcinek prosty,Droga wojewódzka,Jednojezdniowa dwukierunkowa,N,POWIAT CIECHANOWSKI,GRUDUSK - OBSZAR WIEJSKI
1,0,1,2019,Opady deszczu,Inne,Opady deszczu,Noc - droga oświetlona,Jezdnia,EWK-108294120L,17,2019-11-05,Ciężko,21*21'308,51*09'102,747,Obszar zabudowany,Odcinek prosty,Droga wojewódzka,Jednojezdniowa dwukierunkowa,T,POWIAT LIPSKI,RZECZNIÓW - OBSZAR WIEJSKI
1,0,0,2019,Opady deszczu,Inne,Opady deszczu,Noc - droga oświetlona,Jezdnia,EWK-108294120L,17,2019-11-05,Nieokreślone (puste pole),21*21'308,51*09'102,747,Obszar zabudowany,Odcinek prosty,Droga wojewódzka,Jednojezdniowa dwukierunkowa,T,POWIAT LIPSKI,RZECZNIÓW - OBSZAR WIEJSKI
1,0,2,2019,Opady deszczu,Inne,Opady deszczu,Noc - droga oświetlona,Pobocze,EWK-108262020T,18,2019-10-27,Lekko,21*21'556,51*34'045,P1716W,Obszar zabudowany,,Droga powiatowa,Jednojezdniowa dwukierunkowa,N,POWIAT KOZIENICKI,GŁOWACZÓW - OBSZAR WIEJSKI
1,0,1,2019,Opady deszczu,Inne,Opady deszczu,Noc - droga oświetlona,Przejście dla pieszych,EWK-107734598M,21,2019-03-03,Ciężko,21*05'494,52*51'489,G210449W,Obszar zabudowany,,Droga gminna,Jednojezdniowa dwukierunkowa,N,POWIAT MAKOWSKI,MAKÓW MAZOWIECKI - OBSZAR MIEJSKI
1,0,0,2019,Opady deszczu,Inne,Opady deszczu,Noc - droga oświetlona,Przejście dla pieszych,EWK-107734598M,21,2019-03-03,Nieokreślone (puste pole),21*05'494,52*51'489,G210449W,Obszar zabudowany,,Droga gminna,Jednojezdniowa dwukierunkowa,N,POWIAT MAKOWSKI,MAKÓW MAZOWIECKI - OBSZAR MIEJSKI
1,0,1,2019,Opady deszczu,Inne,Opady deszczu,Noc - droga oświetlona,Przejście dla pieszych,EWK-108489801Q,19,2019-12-14,Lekko,20*23'16,53*06'444,544,Obszar zabudowany,,Droga wojewódzka,Jednojezdniowa dwukierunkowa,T,POWIAT MŁAWSKI,MŁAWA - OBSZAR MIEJSKI
1,0,0,2019,Opady deszczu,Inne,Opady deszczu,Noc - droga oświetlona,Przejście dla pieszych,EWK-108489801Q,19,2019-12-14,Nieokreślone (puste pole),20*23'16,53*06'444,544,Obszar zabudowany,,Droga wojewódzka,Jednojezdniowa dwukierunkowa,T,POWIAT MŁAWSKI,MŁAWA - OBSZAR MIEJSKI
1,0,1,2019,Opady deszczu,Inne,Opady deszczu,Światło dzienne,Jezdnia,EWK-107922131A,17,2019-05-12,Lekko,20*59'457,51*39'090,48,Obszar niezabudowany,,Droga krajowa,Jednojezdniowa dwukierunkowa,N,POWIAT BIAŁOBRZESKI,BIAŁOBRZEGI - OBSZAR WIEJSKI
1,0,1,2019,Opady deszczu,Inne,Opady deszczu,Światło dzienne,"Most, wiadukt, łącznica, tunel",EWK-107714374F,8,2019-02-21,Ciężko,21*23'316,52*30'360,P1811W,Obszar zabudowany,Odcinek prosty,Droga powiatowa,Jednojezdniowa dwukierunkowa,N,POWIAT WYSZKOWSKI,ZABRODZIE - OBSZAR WIEJSKI
1,0,1,2019,Opady deszczu,Inne,Opady deszczu,Światło dzienne,"Most, wiadukt, łącznica, tunel",EWK-107714374F,8,2019-02-21,Lekko,21*23'316,52*30'360,P1811W,Obszar zabudowany,Odcinek prosty,Droga powiatowa,Jednojezdniowa dwukierunkowa,N,POWIAT WYSZKOWSKI,ZABRODZIE - OBSZAR WIEJSKI
1,0,0,2019,Opady deszczu,Inne,Opady deszczu,Światło dzienne,"Most, wiadukt, łącznica, tunel",EWK-107714374F,8,2019-02-21,Nieokreślone (puste pole),21*23'316,52*30'360,P1811W,Obszar zabudowany,Odcinek prosty,Droga powiatowa,Jednojezdniowa dwukierunkowa,N,POWIAT WYSZKOWSKI,ZABRODZIE - OBSZAR WIEJSKI
1,0,1,2019,Opady deszczu,Inne,Opady deszczu,"Świt, zmrok",Jezdnia,EWK-107761397W,20,2019-03-15,Lekko,21*13'175,51*53'100,731,Obszar niezabudowany,"Zakręt, łuk",Droga wojewódzka,Jednojezdniowa dwukierunkowa,T,POWIAT GRÓJECKI,WARKA - OBSZAR WIEJSKI
1,0,2,2019,Opady deszczu,Najechanie na barierę ochronną,Opady deszczu,Noc - droga nieoświetlona,Pobocze,EWK-108262200N,18,2019-10-27,Lekko,21*16'139,51*36'122,48,Obszar niezabudowany,"Zakręt, łuk",Droga krajowa,Jednojezdniowa dwukierunkowa,N,POWIAT KOZIENICKI,GŁOWACZÓW - OBSZAR WIEJSKI
1,0,0,2019,Opady deszczu,Najechanie na barierę ochronną,Opady deszczu,Noc - droga nieoświetlona,Pobocze,EWK-108262200N,18,2019-10-27,Nieokreślone (puste pole),21*16'139,51*36'122,48,Obszar niezabudowany,"Zakręt, łuk",Droga krajowa,Jednojezdniowa dwukierunkowa,N,POWIAT KOZIENICKI,GŁOWACZÓW - OBSZAR WIEJSKI
1,0,1,2019,Opady deszczu,Najechanie na drzewo,Opady deszczu,Noc - droga nieoświetlona,Jezdnia,EWK-107738523P,22,2019-03-04,Lekko,22*23'346,52*29'125,P3917W,Obszar niezabudowany,Odcinek prosty,Droga powiatowa,Jednojezdniowa dwukierunkowa,N,POWIAT SOKOŁOWSKI,SABNIE - OBSZAR WIEJSKI
1,0,1,2019,Opady deszczu,Najechanie na drzewo,Opady deszczu,Noc - droga nieoświetlona,Jezdnia,EWK-108188388M,0,2019-09-28,Lekko,19*46'498,52*49'084,10,Obszar niezabudowany,Odcinek prosty,Droga krajowa,Jednojezdniowa dwukierunkowa,N,POWIAT SIERPECKI,ZAWIDZ - OBSZAR WIEJSKI
1,0,1,2019,Opady deszczu,Najechanie na drzewo,Opady deszczu,Noc - droga nieoświetlona,Pobocze,EWK-108366703T,19,2019-11-25,Lekko,21*11'591,53*22'250,GMINNA,Obszar niezabudowany,Odcinek prosty,Droga gminna,Jednojezdniowa dwukierunkowa,T,POWIAT OSTROŁĘCKI,CZARNIA - OBSZAR WIEJSKI
1,1,0,2019,Opady deszczu,Najechanie na drzewo,Opady deszczu,Noc - droga nieoświetlona,Pobocze,EWK-108366703T,19,2019-11-25,Nieokreślone (puste pole),21*11'591,53*22'250,GMINNA,Obszar niezabudowany,Odcinek prosty,Droga gminna,Jednojezdniowa dwukierunkowa,T,POWIAT OSTROŁĘCKI,CZARNIA - OBSZAR WIEJSKI
1,0,1,2019,Opady deszczu,Najechanie na drzewo,Opady deszczu,Noc - droga nieoświetlona,"Skarpa, rów",EWK-108512004F,3,2019-12-14,Ciężko,21*28'399,52*47'192,2576W,Obszar zabudowany,Odcinek prosty,Droga powiatowa,Jednojezdniowa dwukierunkowa,N,POWIAT WYSZKOWSKI,DŁUGOSIODŁO - OBSZAR WIEJSKI
1,0,0,2019,Opady deszczu,Najechanie na drzewo,Opady deszczu,Noc - droga nieoświetlona,"Skarpa, rów",EWK-108512004F,3,2019-12-14,Nieokreślone (puste pole),21*28'399,52*47'192,2576W,Obszar zabudowany,Odcinek prosty,Droga powiatowa,Jednojezdniowa dwukierunkowa,N,POWIAT WYSZKOWSKI,DŁUGOSIODŁO - OBSZAR WIEJSKI
1,0,2,2019,Opady deszczu,Najechanie na drzewo,Opady deszczu,Noc - droga nieoświetlona,"Skarpa, rów",EWK-108517289F,3,2019-12-26,Lekko,19*57'342,52*34'028,P2935W,Obszar niezabudowany,Odcinek prosty,Droga powiatowa,Jednojezdniowa dwukierunkowa,T,POWIAT PŁOCKI,BULKOWO - OBSZAR WIEJSKI
1,0,1,2019,Opady deszczu,Najechanie na drzewo,Opady deszczu,Noc - droga oświetlona,"Chodnik, droga dla pieszych",EWK-108027407N,0,2019-07-07,Ciężko,20*36'269,52*52'586,615,Obszar zabudowany,Odcinek prosty,Droga wojewódzka,Jednojezdniowa dwukierunkowa,T,POWIAT CIECHANOWSKI,CIECHANÓW - OBSZAR MIEJSKI
1,0,1,2019,Opady deszczu,Najechanie na drzewo,Opady deszczu,Noc - droga oświetlona,"Chodnik, droga dla pieszych",EWK-108027407N,0,2019-07-07,Lekko,20*36'269,52*52'586,615,Obszar zabudowany,Odcinek prosty,Droga wojewódzka,Jednojezdniowa dwukierunkowa,T,POWIAT CIECHANOWSKI,CIECHANÓW - OBSZAR MIEJSKI
1,0,1,2019,Opady deszczu,Najechanie na drzewo,Opady deszczu,Noc - droga oświetlona,Jezdnia,EWK-107646966X,20,2019-01-17,Lekko,21*23'240,51*50'503,801,Obszar niezabudowany,Odcinek prosty,Droga wojewódzka,Jednojezdniowa dwukierunkowa,N,POWIAT GARWOLIŃSKI,WILGA - OBSZAR WIEJSKI
1,0,1,2019,Opady deszczu,Najechanie na drzewo,Opady deszczu,Noc - droga oświetlona,Pobocze,EWK-108507352P,20,2019-12-21,Lekko,20*51'452,51*44'525,G160403W,Obszar niezabudowany,Odcinek prosty,Droga gminna,Jednojezdniowa dwukierunkowa,N,POWIAT GRÓJECKI,GOSZCZYN - OBSZAR WIEJSKI
1,0,0,2019,Opady deszczu,Najechanie na drzewo,Opady deszczu,Noc - droga oświetlona,Pobocze,EWK-108507352P,20,2019-12-21,Nieokreślone (puste pole),20*51'452,51*44'525,G160403W,Obszar niezabudowany,Odcinek prosty,Droga gminna,Jednojezdniowa dwukierunkowa,N,POWIAT GRÓJECKI,GOSZCZYN - OBSZAR WIEJSKI
1,1,0,2019,Opady deszczu,Najechanie na drzewo,Opady deszczu,Światło dzienne,Jezdnia,EWK-107719210Y,14,2019-02-21,Nieokreślone (puste pole),22*24'556,52*10'388,698,Obszar niezabudowany,Odcinek prosty,Droga wojewódzka,Jednojezdniowa dwukierunkowa,N,POWIAT SIEDLECKI,SIEDLCE - OBSZAR WIEJSKI
1,0,1,2019,Opady deszczu,Najechanie na drzewo,Opady deszczu,Światło dzienne,Pobocze,EWK-108133438A,9,2019-09-03,Ciężko,21*27'139,51*47'044,P1345W,Obszar niezabudowany,"Zakręt, łuk",Droga powiatowa,Jednojezdniowa dwukierunkowa,N,POWIAT GARWOLIŃSKI,ŁASKARZEW - OBSZAR WIEJSKI
1,1,0,2019,Opady deszczu,Najechanie na drzewo,Opady deszczu,Światło dzienne,Pobocze,EWK-108287367H,9,2019-11-04,Nieokreślone (puste pole),21*38'167,51*58'349,P1314W,Obszar niezabudowany,"Zakręt, łuk",Droga powiatowa,Jednojezdniowa dwukierunkowa,N,POWIAT GARWOLIŃSKI,PARYSÓW - OBSZAR WIEJSKI
1,0,1,2019,Opady deszczu,Najechanie na drzewo,Opady deszczu,Światło dzienne,"Skarpa, rów",EWK-107927538F,18,2019-05-15,Ciężko,21*32'037,52*34'465,62,Obszar niezabudowany,"Zakręt, łuk",Droga krajowa,Jednojezdniowa dwukierunkowa,N,POWIAT WYSZKOWSKI,WYSZKÓW - OBSZAR WIEJSKI
1,4,0,2019,Opady deszczu,Najechanie na drzewo,Opady deszczu,Światło dzienne,"Skarpa, rów",EWK-107927538F,18,2019-05-15,Nieokreślone (puste pole),21*32'037,52*34'465,62,Obszar niezabudowany,"Zakręt, łuk",Droga krajowa,Jednojezdniowa dwukierunkowa,N,POWIAT WYSZKOWSKI,WYSZKÓW - OBSZAR WIEJSKI
1,1,0,2019,Opady deszczu,Najechanie na pieszego,Opady deszczu,Noc - droga nieoświetlona,Jezdnia,EWK-107765145N,19,2019-03-15,Nieokreślone (puste pole),20*00'494,52*33'572,P2932W,Obszar niezabudowany,Odcinek prosty,Droga powiatowa,Jednojezdniowa dwukierunkowa,T,POWIAT PŁOCKI,BULKOWO - OBSZAR WIEJSKI
1,1,0,2019,Opady deszczu,Najechanie na pieszego,Opady deszczu,Noc - droga nieoświetlona,Jezdnia,EWK-108295109U,16,2019-11-04,Nieokreślone (puste pole),22*48'553,52*11'130,698,Obszar zabudowany,Odcinek prosty,Droga wojewódzka,Jednojezdniowa dwukierunkowa,N,POWIAT ŁOSICKI,ŁOSICE - OBSZAR WIEJSKI
1,0,1,2019,Opady deszczu,Najechanie na pieszego,Opady deszczu,Noc - droga nieoświetlona,Jezdnia,EWK-108360043W,20,2019-11-21,Lekko,21*07'391,51*20'167,744,Obszar zabudowany,Odcinek prosty,Droga wojewódzka,Jednojezdniowa dwukierunkowa,N,POWIAT RADOMSKI,KOWALA - OBSZAR WIEJSKI
1,0,0,2019,Opady deszczu,Najechanie na pieszego,Opady deszczu,Noc - droga nieoświetlona,Jezdnia,EWK-108360043W,20,2019-11-21,Nieokreślone (puste pole),21*07'391,51*20'167,744,Obszar zabudowany,Odcinek prosty,Droga wojewódzka,Jednojezdniowa dwukierunkowa,N,POWIAT RADOMSKI,KOWALA - OBSZAR WIEJSKI
1,1,0,2019,Opady deszczu,Najechanie na pieszego,Opady deszczu,Noc - droga nieoświetlona,Jezdnia,EWK-108516958Q,16,2019-12-26,Nieokreślone (puste pole),21*48'255,52*52'097,627,Obszar niezabudowany,Odcinek prosty,Droga wojewódzka,Jednojezdniowa dwukierunkowa,N,POWIAT OSTROWSKI,OSTRÓW MAZOWIECKA - OBSZAR WIEJSKI
1,1,0,2019,Opady deszczu,Najechanie na pieszego,Opady deszczu,Noc - droga nieoświetlona,Przejście dla pieszych,EWK-107748536R,21,2019-03-09,Nieokreślone (puste pole),20*16'582,52*13'310,92,Obszar niezabudowany,Odcinek prosty,Droga krajowa,Jednojezdniowa dwukierunkowa,N,POWIAT SOCHACZEWSKI,SOCHACZEW - OBSZAR WIEJSKI
1,0,1,2019,Opady deszczu,Najechanie na pieszego,Opady deszczu,Noc - droga oświetlona,Jezdnia,EWK-107643743U,16,2019-01-16,Lekko,22*01'157,52*02'068,P3648W,Obszar zabudowany,Spadek,Droga powiatowa,Jednojezdniowa dwukierunkowa,T,POWIAT SIEDLECKI,WODYNIE - OBSZAR WIEJSKI
1,0,0,2019,Opady deszczu,Najechanie na pieszego,Opady deszczu,Noc - droga oświetlona,Jezdnia,EWK-107643743U,16,2019-01-16,Nieokreślone (puste pole),22*01'157,52*02'068,P3648W,Obszar zabudowany,Spadek,Droga powiatowa,Jednojezdniowa dwukierunkowa,T,POWIAT SIEDLECKI,WODYNIE - OBSZAR WIEJSKI
1,0,1,2019,Opady deszczu,Najechanie na pieszego,Opady deszczu,Noc - droga oświetlona,Jezdnia,EWK-108164270Y,18,2019-09-17,Ciężko,22*14'488,52*08'106,P,Obszar zabudowany,Odcinek prosty,Droga powiatowa,Jednojezdniowa dwukierunkowa,N,POWIAT SIEDLCE,SIEDLCE - OBSZAR MIEJSKI
1,0,0,2019,Opady deszczu,Najechanie na pieszego,Opady deszczu,Noc - droga oświetlona,Jezdnia,EWK-108164270Y,18,2019-09-17,Nieokreślone (puste pole),22*14'488,52*08'106,P,Obszar zabudowany,Odcinek prosty,Droga powiatowa,Jednojezdniowa dwukierunkowa,N,POWIAT SIEDLCE,SIEDLCE - OBSZAR MIEJSKI
1,0,1,2019,Opady deszczu,Najechanie na pieszego,Opady deszczu,Noc - droga oświetlona,Jezdnia,EWK-108164281P,20,2019-09-17,Ciężko,21*01'218,51*26'042,740,Obszar zabudowany,Odcinek prosty,Droga wojewódzka,Jednojezdniowa dwukierunkowa,N,POWIAT RADOMSKI,ZAKRZEW - OBSZAR WIEJSKI
1,0,0,2019,Opady deszczu,Najechanie na pieszego,Opady deszczu,Noc - droga oświetlona,Jezdnia,EWK-108164281P,20,2019-09-17,Nieokreślone (puste pole),21*01'218,51*26'042,740,Obszar zabudowany,Odcinek prosty,Droga wojewódzka,Jednojezdniowa dwukierunkowa,N,POWIAT RADOMSKI,ZAKRZEW - OBSZAR WIEJSKI
1,0,2,2019,Opady deszczu,Najechanie na pieszego,Opady deszczu,Noc - droga oświetlona,Jezdnia,EWK-108182225F,18,2019-09-25,Ciężko,20*16'565,52*15'554,705,Obszar zabudowany,Odcinek prosty,Droga wojewódzka,Jednojezdniowa dwukierunkowa,N,POWIAT SOCHACZEWSKI,SOCHACZEW - OBSZAR MIEJSKI
1,0,0,2019,Opady deszczu,Najechanie na pieszego,Opady deszczu,Noc - droga oświetlona,Jezdnia,EWK-108182225F,18,2019-09-25,Nieokreślone (puste pole),20*16'565,52*15'554,705,Obszar zabudowany,Odcinek prosty,Droga wojewódzka,Jednojezdniowa dwukierunkowa,N,POWIAT SOCHACZEWSKI,SOCHACZEW - OBSZAR MIEJSKI
1,0,1,2019,Opady deszczu,Najechanie na pieszego,Opady deszczu,Noc - droga oświetlona,Jezdnia,EWK-108307516X,18,2019-11-10,Lekko,22*15'505,52*09'425,803,Obszar zabudowany,Odcinek prosty,Droga wojewódzka,Jednojezdniowa dwukierunkowa,T,POWIAT SIEDLCE,SIEDLCE - OBSZAR MIEJSKI
1,0,0,2019,Opady deszczu,Najechanie na pieszego,Opady deszczu,Noc - droga oświetlona,Jezdnia,EWK-108307516X,18,2019-11-10,Nieokreślone (puste pole),22*15'505,52*09'425,803,Obszar zabudowany,Odcinek prosty,Droga wojewódzka,Jednojezdniowa dwukierunkowa,T,POWIAT SIEDLCE,SIEDLCE - OBSZAR MIEJSKI
1,0,1,2019,Opady deszczu,Najechanie na pieszego,Opady deszczu,Noc - droga oświetlona,Jezdnia,EWK-108314994D,22,2019-11-12,Ciężko,21*52'504,52*47'368,GMINNA,Obszar zabudowany,Odcinek prosty,Droga gminna,Jednojezdniowa dwukierunkowa,N,POWIAT OSTROWSKI,OSTRÓW MAZOWIECKA - OBSZAR MIEJSKI