Liczba wypadków,Liczba zabitych,Liczba rannych,Rok,Warunki atmosferyczne,Rodzaj zdarzenia,Warunki atmosferyczne,Oświetlenie,Charakterystyka miejsca zdarzenia,IDKSIP zdarzenia,Godzina,Dzień,Ranny,GPS x,GPS y,Numer drogi,Obszar,Geometria drogi,Kategoria drogi 1,Rodzaj drogi,Czy w zdarzeniu był sprawca nietrzeźwy,Powiat,Gmina
1,0,0,2019,Opady deszczu,Najechanie na pieszego,Opady deszczu,Noc - droga oświetlona,Jezdnia,EWK-108314994D,22,2019-11-12,Nieokreślone (puste pole),21*52'504,52*47'368,GMINNA,Obszar zabudowany,Odcinek prosty,Droga gminna,Jednojezdniowa dwukierunkowa,N,POWIAT OSTROWSKI,OSTRÓW MAZOWIECKA - OBSZAR MIEJSKI
1,0,1,2019,Opady deszczu,Najechanie na pieszego,Opady deszczu,Noc - droga oświetlona,Jezdnia,EWK-108422274G,21,2019-12-07,Ciężko,21*00'131,51*26'218,740,Obszar zabudowany,Odcinek prosty,Droga wojewódzka,Jednojezdniowa dwukierunkowa,T,POWIAT RADOMSKI,ZAKRZEW - OBSZAR WIEJSKI
1,0,0,2019,Opady deszczu,Najechanie na pieszego,Opady deszczu,Noc - droga oświetlona,Jezdnia,EWK-108422274G,21,2019-12-07,Nieokreślone (puste pole),21*00'131,51*26'218,740,Obszar zabudowany,Odcinek prosty,Droga wojewódzka,Jednojezdniowa dwukierunkowa,T,POWIAT RADOMSKI,ZAKRZEW - OBSZAR WIEJSKI
1,1,0,2019,Opady deszczu,Najechanie na pieszego,Opady deszczu,Noc - droga oświetlona,Jezdnia,EWK-108511308U,16,2019-12-23,Nieokreślone (puste pole),21*39'334,51*09'271,GMINNA,Obszar zabudowany,Odcinek prosty,Droga gminna,Jednojezdniowa dwukierunkowa,T,POWIAT LIPSKI,LIPSKO - OBSZAR MIEJSKI
1,1,0,2019,Opady deszczu,Najechanie na pieszego,Opady deszczu,Noc - droga oświetlona,Jezdnia,EWK-108511597D,16,2019-12-23,Nieokreślone (puste pole),21*08'577,51*28'133,GMINNA,Obszar zabudowany,Odcinek prosty,Droga gminna,Jednojezdniowa dwukierunkowa,N,POWIAT RADOMSKI,JEDLIŃSK - OBSZAR WIEJSKI
1,0,1,2019,Opady deszczu,Najechanie na pieszego,Opady deszczu,Noc - droga oświetlona,"Most, wiadukt, łącznica, tunel",EWK-107900423N,23,2019-04-29,Ciężko,20*57'572,51*22'473,12,Obszar zabudowany,Odcinek prosty,Droga krajowa,Jednojezdniowa dwukierunkowa,N,POWIAT RADOMSKI,WOLANÓW - OBSZAR WIEJSKI
1,0,0,2019,Opady deszczu,Najechanie na pieszego,Opady deszczu,Noc - droga oświetlona,"Most, wiadukt, łącznica, tunel",EWK-107900423N,23,2019-04-29,Nieokreślone (puste pole),20*57'572,51*22'473,12,Obszar zabudowany,Odcinek prosty,Droga krajowa,Jednojezdniowa dwukierunkowa,N,POWIAT RADOMSKI,WOLANÓW - OBSZAR WIEJSKI
1,0,1,2019,Opady deszczu,Najechanie na pieszego,Opady deszczu,Noc - droga oświetlona,Przejście dla pieszych,EWK-107564904M,16,2019-01-02,Ciężko,21*27'081,52*35'393,618,Obszar zabudowany,,Droga wojewódzka,Jednojezdniowa dwukierunkowa,N,POWIAT WYSZKOWSKI,WYSZKÓW - OBSZAR MIEJSKI
1,0,0,2019,Opady deszczu,Najechanie na pieszego,Opady deszczu,Noc - droga oświetlona,Przejście dla pieszych,EWK-107564904M,16,2019-01-02,Nieokreślone (puste pole),21*27'081,52*35'393,618,Obszar zabudowany,,Droga wojewódzka,Jednojezdniowa dwukierunkowa,N,POWIAT WYSZKOWSKI,WYSZKÓW - OBSZAR MIEJSKI
1,0,1,2019,Opady deszczu,Najechanie na pieszego,Opady deszczu,Noc - droga oświetlona,Przejście dla pieszych,EWK-107627956R,16,2019-01-13,Lekko,21*33'071,51*35'062,48,Obszar zabudowany,,Droga krajowa,Jednojezdniowa dwukierunkowa,N,POWIAT KOZIENICKI,KOZIENICE - OBSZAR MIEJSKI
1,0,0,2019,Opady deszczu,Najechanie na pieszego,Opady deszczu,Noc - droga oświetlona,Przejście dla pieszych,EWK-107627956R,16,2019-01-13,Nieokreślone (puste pole),21*33'071,51*35'062,48,Obszar zabudowany,,Droga krajowa,Jednojezdniowa dwukierunkowa,N,POWIAT KOZIENICKI,KOZIENICE - OBSZAR MIEJSKI
1,0,1,2019,Opady deszczu,Najechanie na pieszego,Opady deszczu,Noc - droga oświetlona,Przejście dla pieszych,EWK-107628630R,18,2019-01-13,Lekko,20*37'209,52*52'119,50,Obszar zabudowany,Odcinek prosty,Droga krajowa,Jednojezdniowa dwukierunkowa,N,POWIAT CIECHANOWSKI,CIECHANÓW - OBSZAR MIEJSKI
1,0,0,2019,Opady deszczu,Najechanie na pieszego,Opady deszczu,Noc - droga oświetlona,Przejście dla pieszych,EWK-107628630R,18,2019-01-13,Nieokreślone (puste pole),20*37'209,52*52'119,50,Obszar zabudowany,Odcinek prosty,Droga krajowa,Jednojezdniowa dwukierunkowa,N,POWIAT CIECHANOWSKI,CIECHANÓW - OBSZAR MIEJSKI
1,0,1,2019,Opady deszczu,Najechanie na pieszego,Opady deszczu,Noc - droga oświetlona,Przejście dla pieszych,EWK-107635288M,17,2019-01-14,Lekko,21*10'327,51*24'459,P5329W,Obszar zabudowany,Odcinek prosty,Droga powiatowa,Jednojezdniowa dwukierunkowa,N,POWIAT RADOM,RADOM - OBSZAR MIEJSKI
1,0,0,2019,Opady deszczu,Najechanie na pieszego,Opady deszczu,Noc - droga oświetlona,Przejście dla pieszych,EWK-107635288M,17,2019-01-14,Nieokreślone (puste pole),21*10'327,51*24'459,P5329W,Obszar zabudowany,Odcinek prosty,Droga powiatowa,Jednojezdniowa dwukierunkowa,N,POWIAT RADOM,RADOM - OBSZAR MIEJSKI
1,0,1,2019,Opady deszczu,Najechanie na pieszego,Opady deszczu,Noc - droga oświetlona,Przejście dla pieszych,EWK-107693568A,17,2019-02-11,Lekko,21*53'594,52*48'072,627,Obszar zabudowany,Odcinek prosty,Droga wojewódzka,Jednojezdniowa dwukierunkowa,N,POWIAT OSTROWSKI,OSTRÓW MAZOWIECKA - OBSZAR MIEJSKI
1,0,0,2019,Opady deszczu,Najechanie na pieszego,Opady deszczu,Noc - droga oświetlona,Przejście dla pieszych,EWK-107693568A,17,2019-02-11,Nieokreślone (puste pole),21*53'594,52*48'072,627,Obszar zabudowany,Odcinek prosty,Droga wojewódzka,Jednojezdniowa dwukierunkowa,N,POWIAT OSTROWSKI,OSTRÓW MAZOWIECKA - OBSZAR MIEJSKI
1,0,1,2019,Opady deszczu,Najechanie na pieszego,Opady deszczu,Noc - droga oświetlona,Przejście dla pieszych,EWK-107719272J,17,2019-02-21,Lekko,21*32'564,51*35'032,G170598W,Obszar zabudowany,,Droga gminna,Jednojezdniowa dwukierunkowa,N,POWIAT KOZIENICKI,KOZIENICE - OBSZAR MIEJSKI
1,0,0,2019,Opady deszczu,Najechanie na pieszego,Opady deszczu,Noc - droga oświetlona,Przejście dla pieszych,EWK-107719272J,17,2019-02-21,Nieokreślone (puste pole),21*32'564,51*35'032,G170598W,Obszar zabudowany,,Droga gminna,Jednojezdniowa dwukierunkowa,N,POWIAT KOZIENICKI,KOZIENICE - OBSZAR MIEJSKI
1,0,1,2019,Opady deszczu,Najechanie na pieszego,Opady deszczu,Noc - droga oświetlona,Przejście dla pieszych,EWK-107761380X,19,2019-03-15,Lekko,19*42'189,52*32'483,60,Obszar zabudowany,Odcinek prosty,Droga krajowa,Dwie jezdnie jednokierunkowe,N,POWIAT PŁOCK,PŁOCK - OBSZAR MIEJSKI
1,0,0,2019,Opady deszczu,Najechanie na pieszego,Opady deszczu,Noc - droga oświetlona,Przejście dla pieszych,EWK-107761380X,19,2019-03-15,Nieokreślone (puste pole),19*42'189,52*32'483,60,Obszar zabudowany,Odcinek prosty,Droga krajowa,Dwie jezdnie jednokierunkowe,N,POWIAT PŁOCK,PŁOCK - OBSZAR MIEJSKI
1,0,1,2019,Opady deszczu,Najechanie na pieszego,Opady deszczu,Noc - droga oświetlona,Przejście dla pieszych,EWK-108155870R,19,2019-09-13,Lekko,20*26'227,52*03'161,GMINNA,Obszar zabudowany,Odcinek prosty,Droga gminna,Jednojezdniowa dwukierunkowa,N,POWIAT ŻYRARDOWSKI,ŻYRARDÓW - OBSZAR MIEJSKI
1,0,0,2019,Opady deszczu,Najechanie na pieszego,Opady deszczu,Noc - droga oświetlona,Przejście dla pieszych,EWK-108155870R,19,2019-09-13,Nieokreślone (puste pole),20*26'227,52*03'161,GMINNA,Obszar zabudowany,Odcinek prosty,Droga gminna,Jednojezdniowa dwukierunkowa,N,POWIAT ŻYRARDOWSKI,ŻYRARDÓW - OBSZAR MIEJSKI
1,0,1,2019,Opady deszczu,Najechanie na pieszego,Opady deszczu,Noc - droga oświetlona,Przejście dla pieszych,EWK-108166279A,19,2019-09-18,Lekko,20*22'235,52*38'014,P3074W,Obszar zabudowany,Odcinek prosty,Droga powiatowa,Jednojezdniowa dwukierunkowa,N,POWIAT PŁOŃSKI,PŁOŃSK - OBSZAR MIEJSKI
1,0,0,2019,Opady deszczu,Najechanie na pieszego,Opady deszczu,Noc - droga oświetlona,Przejście dla pieszych,EWK-108166279A,19,2019-09-18,Nieokreślone (puste pole),20*22'235,52*38'014,P3074W,Obszar zabudowany,Odcinek prosty,Droga powiatowa,Jednojezdniowa dwukierunkowa,N,POWIAT PŁOŃSKI,PŁOŃSK - OBSZAR MIEJSKI
1,0,1,2019,Opady deszczu,Najechanie na pieszego,Opady deszczu,Noc - droga oświetlona,Przejście dla pieszych,EWK-108198132P,18,2019-09-30,Lekko,22*14'499,52*09'381,GMINNA,Obszar zabudowany,Odcinek prosty,Droga gminna,Jednojezdniowa dwukierunkowa,N,POWIAT SIEDLCE,SIEDLCE - OBSZAR MIEJSKI
1,0,0,2019,Opady deszczu,Najechanie na pieszego,Opady deszczu,Noc - droga oświetlona,Przejście dla pieszych,EWK-108198132P,18,2019-09-30,Nieokreślone (puste pole),22*14'499,52*09'381,GMINNA,Obszar zabudowany,Odcinek prosty,Droga gminna,Jednojezdniowa dwukierunkowa,N,POWIAT SIEDLCE,SIEDLCE - OBSZAR MIEJSKI
1,0,1,2019,Opady deszczu,Najechanie na pieszego,Opady deszczu,Noc - droga oświetlona,Przejście dla pieszych,EWK-108207139L,22,2019-10-04,Ciężko,21*07'486,51*23'019,744,Obszar zabudowany,Odcinek prosty,Droga wojewódzka,Jednojezdniowa dwukierunkowa,N,POWIAT RADOM,RADOM - OBSZAR MIEJSKI
1,0,0,2019,Opady deszczu,Najechanie na pieszego,Opady deszczu,Noc - droga oświetlona,Przejście dla pieszych,EWK-108207139L,22,2019-10-04,Nieokreślone (puste pole),21*07'486,51*23'019,744,Obszar zabudowany,Odcinek prosty,Droga wojewódzka,Jednojezdniowa dwukierunkowa,N,POWIAT RADOM,RADOM - OBSZAR MIEJSKI
1,0,1,2019,Opady deszczu,Najechanie na pieszego,Opady deszczu,Noc - droga oświetlona,Przejście dla pieszych,EWK-108230652N,20,2019-09-26,Ciężko,21*08'381,51*24'144,P5347W,Obszar zabudowany,,Droga powiatowa,Jednojezdniowa dwukierunkowa,N,POWIAT RADOM,RADOM - OBSZAR MIEJSKI
1,0,0,2019,Opady deszczu,Najechanie na pieszego,Opady deszczu,Noc - droga oświetlona,Przejście dla pieszych,EWK-108230652N,20,2019-09-26,Nieokreślone (puste pole),21*08'381,51*24'144,P5347W,Obszar zabudowany,,Droga powiatowa,Jednojezdniowa dwukierunkowa,N,POWIAT RADOM,RADOM - OBSZAR MIEJSKI
1,0,1,2019,Opady deszczu,Najechanie na pieszego,Opady deszczu,Noc - droga oświetlona,Przejście dla pieszych,EWK-108292112D,17,2019-11-04,Lekko,21*53'256,52*47'580,GMINNA,Obszar zabudowany,Odcinek prosty,Droga gminna,Jednojezdniowa dwukierunkowa,N,POWIAT OSTROWSKI,OSTRÓW MAZOWIECKA - OBSZAR MIEJSKI
1,0,0,2019,Opady deszczu,Najechanie na pieszego,Opady deszczu,Noc - droga oświetlona,Przejście dla pieszych,EWK-108292112D,17,2019-11-04,Nieokreślone (puste pole),21*53'256,52*47'580,GMINNA,Obszar zabudowany,Odcinek prosty,Droga gminna,Jednojezdniowa dwukierunkowa,N,POWIAT OSTROWSKI,OSTRÓW MAZOWIECKA - OBSZAR MIEJSKI
1,1,0,2019,Opady deszczu,Najechanie na pieszego,Opady deszczu,Noc - droga oświetlona,Przejście dla pieszych,EWK-108292339H,17,2019-11-04,Nieokreślone (puste pole),21*32'031,51*35'419,79,Obszar zabudowany,Odcinek prosty,Droga krajowa,Jednojezdniowa dwukierunkowa,N,POWIAT KOZIENICKI,KOZIENICE - OBSZAR MIEJSKI
1,0,1,2019,Opady deszczu,Najechanie na pieszego,Opady deszczu,Noc - droga oświetlona,Przejście dla pieszych,EWK-108313873K,18,2019-11-12,Lekko,21*31'488,51*35'214,48,Obszar zabudowany,"Zakręt, łuk",Droga krajowa,Jednojezdniowa dwukierunkowa,N,POWIAT KOZIENICKI,KOZIENICE - OBSZAR MIEJSKI
1,0,0,2019,Opady deszczu,Najechanie na pieszego,Opady deszczu,Noc - droga oświetlona,Przejście dla pieszych,EWK-108313873K,18,2019-11-12,Nieokreślone (puste pole),21*31'488,51*35'214,48,Obszar zabudowany,"Zakręt, łuk",Droga krajowa,Jednojezdniowa dwukierunkowa,N,POWIAT KOZIENICKI,KOZIENICE - OBSZAR MIEJSKI
1,0,1,2019,Opady deszczu,Najechanie na pieszego,Opady deszczu,Noc - droga oświetlona,Przejście dla pieszych,EWK-108331432X,20,2019-11-18,Ciężko,20*14'416,52*13'389,705,Obszar zabudowany,,Droga wojewódzka,Jednojezdniowa dwukierunkowa,N,POWIAT SOCHACZEWSKI,SOCHACZEW - OBSZAR MIEJSKI
1,0,0,2019,Opady deszczu,Najechanie na pieszego,Opady deszczu,Noc - droga oświetlona,Przejście dla pieszych,EWK-108331432X,20,2019-11-18,Nieokreślone (puste pole),20*14'416,52*13'389,705,Obszar zabudowany,,Droga wojewódzka,Jednojezdniowa dwukierunkowa,N,POWIAT SOCHACZEWSKI,SOCHACZEW - OBSZAR MIEJSKI
1,0,1,2019,Opady deszczu,Najechanie na pieszego,Opady deszczu,Noc - droga oświetlona,Przejście dla pieszych,EWK-108408797Y,16,2019-12-02,Lekko,20*37'460,52*52'139,G120101W,Obszar zabudowany,Odcinek prosty,Droga gminna,Dwie jezdnie jednokierunkowe,N,POWIAT CIECHANOWSKI,CIECHANÓW - OBSZAR MIEJSKI
1,0,0,2019,Opady deszczu,Najechanie na pieszego,Opady deszczu,Noc - droga oświetlona,Przejście dla pieszych,EWK-108408797Y,16,2019-12-02,Nieokreślone (puste pole),20*37'460,52*52'139,G120101W,Obszar zabudowany,Odcinek prosty,Droga gminna,Dwie jezdnie jednokierunkowe,N,POWIAT CIECHANOWSKI,CIECHANÓW - OBSZAR MIEJSKI
1,0,1,2019,Opady deszczu,Najechanie na pieszego,Opady deszczu,Noc - droga oświetlona,Przejście dla pieszych,EWK-108422152X,17,2019-12-07,Lekko,21*22'538,51*22'422,12,Obszar zabudowany,Odcinek prosty,Droga krajowa,Jednojezdniowa dwukierunkowa,N,POWIAT RADOMSKI,GÓZD - OBSZAR WIEJSKI
1,0,0,2019,Opady deszczu,Najechanie na pieszego,Opady deszczu,Noc - droga oświetlona,Przejście dla pieszych,EWK-108422152X,17,2019-12-07,Nieokreślone (puste pole),21*22'538,51*22'422,12,Obszar zabudowany,Odcinek prosty,Droga krajowa,Jednojezdniowa dwukierunkowa,N,POWIAT RADOMSKI,GÓZD - OBSZAR WIEJSKI
1,0,1,2019,Opady deszczu,Najechanie na pieszego,Opady deszczu,Noc - droga oświetlona,Przejście dla pieszych,EWK-108422490W,16,2019-12-07,Lekko,19*43'226,52*32'330,60,Obszar zabudowany,Odcinek prosty,Droga krajowa,Dwie jezdnie jednokierunkowe,N,POWIAT PŁOCK,PŁOCK - OBSZAR MIEJSKI
1,0,0,2019,Opady deszczu,Najechanie na pieszego,Opady deszczu,Noc - droga oświetlona,Przejście dla pieszych,EWK-108422490W,16,2019-12-07,Nieokreślone (puste pole),19*43'226,52*32'330,60,Obszar zabudowany,Odcinek prosty,Droga krajowa,Dwie jezdnie jednokierunkowe,N,POWIAT PŁOCK,PŁOCK - OBSZAR MIEJSKI
1,0,1,2019,Opady deszczu,Najechanie na pieszego,Opady deszczu,Noc - droga oświetlona,Przejście dla pieszych,EWK-108432076D,16,2019-12-10,Lekko,21*28'536,53*09'152,53,Obszar niezabudowany,,Droga krajowa,Jednojezdniowa dwukierunkowa,N,POWIAT OSTROŁĘCKI,LELIS - OBSZAR WIEJSKI
1,0,0,2019,Opady deszczu,Najechanie na pieszego,Opady deszczu,Noc - droga oświetlona,Przejście dla pieszych,EWK-108432076D,16,2019-12-10,Nieokreślone (puste pole),21*28'536,53*09'152,53,Obszar niezabudowany,,Droga krajowa,Jednojezdniowa dwukierunkowa,N,POWIAT OSTROŁĘCKI,LELIS - OBSZAR WIEJSKI
1,1,0,2019,Opady deszczu,Najechanie na pieszego,Opady deszczu,Noc - droga oświetlona,Przejście dla pieszych,EWK-108490948C,18,2019-12-14,Nieokreślone (puste pole),20*57'403,51*53'163,50,Obszar niezabudowany,Odcinek prosty,Droga krajowa,Jednojezdniowa dwukierunkowa,N,POWIAT GRÓJECKI,CHYNÓW - OBSZAR WIEJSKI
1,0,1,2019,Opady deszczu,Najechanie na pieszego,Opady deszczu,Noc - droga oświetlona,Przejście dla pieszych,EWK-108511515J,18,2019-12-23,Lekko,21*09'051,51*23'514,P5320W,Obszar zabudowany,Odcinek prosty,Droga powiatowa,Jednojezdniowa dwukierunkowa,N,POWIAT RADOM,RADOM - OBSZAR MIEJSKI
1,0,0,2019,Opady deszczu,Najechanie na pieszego,Opady deszczu,Noc - droga oświetlona,Przejście dla pieszych,EWK-108511515J,18,2019-12-23,Nieokreślone (puste pole),21*09'051,51*23'514,P5320W,Obszar zabudowany,Odcinek prosty,Droga powiatowa,Jednojezdniowa dwukierunkowa,N,POWIAT RADOM,RADOM - OBSZAR MIEJSKI
1,0,1,2019,Opady deszczu,Najechanie na pieszego,Opady deszczu,Noc - droga oświetlona,Przejście dla pieszych,EWK-108511921Y,18,2019-12-25,Ciężko,19*27'350,52*25'205,G140194W,Obszar zabudowany,,Droga gminna,Jednojezdniowa dwukierunkowa,N,POWIAT GOSTYNIŃSKI,GOSTYNIN - OBSZAR MIEJSKI
1,0,0,2019,Opady deszczu,Najechanie na pieszego,Opady deszczu,Noc - droga oświetlona,Przejście dla pieszych,EWK-108511921Y,18,2019-12-25,Nieokreślone (puste pole),19*27'350,52*25'205,G140194W,Obszar zabudowany,,Droga gminna,Jednojezdniowa dwukierunkowa,N,POWIAT GOSTYNIŃSKI,GOSTYNIN - OBSZAR MIEJSKI
1,0,1,2019,Opady deszczu,Najechanie na pieszego,Opady deszczu,Noc - droga oświetlona,Przejście dla pieszych,EWK-108513916K,17,2019-12-24,Lekko,19*40'298,52*51'223,541,Obszar zabudowany,"Zakręt, łuk",Droga wojewódzka,Jednojezdniowa dwukierunkowa,N,POWIAT SIERPECKI,SIERPC - OBSZAR MIEJSKI
1,0,0,2019,Opady deszczu,Najechanie na pieszego,Opady deszczu,Noc - droga oświetlona,Przejście dla pieszych,EWK-108513916K,17,2019-12-24,Nieokreślone (puste pole),19*40'298,52*51'223,541,Obszar zabudowany,"Zakręt, łuk",Droga wojewódzka,Jednojezdniowa dwukierunkowa,N,POWIAT SIERPECKI,SIERPC - OBSZAR MIEJSKI
1,0,2,2019,Opady deszczu,Najechanie na pieszego,Opady deszczu,Noc - droga oświetlona,Przejście dla pieszych,EWK-108515541X,6,2019-12-26,Ciężko,19*40'024,52*51'120,541,Obszar zabudowany,Odcinek prosty,Droga wojewódzka,Jednojezdniowa dwukierunkowa,N,POWIAT SIERPECKI,SIERPC - OBSZAR MIEJSKI
1,0,0,2019,Opady deszczu,Najechanie na pieszego,Opady deszczu,Noc - droga oświetlona,Przejście dla pieszych,EWK-108515541X,6,2019-12-26,Nieokreślone (puste pole),19*40'024,52*51'120,541,Obszar zabudowany,Odcinek prosty,Droga wojewódzka,Jednojezdniowa dwukierunkowa,N,POWIAT SIERPECKI,SIERPC - OBSZAR MIEJSKI
1,0,1,2019,Opady deszczu,Najechanie na pieszego,Opady deszczu,Światło dzienne,Jezdnia,EWK-107929093U,11,2019-05-16,Lekko,20*37'460,52*52'139,G120101W,Obszar zabudowany,,Droga gminna,Dwie jezdnie jednokierunkowe,N,POWIAT CIECHANOWSKI,CIECHANÓW - OBSZAR MIEJSKI
1,0,0,2019,Opady deszczu,Najechanie na pieszego,Opady deszczu,Światło dzienne,Jezdnia,EWK-107929093U,11,2019-05-16,Nieokreślone (puste pole),20*37'460,52*52'139,G120101W,Obszar zabudowany,,Droga gminna,Dwie jezdnie jednokierunkowe,N,POWIAT CIECHANOWSKI,CIECHANÓW - OBSZAR MIEJSKI
1,0,1,2019,Opady deszczu,Najechanie na pieszego,Opady deszczu,Światło dzienne,Jezdnia,EWK-108000949Q,15,2019-06-21,Ciężko,19*44'044,52*53'585,541,Obszar niezabudowany,Odcinek prosty,Droga wojewódzka,Jednojezdniowa dwukierunkowa,N,POWIAT SIERPECKI,ROŚCISZEWO - OBSZAR WIEJSKI
1,0,0,2019,Opady deszczu,Najechanie na pieszego,Opady deszczu,Światło dzienne,Jezdnia,EWK-108000949Q,15,2019-06-21,Nieokreślone (puste pole),19*44'044,52*53'585,541,Obszar niezabudowany,Odcinek prosty,Droga wojewódzka,Jednojezdniowa dwukierunkowa,N,POWIAT SIERPECKI,ROŚCISZEWO - OBSZAR WIEJSKI
1,0,1,2019,Opady deszczu,Najechanie na pieszego,Opady deszczu,Światło dzienne,Przejście dla pieszych,EWK-107785417J,14,2019-03-26,Ciężko,20*15'418,52*13'260,K92S,Obszar niezabudowany,,Droga krajowa,Jednojezdniowa dwukierunkowa,N,POWIAT SOCHACZEWSKI,SOCHACZEW - OBSZAR WIEJSKI
1,0,0,2019,Opady deszczu,Najechanie na pieszego,Opady deszczu,Światło dzienne,Przejście dla pieszych,EWK-107785417J,14,2019-03-26,Nieokreślone (puste pole),20*15'418,52*13'260,K92S,Obszar niezabudowany,,Droga krajowa,Jednojezdniowa dwukierunkowa,N,POWIAT SOCHACZEWSKI,SOCHACZEW - OBSZAR WIEJSKI
1,0,1,2019,Opady deszczu,Najechanie na pieszego,Opady deszczu,Światło dzienne,Przejście dla pieszych,EWK-107922259L,19,2019-05-12,Lekko,21*8''554,51*23'320,P5306W,Obszar zabudowany,Odcinek prosty,Droga powiatowa,Dwie jezdnie jednokierunkowe,N,POWIAT RADOM,RADOM - OBSZAR MIEJSKI
1,0,0,2019,Opady deszczu,Najechanie na pieszego,Opady deszczu,Światło dzienne,Przejście dla pieszych,EWK-107922259L,19,2019-05-12,Nieokreślone (puste pole),21*8''554,51*23'320,P5306W,Obszar zabudowany,Odcinek prosty,Droga powiatowa,Dwie jezdnie jednokierunkowe,N,POWIAT RADOM,RADOM - OBSZAR MIEJSKI
1,0,1,2019,Opady deszczu,Najechanie na pieszego,Opady deszczu,Światło dzienne,Przejście dla pieszych,EWK-107925382X,11,2019-05-14,Ciężko,21*27'200,52*35'414,GMINNA,Obszar zabudowany,Odcinek prosty,Droga gminna,Jednojezdniowa dwukierunkowa,N,POWIAT WYSZKOWSKI,WYSZKÓW - OBSZAR MIEJSKI
1,0,0,2019,Opady deszczu,Najechanie na pieszego,Opady deszczu,Światło dzienne,Przejście dla pieszych,EWK-107925382X,11,2019-05-14,Nieokreślone (puste pole),21*27'200,52*35'414,GMINNA,Obszar zabudowany,Odcinek prosty,Droga gminna,Jednojezdniowa dwukierunkowa,N,POWIAT WYSZKOWSKI,WYSZKÓW - OBSZAR MIEJSKI
1,0,1,2019,Opady deszczu,Najechanie na pieszego,Opady deszczu,Światło dzienne,Przejście dla pieszych,EWK-107947412F,10,2019-05-22,Ciężko,21*09'065,51*23'276,P5321W,Obszar zabudowany,"Zakręt, łuk",Droga powiatowa,Dwie jezdnie jednokierunkowe,N,POWIAT RADOM,RADOM - OBSZAR MIEJSKI
1,0,0,2019,Opady deszczu,Najechanie na pieszego,Opady deszczu,Światło dzienne,Przejście dla pieszych,EWK-107947412F,10,2019-05-22,Nieokreślone (puste pole),21*09'065,51*23'276,P5321W,Obszar zabudowany,"Zakręt, łuk",Droga powiatowa,Dwie jezdnie jednokierunkowe,N,POWIAT RADOM,RADOM - OBSZAR MIEJSKI
1,0,1,2019,Opady deszczu,Najechanie na pieszego,Opady deszczu,Światło dzienne,Przejście dla pieszych,EWK-107957996Q,12,2019-05-29,Lekko,21*10'399,51*24'344,P5312W,Obszar zabudowany,Odcinek prosty,Droga powiatowa,Jednojezdniowa dwukierunkowa,N,POWIAT RADOM,RADOM - OBSZAR MIEJSKI
1,0,0,2019,Opady deszczu,Najechanie na pieszego,Opady deszczu,Światło dzienne,Przejście dla pieszych,EWK-107957996Q,12,2019-05-29,Nieokreślone (puste pole),21*10'399,51*24'344,P5312W,Obszar zabudowany,Odcinek prosty,Droga powiatowa,Jednojezdniowa dwukierunkowa,N,POWIAT RADOM,RADOM - OBSZAR MIEJSKI
1,0,1,2019,Opady deszczu,Najechanie na pieszego,Opady deszczu,Światło dzienne,Przejście dla pieszych,EWK-108193929W,15,2019-09-30,Lekko,21*08'566,51*24'128,P5339W,Obszar zabudowany,,Droga powiatowa,Jednojezdniowa dwukierunkowa,N,POWIAT RADOM,RADOM - OBSZAR MIEJSKI
1,0,0,2019,Opady deszczu,Najechanie na pieszego,Opady deszczu,Światło dzienne,Przejście dla pieszych,EWK-108193929W,15,2019-09-30,Nieokreślone (puste pole),21*08'566,51*24'128,P5339W,Obszar zabudowany,,Droga powiatowa,Jednojezdniowa dwukierunkowa,N,POWIAT RADOM,RADOM - OBSZAR MIEJSKI
1,0,1,2019,Opady deszczu,Najechanie na pieszego,Opady deszczu,Światło dzienne,Przejście dla pieszych,EWK-108316986M,14,2019-11-13,Lekko,22*03'200,52*41'264,694,Obszar zabudowany,,Droga wojewódzka,Jednojezdniowa dwukierunkowa,N,POWIAT OSTROWSKI,MAŁKINIA GÓRNA - OBSZAR WIEJSKI