Liczba wypadków,Liczba zabitych,Liczba rannych,Rok,Warunki atmosferyczne,Rodzaj zdarzenia,Warunki atmosferyczne,Oświetlenie,Charakterystyka miejsca zdarzenia,IDKSIP zdarzenia,Godzina,Dzień,Ranny,GPS x,GPS y,Numer drogi,Obszar,Geometria drogi,Kategoria drogi 1,Rodzaj drogi,Czy w zdarzeniu był sprawca nietrzeźwy,Powiat,Gmina
1,0,0,2019,Opady deszczu,Najechanie na pieszego,Opady deszczu,Światło dzienne,Przejście dla pieszych,EWK-108316986M,14,2019-11-13,Nieokreślone (puste pole),22*03'200,52*41'264,694,Obszar zabudowany,,Droga wojewódzka,Jednojezdniowa dwukierunkowa,N,POWIAT OSTROWSKI,MAŁKINIA GÓRNA - OBSZAR WIEJSKI
1,0,1,2019,Opady deszczu,Najechanie na pieszego,Opady deszczu,Światło dzienne,Przejście dla pieszych,EWK-108513125P,7,2019-12-24,Lekko,21*53'295,52*48'024,GMINNA,Obszar zabudowany,,Droga gminna,Jednojezdniowa dwukierunkowa,N,POWIAT OSTROWSKI,OSTRÓW MAZOWIECKA - OBSZAR MIEJSKI
1,0,0,2019,Opady deszczu,Najechanie na pieszego,Opady deszczu,Światło dzienne,Przejście dla pieszych,EWK-108513125P,7,2019-12-24,Nieokreślone (puste pole),21*53'295,52*48'024,GMINNA,Obszar zabudowany,,Droga gminna,Jednojezdniowa dwukierunkowa,N,POWIAT OSTROWSKI,OSTRÓW MAZOWIECKA - OBSZAR MIEJSKI
1,0,1,2019,Opady deszczu,Najechanie na pieszego,Opady deszczu,Światło dzienne,Przejście dla pieszych,EWK-108513130E,7,2019-12-24,Lekko,21*54'362,52*47'596,P2655W,Obszar zabudowany,,Droga powiatowa,Jednojezdniowa dwukierunkowa,N,POWIAT OSTROWSKI,OSTRÓW MAZOWIECKA - OBSZAR MIEJSKI
1,0,0,2019,Opady deszczu,Najechanie na pieszego,Opady deszczu,Światło dzienne,Przejście dla pieszych,EWK-108513130E,7,2019-12-24,Nieokreślone (puste pole),21*54'362,52*47'596,P2655W,Obszar zabudowany,,Droga powiatowa,Jednojezdniowa dwukierunkowa,N,POWIAT OSTROWSKI,OSTRÓW MAZOWIECKA - OBSZAR MIEJSKI
1,0,1,2019,Opady deszczu,Najechanie na pieszego,Opady deszczu,"Świt, zmrok",Przejście dla pieszych,EWK-107561080L,7,2019-01-02,Lekko,21*08'013,51*21'542,G530154W,Obszar zabudowany,Odcinek prosty,Droga gminna,Jednojezdniowa dwukierunkowa,N,POWIAT RADOM,RADOM - OBSZAR MIEJSKI
1,0,0,2019,Opady deszczu,Najechanie na pieszego,Opady deszczu,"Świt, zmrok",Przejście dla pieszych,EWK-107561080L,7,2019-01-02,Nieokreślone (puste pole),21*08'013,51*21'542,G530154W,Obszar zabudowany,Odcinek prosty,Droga gminna,Jednojezdniowa dwukierunkowa,N,POWIAT RADOM,RADOM - OBSZAR MIEJSKI
1,0,1,2019,Opady deszczu,Najechanie na pieszego,Opady deszczu,"Świt, zmrok",Przejście dla pieszych,EWK-108287926W,16,2019-11-05,Ciężko,21*26'216,51*28'126,P3523W,Obszar zabudowany,Odcinek prosty,Droga powiatowa,Jednojezdniowa dwukierunkowa,N,POWIAT RADOMSKI,PIONKI - OBSZAR MIEJSKI
1,0,0,2019,Opady deszczu,Najechanie na pieszego,Opady deszczu,"Świt, zmrok",Przejście dla pieszych,EWK-108287926W,16,2019-11-05,Nieokreślone (puste pole),21*26'216,51*28'126,P3523W,Obszar zabudowany,Odcinek prosty,Droga powiatowa,Jednojezdniowa dwukierunkowa,N,POWIAT RADOMSKI,PIONKI - OBSZAR MIEJSKI
1,0,1,2019,Opady deszczu,Najechanie na pieszego,Opady deszczu,"Świt, zmrok",Przejście dla pieszych,EWK-108365050T,6,2019-11-25,Ciężko,21*09'458,51*25'051,P5301W,Obszar zabudowany,,Droga powiatowa,Dwie jezdnie jednokierunkowe,N,POWIAT RADOM,RADOM - OBSZAR MIEJSKI
1,0,0,2019,Opady deszczu,Najechanie na pieszego,Opady deszczu,"Świt, zmrok",Przejście dla pieszych,EWK-108365050T,6,2019-11-25,Nieokreślone (puste pole),21*09'458,51*25'051,P5301W,Obszar zabudowany,,Droga powiatowa,Dwie jezdnie jednokierunkowe,N,POWIAT RADOM,RADOM - OBSZAR MIEJSKI
1,0,1,2019,Opady deszczu,Najechanie na pieszego,Opady deszczu,"Świt, zmrok",Przejście dla pieszych,EWK-108409865M,15,2019-12-02,Ciężko,19*40'334,52*51'277,541,Obszar zabudowany,,Droga wojewódzka,Jednojezdniowa dwukierunkowa,N,POWIAT SIERPECKI,SIERPC - OBSZAR MIEJSKI
1,0,0,2019,Opady deszczu,Najechanie na pieszego,Opady deszczu,"Świt, zmrok",Przejście dla pieszych,EWK-108409865M,15,2019-12-02,Nieokreślone (puste pole),19*40'334,52*51'277,541,Obszar zabudowany,,Droga wojewódzka,Jednojezdniowa dwukierunkowa,N,POWIAT SIERPECKI,SIERPC - OBSZAR MIEJSKI
1,1,0,2019,Opady deszczu,Najechanie na pieszego,Opady deszczu,"Świt, zmrok",Przejście dla pieszych,EWK-108414576L,7,2019-12-04,Nieokreślone (puste pole),21*27'502,52*35'563,GMINNA,Obszar zabudowany,Odcinek prosty,Droga gminna,Jednojezdniowa dwukierunkowa,N,POWIAT WYSZKOWSKI,WYSZKÓW - OBSZAR MIEJSKI
1,0,1,2019,Opady deszczu,Najechanie na pojazd unieruchomiony,Opady deszczu,Światło dzienne,"Skarpa, rów",EWK-108186840C,15,2019-09-26,Lekko,20*42'488,51*21'524,12,Obszar zabudowany,"Zakręt, łuk",Droga krajowa,Jednojezdniowa dwukierunkowa,N,POWIAT PRZYSUSKI,WIENIAWA - OBSZAR WIEJSKI
1,0,0,2019,Opady deszczu,Najechanie na pojazd unieruchomiony,Opady deszczu,Światło dzienne,"Skarpa, rów",EWK-108186840C,15,2019-09-26,Nieokreślone (puste pole),20*42'488,51*21'524,12,Obszar zabudowany,"Zakręt, łuk",Droga krajowa,Jednojezdniowa dwukierunkowa,N,POWIAT PRZYSUSKI,WIENIAWA - OBSZAR WIEJSKI
1,0,1,2019,Opady deszczu,"Najechanie na słup, znak",Opady deszczu,Noc - droga oświetlona,Jezdnia,EWK-108315021E,23,2019-11-12,Lekko,21*36'403,51*09'085,747,Obszar zabudowany,Odcinek prosty,Droga wojewódzka,Jednojezdniowa dwukierunkowa,N,POWIAT LIPSKI,LIPSKO - OBSZAR WIEJSKI
1,0,0,2019,Opady deszczu,"Najechanie na słup, znak",Opady deszczu,Noc - droga oświetlona,Jezdnia,EWK-108315021E,23,2019-11-12,Nieokreślone (puste pole),21*36'403,51*09'085,747,Obszar zabudowany,Odcinek prosty,Droga wojewódzka,Jednojezdniowa dwukierunkowa,N,POWIAT LIPSKI,LIPSKO - OBSZAR WIEJSKI
1,0,1,2019,Opady deszczu,"Najechanie na słup, znak",Opady deszczu,Noc - droga oświetlona,Pobocze,EWK-107672678J,17,2019-01-30,Lekko,20*35'534,51*37'211,728,Obszar zabudowany,Odcinek prosty,Droga wojewódzka,Jednojezdniowa dwukierunkowa,N,POWIAT GRÓJECKI,NOWE MIASTO NAD PILICĄ - OBSZAR WIEJSKI
1,0,0,2019,Opady deszczu,"Najechanie na słup, znak",Opady deszczu,Noc - droga oświetlona,Pobocze,EWK-107672678J,17,2019-01-30,Nieokreślone (puste pole),20*35'534,51*37'211,728,Obszar zabudowany,Odcinek prosty,Droga wojewódzka,Jednojezdniowa dwukierunkowa,N,POWIAT GRÓJECKI,NOWE MIASTO NAD PILICĄ - OBSZAR WIEJSKI
1,0,1,2019,Opady deszczu,"Najechanie na słup, znak",Opady deszczu,Noc - droga oświetlona,Pobocze,EWK-108027744C,0,2019-07-08,Lekko,20*26'247,52*00'123,GMINNA,Obszar zabudowany,,Droga gminna,Jednojezdniowa dwukierunkowa,T,POWIAT ŻYRARDOWSKI,MSZCZONÓW - OBSZAR WIEJSKI
1,0,0,2019,Opady deszczu,"Najechanie na słup, znak",Opady deszczu,Noc - droga oświetlona,Pobocze,EWK-108027744C,0,2019-07-08,Nieokreślone (puste pole),20*26'247,52*00'123,GMINNA,Obszar zabudowany,,Droga gminna,Jednojezdniowa dwukierunkowa,T,POWIAT ŻYRARDOWSKI,MSZCZONÓW - OBSZAR WIEJSKI
1,0,1,2019,Opady deszczu,"Najechanie na słup, znak",Opady deszczu,Światło dzienne,Jezdnia,EWK-107998235W,18,2019-06-19,Ciężko,21*27'022,51*40'258,P1705W,Obszar niezabudowany,Odcinek prosty,Droga powiatowa,Jednojezdniowa dwukierunkowa,N,POWIAT KOZIENICKI,KOZIENICE - OBSZAR WIEJSKI
1,1,0,2019,Opady deszczu,"Najechanie na słup, znak",Opady deszczu,Światło dzienne,Pobocze,EWK-108132993Y,18,2019-09-02,Nieokreślone (puste pole),21*12'537,53*21'267,2510W,Obszar niezabudowany,,Droga powiatowa,Jednojezdniowa dwukierunkowa,N,POWIAT OSTROŁĘCKI,CZARNIA - OBSZAR WIEJSKI
1,0,1,2019,Opady deszczu,Najechanie na zwierzę,Opady deszczu,Noc - droga nieoświetlona,Jezdnia,EWK-108188111L,19,2019-09-27,Lekko,20*01'567,52*26'394,62,Obszar niezabudowany,,Droga krajowa,Jednojezdniowa dwukierunkowa,N,POWIAT PŁOCKI,MAŁA WIEŚ - OBSZAR WIEJSKI
1,0,1,2019,Opady deszczu,Najechanie na zwierzę,Opady deszczu,Światło dzienne,Jezdnia,EWK-108414494J,8,2019-12-04,Lekko,21*47'827,53*08'728,544,Obszar niezabudowany,Odcinek prosty,Droga wojewódzka,Jednojezdniowa dwukierunkowa,N,POWIAT OSTROŁĘCKI,OLSZEWO-BORKI - OBSZAR WIEJSKI
1,0,0,2019,Opady deszczu,Najechanie na zwierzę,Opady deszczu,Światło dzienne,Jezdnia,EWK-108414494J,8,2019-12-04,Nieokreślone (puste pole),21*47'827,53*08'728,544,Obszar niezabudowany,Odcinek prosty,Droga wojewódzka,Jednojezdniowa dwukierunkowa,N,POWIAT OSTROŁĘCKI,OLSZEWO-BORKI - OBSZAR WIEJSKI
1,0,1,2019,Opady deszczu,Wywrócenie się pojazdu,Opady deszczu,Noc - droga nieoświetlona,Jezdnia,EWK-107629851X,5,2019-01-14,Ciężko,19*34'043,52*42'231,1455O,Obszar niezabudowany,"Zakręt, łuk",Droga powiatowa,Jednojezdniowa dwukierunkowa,N,POWIAT SIERPECKI,MOCHOWO - OBSZAR WIEJSKI
1,0,1,2019,Opady deszczu,Wywrócenie się pojazdu,Opady deszczu,Noc - droga nieoświetlona,Jezdnia,EWK-107763521L,2,2019-03-17,Lekko,21*05'444,52*44'256,61,Obszar niezabudowany,Odcinek prosty,Droga krajowa,Jednojezdniowa dwukierunkowa,N,POWIAT PUŁTUSKI,PUŁTUSK - OBSZAR WIEJSKI
1,0,0,2019,Opady deszczu,Wywrócenie się pojazdu,Opady deszczu,Noc - droga nieoświetlona,Jezdnia,EWK-107763521L,2,2019-03-17,Nieokreślone (puste pole),21*05'444,52*44'256,61,Obszar niezabudowany,Odcinek prosty,Droga krajowa,Jednojezdniowa dwukierunkowa,N,POWIAT PUŁTUSKI,PUŁTUSK - OBSZAR WIEJSKI
1,0,1,2019,Opady deszczu,Wywrócenie się pojazdu,Opady deszczu,Noc - droga nieoświetlona,Jezdnia,EWK-108143369C,3,2019-09-08,Lekko,19*48'336,52*48'441,10,Obszar niezabudowany,Odcinek prosty,Droga krajowa,Jednojezdniowa dwukierunkowa,T,POWIAT SIERPECKI,ZAWIDZ - OBSZAR WIEJSKI
1,0,0,2019,Opady deszczu,Wywrócenie się pojazdu,Opady deszczu,Noc - droga nieoświetlona,Jezdnia,EWK-108143369C,3,2019-09-08,Nieokreślone (puste pole),19*48'336,52*48'441,10,Obszar niezabudowany,Odcinek prosty,Droga krajowa,Jednojezdniowa dwukierunkowa,T,POWIAT SIERPECKI,ZAWIDZ - OBSZAR WIEJSKI
1,0,1,2019,Opady deszczu,Wywrócenie się pojazdu,Opady deszczu,Noc - droga nieoświetlona,Pobocze,EWK-108425552P,3,2019-12-09,Ciężko,21*16'091,51*36'110,48,Obszar niezabudowany,,Droga krajowa,Jednojezdniowa dwukierunkowa,N,POWIAT KOZIENICKI,GŁOWACZÓW - OBSZAR WIEJSKI
1,0,1,2019,Opady deszczu,Wywrócenie się pojazdu,Opady deszczu,Noc - droga oświetlona,Jezdnia,EWK-108090765X,21,2019-08-10,Lekko,20*40'171,51*33'041,P1108W,Obszar zabudowany,Odcinek prosty,Droga powiatowa,Jednojezdniowa dwukierunkowa,N,POWIAT PRZYSUSKI,KLWÓW - OBSZAR WIEJSKI
1,0,2,2019,Opady deszczu,Wywrócenie się pojazdu,Opady deszczu,Noc - droga oświetlona,Jezdnia,EWK-108423771W,21,2019-12-08,Ciężko,21*19'037,52*34'135,62,Obszar zabudowany,Spadek,Droga krajowa,Jednojezdniowa dwukierunkowa,T,POWIAT WYSZKOWSKI,SOMIANKA - OBSZAR WIEJSKI
1,0,1,2019,Opady deszczu,Wywrócenie się pojazdu,Opady deszczu,Noc - droga oświetlona,Jezdnia,EWK-108423771W,21,2019-12-08,Lekko,21*19'037,52*34'135,62,Obszar zabudowany,Spadek,Droga krajowa,Jednojezdniowa dwukierunkowa,T,POWIAT WYSZKOWSKI,SOMIANKA - OBSZAR WIEJSKI
1,0,1,2019,Opady deszczu,Wywrócenie się pojazdu,Opady deszczu,Światło dzienne,Jezdnia,EWK-107897472J,15,2019-04-28,Lekko,19*33'202,52*42'456,P0244T,Obszar zabudowany,"Zakręt, łuk",Droga powiatowa,Jednojezdniowa dwukierunkowa,N,POWIAT SIERPECKI,MOCHOWO - OBSZAR WIEJSKI
1,0,1,2019,Opady deszczu,Wywrócenie się pojazdu,Opady deszczu,Światło dzienne,Jezdnia,EWK-107938661K,19,2019-05-21,Lekko,20*28'26,53*00'21,615,Obszar niezabudowany,"Zakręt, łuk",Droga wojewódzka,Jednojezdniowa dwukierunkowa,N,POWIAT MŁAWSKI,STUPSK - OBSZAR WIEJSKI
1,0,1,2019,Opady deszczu,Wywrócenie się pojazdu,Opady deszczu,Światło dzienne,Jezdnia,EWK-108028215P,20,2019-07-06,Lekko,20*15'496,52*16'428,3815W,Obszar zabudowany,Odcinek prosty,Droga powiatowa,Jednojezdniowa dwukierunkowa,N,POWIAT SOCHACZEWSKI,SOCHACZEW - OBSZAR WIEJSKI
1,0,1,2019,Opady deszczu,Wywrócenie się pojazdu,Opady deszczu,Światło dzienne,Jezdnia,EWK-108067770K,14,2019-07-29,Ciężko,21*13'542,51*08'195,9,Obszar niezabudowany,Odcinek prosty,Droga krajowa,Jednojezdniowa dwukierunkowa,N,POWIAT RADOMSKI,IŁŻA - OBSZAR MIEJSKI
1,0,2,2019,Opady deszczu,Wywrócenie się pojazdu,Opady deszczu,Światło dzienne,Jezdnia,EWK-108069317G,18,2019-07-21,Lekko,21*23'133,51*13'301,P3536W,Obszar niezabudowany,Odcinek prosty,Droga powiatowa,Jednojezdniowa dwukierunkowa,N,POWIAT RADOMSKI,IŁŻA - OBSZAR WIEJSKI
1,0,2,2019,Opady deszczu,Wywrócenie się pojazdu,Opady deszczu,Światło dzienne,Jezdnia,EWK-108104885R,17,2019-08-16,Lekko,19*41'427,52*36'196,P2908W,Obszar zabudowany,"Zakręt, łuk",Droga powiatowa,Jednojezdniowa dwukierunkowa,N,POWIAT PŁOCKI,STARA BIAŁA - OBSZAR WIEJSKI
1,0,0,2019,Opady deszczu,Wywrócenie się pojazdu,Opady deszczu,Światło dzienne,Jezdnia,EWK-108104885R,17,2019-08-16,Nieokreślone (puste pole),19*41'427,52*36'196,P2908W,Obszar zabudowany,"Zakręt, łuk",Droga powiatowa,Jednojezdniowa dwukierunkowa,N,POWIAT PŁOCKI,STARA BIAŁA - OBSZAR WIEJSKI
1,0,1,2019,Opady deszczu,Wywrócenie się pojazdu,Opady deszczu,Światło dzienne,Jezdnia,EWK-108193847E,15,2019-09-30,Lekko,20*50'359,53*01'132,544,Obszar niezabudowany,"Zakręt, łuk",Droga wojewódzka,Jednojezdniowa dwukierunkowa,N,POWIAT PRZASNYSKI,PRZASNYSZ - OBSZAR WIEJSKI
1,0,0,2019,Opady deszczu,Wywrócenie się pojazdu,Opady deszczu,Światło dzienne,Jezdnia,EWK-108193847E,15,2019-09-30,Nieokreślone (puste pole),20*50'359,53*01'132,544,Obszar niezabudowany,"Zakręt, łuk",Droga wojewódzka,Jednojezdniowa dwukierunkowa,N,POWIAT PRZASNYSKI,PRZASNYSZ - OBSZAR WIEJSKI
1,0,1,2019,Opady deszczu,Wywrócenie się pojazdu,Opady deszczu,Światło dzienne,Pobocze,EWK-107953731Q,14,2019-05-29,Ciężko,21*20'360,51*33'019,P1715W,Obszar niezabudowany,Odcinek prosty,Droga powiatowa,Jednojezdniowa dwukierunkowa,N,POWIAT KOZIENICKI,GŁOWACZÓW - OBSZAR WIEJSKI
1,0,1,2019,Opady deszczu,Wywrócenie się pojazdu,Opady deszczu,Światło dzienne,"Skarpa, rów",EWK-107921966G,15,2019-05-12,Lekko,20*22'027,52*05'279,GMINNA,Obszar niezabudowany,"Zakręt, łuk",Droga gminna,Jednojezdniowa dwukierunkowa,N,POWIAT ŻYRARDOWSKI,WISKITKI - OBSZAR WIEJSKI
1,0,0,2019,Opady deszczu,Wywrócenie się pojazdu,Opady deszczu,Światło dzienne,"Skarpa, rów",EWK-107921966G,15,2019-05-12,Nieokreślone (puste pole),20*22'027,52*05'279,GMINNA,Obszar niezabudowany,"Zakręt, łuk",Droga gminna,Jednojezdniowa dwukierunkowa,N,POWIAT ŻYRARDOWSKI,WISKITKI - OBSZAR WIEJSKI
1,0,2,2019,Opady deszczu,Wywrócenie się pojazdu,Opady deszczu,"Świt, zmrok",Jezdnia,EWK-107628426A,6,2019-01-14,Lekko,20*1'537,52*17'529,577,Obszar niezabudowany,"Zakręt, łuk",Droga wojewódzka,Jednojezdniowa dwukierunkowa,N,POWIAT SOCHACZEWSKI,IŁÓW - OBSZAR WIEJSKI
1,0,1,2019,Opady deszczu,Wywrócenie się pojazdu,Opady deszczu,"Świt, zmrok",Jezdnia,EWK-108032932N,20,2019-07-09,Ciężko,21*34'221,52*41'218,4407W,Obszar niezabudowany,"Zakręt, łuk",Droga powiatowa,Jednojezdniowa dwukierunkowa,N,POWIAT WYSZKOWSKI,DŁUGOSIODŁO - OBSZAR WIEJSKI
1,0,3,2019,Opady deszczu,Wywrócenie się pojazdu,Opady deszczu,"Świt, zmrok",Jezdnia,EWK-108032932N,20,2019-07-09,Lekko,21*34'221,52*41'218,4407W,Obszar niezabudowany,"Zakręt, łuk",Droga powiatowa,Jednojezdniowa dwukierunkowa,N,POWIAT WYSZKOWSKI,DŁUGOSIODŁO - OBSZAR WIEJSKI
1,0,1,2019,Opady deszczu,Wywrócenie się pojazdu,Opady deszczu,"Świt, zmrok",Jezdnia,EWK-108307634X,6,2019-11-11,Ciężko,21*18'473,52*37'527,618,Obszar niezabudowany,Odcinek prosty,Droga wojewódzka,Jednojezdniowa dwukierunkowa,N,POWIAT WYSZKOWSKI,SOMIANKA - OBSZAR WIEJSKI
1,0,1,2019,Opady deszczu,Zderzenie pojazdów boczne,Opady deszczu,Noc - droga nieoświetlona,Jezdnia,EWK-108146432F,22,2019-09-09,Ciężko,20*13'369,52*14'210,P3818W,Obszar zabudowany,Odcinek prosty,Droga powiatowa,Jednojezdniowa dwukierunkowa,N,POWIAT SOCHACZEWSKI,SOCHACZEW - OBSZAR MIEJSKI
1,0,0,2019,Opady deszczu,Zderzenie pojazdów boczne,Opady deszczu,Noc - droga nieoświetlona,Jezdnia,EWK-108146432F,22,2019-09-09,Nieokreślone (puste pole),20*13'369,52*14'210,P3818W,Obszar zabudowany,Odcinek prosty,Droga powiatowa,Jednojezdniowa dwukierunkowa,N,POWIAT SOCHACZEWSKI,SOCHACZEW - OBSZAR MIEJSKI
1,0,1,2019,Opady deszczu,Zderzenie pojazdów boczne,Opady deszczu,Noc - droga nieoświetlona,Jezdnia,EWK-108164490L,2,2019-09-18,Ciężko,19*54'119,52*46'508,10,Obszar niezabudowany,Odcinek prosty,Droga krajowa,Jednojezdniowa dwukierunkowa,N,POWIAT SIERPECKI,ZAWIDZ - OBSZAR WIEJSKI
1,0,0,2019,Opady deszczu,Zderzenie pojazdów boczne,Opady deszczu,Noc - droga nieoświetlona,Jezdnia,EWK-108164490L,2,2019-09-18,Nieokreślone (puste pole),19*54'119,52*46'508,10,Obszar niezabudowany,Odcinek prosty,Droga krajowa,Jednojezdniowa dwukierunkowa,N,POWIAT SIERPECKI,ZAWIDZ - OBSZAR WIEJSKI
1,0,2,2019,Opady deszczu,Zderzenie pojazdów boczne,Opady deszczu,Noc - droga nieoświetlona,Jezdnia,EWK-108509641Q,6,2019-12-23,Lekko,20*58'289,51*38'395,S7a,Obszar niezabudowany,"Zakręt, łuk",Droga krajowa,Ekspresowa,N,POWIAT BIAŁOBRZESKI,BIAŁOBRZEGI - OBSZAR MIEJSKI
1,0,0,2019,Opady deszczu,Zderzenie pojazdów boczne,Opady deszczu,Noc - droga nieoświetlona,Jezdnia,EWK-108509641Q,6,2019-12-23,Nieokreślone (puste pole),20*58'289,51*38'395,S7a,Obszar niezabudowany,"Zakręt, łuk",Droga krajowa,Ekspresowa,N,POWIAT BIAŁOBRZESKI,BIAŁOBRZEGI - OBSZAR MIEJSKI
1,0,2,2019,Opady deszczu,Zderzenie pojazdów boczne,Opady deszczu,Noc - droga oświetlona,Jezdnia,EWK-107749424U,1,2019-03-10,Lekko,20*45'512,51*45'027,728,Obszar zabudowany,,Droga wojewódzka,Jednojezdniowa dwukierunkowa,N,POWIAT GRÓJECKI,MOGIELNICA - OBSZAR WIEJSKI
1,0,0,2019,Opady deszczu,Zderzenie pojazdów boczne,Opady deszczu,Noc - droga oświetlona,Jezdnia,EWK-107749424U,1,2019-03-10,Nieokreślone (puste pole),20*45'512,51*45'027,728,Obszar zabudowany,,Droga wojewódzka,Jednojezdniowa dwukierunkowa,N,POWIAT GRÓJECKI,MOGIELNICA - OBSZAR WIEJSKI
1,0,1,2019,Opady deszczu,Zderzenie pojazdów boczne,Opady deszczu,Noc - droga oświetlona,Jezdnia,EWK-107750082N,18,2019-03-10,Lekko,21*34'553,51*21'192,GMINNA,Obszar zabudowany,,Droga gminna,Jednojezdniowa dwukierunkowa,N,POWIAT ZWOLEŃSKI,ZWOLEŃ - OBSZAR MIEJSKI
1,0,0,2019,Opady deszczu,Zderzenie pojazdów boczne,Opady deszczu,Noc - droga oświetlona,Jezdnia,EWK-107750082N,18,2019-03-10,Nieokreślone (puste pole),21*34'553,51*21'192,GMINNA,Obszar zabudowany,,Droga gminna,Jednojezdniowa dwukierunkowa,N,POWIAT ZWOLEŃSKI,ZWOLEŃ - OBSZAR MIEJSKI
1,0,1,2019,Opady deszczu,Zderzenie pojazdów boczne,Opady deszczu,Noc - droga oświetlona,Jezdnia,EWK-107899418M,21,2019-04-28,Lekko,21*09'017,51*25'410,7,Obszar zabudowany,,Droga krajowa,Jednokierunkowa,N,POWIAT RADOM,RADOM - OBSZAR MIEJSKI
1,0,0,2019,Opady deszczu,Zderzenie pojazdów boczne,Opady deszczu,Noc - droga oświetlona,Jezdnia,EWK-107899418M,21,2019-04-28,Nieokreślone (puste pole),21*09'017,51*25'410,7,Obszar zabudowany,,Droga krajowa,Jednokierunkowa,N,POWIAT RADOM,RADOM - OBSZAR MIEJSKI
1,0,2,2019,Opady deszczu,Zderzenie pojazdów boczne,Opady deszczu,Noc - droga oświetlona,Jezdnia,EWK-107942620N,0,2019-05-24,Ciężko,21*15'085,51*18'382,9,Obszar zabudowany,,Droga krajowa,Jednojezdniowa dwukierunkowa,N,POWIAT RADOMSKI,SKARYSZEW - OBSZAR MIEJSKI
1,0,1,2019,Opady deszczu,Zderzenie pojazdów boczne,Opady deszczu,Noc - droga oświetlona,Jezdnia,EWK-107952889N,0,2019-05-29,Lekko,21*10'471,51*25'158,9,Obszar zabudowany,,Droga krajowa,Dwie jezdnie jednokierunkowe,N,POWIAT RADOM,RADOM - OBSZAR MIEJSKI
1,0,0,2019,Opady deszczu,Zderzenie pojazdów boczne,Opady deszczu,Noc - droga oświetlona,Jezdnia,EWK-107952889N,0,2019-05-29,Nieokreślone (puste pole),21*10'471,51*25'158,9,Obszar zabudowany,,Droga krajowa,Dwie jezdnie jednokierunkowe,N,POWIAT RADOM,RADOM - OBSZAR MIEJSKI
1,1,0,2019,Opady deszczu,Zderzenie pojazdów boczne,Opady deszczu,Noc - droga oświetlona,Jezdnia,EWK-108190971A,19,2019-09-29,Nieokreślone (puste pole),21*33'335,51*52'594,76,Obszar zabudowany,,Droga krajowa,Jednojezdniowa dwukierunkowa,N,POWIAT GARWOLIŃSKI,GARWOLIN - OBSZAR WIEJSKI
1,0,1,2019,Opady deszczu,Zderzenie pojazdów boczne,Opady deszczu,Noc - droga oświetlona,Jezdnia,EWK-108194118H,18,2019-09-30,Lekko,21*06'224,51*24'329,740,Obszar zabudowany,,Droga wojewódzka,Jednojezdniowa dwukierunkowa,N,POWIAT RADOM,RADOM - OBSZAR MIEJSKI
1,0,0,2019,Opady deszczu,Zderzenie pojazdów boczne,Opady deszczu,Noc - droga oświetlona,Jezdnia,EWK-108194118H,18,2019-09-30,Nieokreślone (puste pole),21*06'224,51*24'329,740,Obszar zabudowany,,Droga wojewódzka,Jednojezdniowa dwukierunkowa,N,POWIAT RADOM,RADOM - OBSZAR MIEJSKI
1,0,1,2019,Opady deszczu,Zderzenie pojazdów boczne,Opady deszczu,Noc - droga oświetlona,Jezdnia,EWK-108198415W,21,2019-09-29,Lekko,20*48'069,51*56'461,P1601W,Obszar niezabudowany,Odcinek prosty,Droga powiatowa,Jednojezdniowa dwukierunkowa,T,POWIAT GRÓJECKI,PNIEWY - OBSZAR WIEJSKI
1,0,0,2019,Opady deszczu,Zderzenie pojazdów boczne,Opady deszczu,Noc - droga oświetlona,Jezdnia,EWK-108198415W,21,2019-09-29,Nieokreślone (puste pole),20*48'069,51*56'461,P1601W,Obszar niezabudowany,Odcinek prosty,Droga powiatowa,Jednojezdniowa dwukierunkowa,T,POWIAT GRÓJECKI,PNIEWY - OBSZAR WIEJSKI
1,0,1,2019,Opady deszczu,Zderzenie pojazdów boczne,Opady deszczu,Noc - droga oświetlona,Jezdnia,EWK-108202866J,2,2019-09-28,Ciężko,21*10'472,51*25'162,9,Obszar zabudowany,,Droga krajowa,Dwie jezdnie jednokierunkowe,N,POWIAT RADOM,RADOM - OBSZAR MIEJSKI
1,0,0,2019,Opady deszczu,Zderzenie pojazdów boczne,Opady deszczu,Noc - droga oświetlona,Jezdnia,EWK-108202866J,2,2019-09-28,Nieokreślone (puste pole),21*10'472,51*25'162,9,Obszar zabudowany,,Droga krajowa,Dwie jezdnie jednokierunkowe,N,POWIAT RADOM,RADOM - OBSZAR MIEJSKI
1,0,1,2019,Opady deszczu,Zderzenie pojazdów boczne,Opady deszczu,Noc - droga oświetlona,Jezdnia,EWK-108261151D,18,2019-10-27,Lekko,22*10'16,52*24'381,62,Obszar zabudowany,Odcinek prosty,Droga krajowa,Jednojezdniowa dwukierunkowa,N,POWIAT SOKOŁOWSKI,SOKOŁÓW PODLASKI - OBSZAR WIEJSKI
1,0,0,2019,Opady deszczu,Zderzenie pojazdów boczne,Opady deszczu,Noc - droga oświetlona,Jezdnia,EWK-108261151D,18,2019-10-27,Nieokreślone (puste pole),22*10'16,52*24'381,62,Obszar zabudowany,Odcinek prosty,Droga krajowa,Jednojezdniowa dwukierunkowa,N,POWIAT SOKOŁOWSKI,SOKOŁÓW PODLASKI - OBSZAR WIEJSKI