Liczba wypadków,Liczba zabitych,Liczba rannych,Rok,Warunki atmosferyczne,Rodzaj zdarzenia,Warunki atmosferyczne,Oświetlenie,Charakterystyka miejsca zdarzenia,IDKSIP zdarzenia,Godzina,Dzień,Ranny,GPS x,GPS y,Numer drogi,Obszar,Geometria drogi,Kategoria drogi 1,Rodzaj drogi,Czy w zdarzeniu był sprawca nietrzeźwy,Powiat,Gmina
1,0,1,2019,Opady deszczu,Zderzenie pojazdów boczne,Opady deszczu,Noc - droga oświetlona,Jezdnia,EWK-108262216X,19,2019-10-27,Ciężko,20*59'137,52*50'203,60,Obszar zabudowany,,Droga krajowa,Jednojezdniowa dwukierunkowa,N,POWIAT MAKOWSKI,KARNIEWO - OBSZAR WIEJSKI
1,0,0,2019,Opady deszczu,Zderzenie pojazdów boczne,Opady deszczu,Noc - droga oświetlona,Jezdnia,EWK-108262216X,19,2019-10-27,Nieokreślone (puste pole),20*59'137,52*50'203,60,Obszar zabudowany,,Droga krajowa,Jednojezdniowa dwukierunkowa,N,POWIAT MAKOWSKI,KARNIEWO - OBSZAR WIEJSKI
1,0,1,2019,Opady deszczu,Zderzenie pojazdów boczne,Opady deszczu,Noc - droga oświetlona,Jezdnia,EWK-108369857M,4,2019-11-27,Ciężko,20*34'479,52*53'430,615,Obszar zabudowany,Odcinek prosty,Droga wojewódzka,Jednojezdniowa dwukierunkowa,N,POWIAT CIECHANOWSKI,CIECHANÓW - OBSZAR MIEJSKI
1,0,0,2019,Opady deszczu,Zderzenie pojazdów boczne,Opady deszczu,Noc - droga oświetlona,Jezdnia,EWK-108369857M,4,2019-11-27,Nieokreślone (puste pole),20*34'479,52*53'430,615,Obszar zabudowany,Odcinek prosty,Droga wojewódzka,Jednojezdniowa dwukierunkowa,N,POWIAT CIECHANOWSKI,CIECHANÓW - OBSZAR MIEJSKI
1,0,1,2019,Opady deszczu,Zderzenie pojazdów boczne,Opady deszczu,Noc - droga oświetlona,Jezdnia,EWK-108422305A,23,2019-12-07,Lekko,21*10'257,51*24'315,P5312W,Obszar zabudowany,,Droga powiatowa,Jednojezdniowa dwukierunkowa,N,POWIAT RADOM,RADOM - OBSZAR MIEJSKI
1,0,0,2019,Opady deszczu,Zderzenie pojazdów boczne,Opady deszczu,Noc - droga oświetlona,Jezdnia,EWK-108422305A,23,2019-12-07,Nieokreślone (puste pole),21*10'257,51*24'315,P5312W,Obszar zabudowany,,Droga powiatowa,Jednojezdniowa dwukierunkowa,N,POWIAT RADOM,RADOM - OBSZAR MIEJSKI
1,0,1,2019,Opady deszczu,Zderzenie pojazdów boczne,Opady deszczu,Światło dzienne,Jezdnia,EWK-107674013Q,9,2019-01-31,Ciężko,21*25'194,51*27'395,P3523W,Obszar zabudowany,Odcinek prosty,Droga powiatowa,Jednojezdniowa dwukierunkowa,N,POWIAT RADOMSKI,PIONKI - OBSZAR MIEJSKI
1,0,1,2019,Opady deszczu,Zderzenie pojazdów boczne,Opady deszczu,Światło dzienne,Jezdnia,EWK-107674013Q,9,2019-01-31,Lekko,21*25'194,51*27'395,P3523W,Obszar zabudowany,Odcinek prosty,Droga powiatowa,Jednojezdniowa dwukierunkowa,N,POWIAT RADOMSKI,PIONKI - OBSZAR MIEJSKI
1,0,1,2019,Opady deszczu,Zderzenie pojazdów boczne,Opady deszczu,Światło dzienne,Jezdnia,EWK-107714364L,11,2019-02-21,Lekko,19*31'199,52*54'060,10,Obszar zabudowany,,Droga krajowa,Jednojezdniowa dwukierunkowa,N,POWIAT SIERPECKI,SZCZUTOWO - OBSZAR WIEJSKI
1,0,0,2019,Opady deszczu,Zderzenie pojazdów boczne,Opady deszczu,Światło dzienne,Jezdnia,EWK-107714364L,11,2019-02-21,Nieokreślone (puste pole),19*31'199,52*54'060,10,Obszar zabudowany,,Droga krajowa,Jednojezdniowa dwukierunkowa,N,POWIAT SIERPECKI,SZCZUTOWO - OBSZAR WIEJSKI
1,0,1,2019,Opady deszczu,Zderzenie pojazdów boczne,Opady deszczu,Światło dzienne,Jezdnia,EWK-107751476D,16,2019-03-11,Lekko,21*10'255,51*24'315,P5312W,Obszar zabudowany,,Droga powiatowa,Jednojezdniowa dwukierunkowa,N,POWIAT RADOM,RADOM - OBSZAR MIEJSKI
1,0,0,2019,Opady deszczu,Zderzenie pojazdów boczne,Opady deszczu,Światło dzienne,Jezdnia,EWK-107751476D,16,2019-03-11,Nieokreślone (puste pole),21*10'255,51*24'315,P5312W,Obszar zabudowany,,Droga powiatowa,Jednojezdniowa dwukierunkowa,N,POWIAT RADOM,RADOM - OBSZAR MIEJSKI
1,0,1,2019,Opady deszczu,Zderzenie pojazdów boczne,Opady deszczu,Światło dzienne,Jezdnia,EWK-107763212C,14,2019-03-16,Ciężko,21*31'192,52*35'095,62,Obszar niezabudowany,"Zakręt, łuk",Droga krajowa,Jednojezdniowa dwukierunkowa,N,POWIAT WYSZKOWSKI,WYSZKÓW - OBSZAR WIEJSKI
1,0,2,2019,Opady deszczu,Zderzenie pojazdów boczne,Opady deszczu,Światło dzienne,Jezdnia,EWK-107763212C,14,2019-03-16,Lekko,21*31'192,52*35'095,62,Obszar niezabudowany,"Zakręt, łuk",Droga krajowa,Jednojezdniowa dwukierunkowa,N,POWIAT WYSZKOWSKI,WYSZKÓW - OBSZAR WIEJSKI
1,0,0,2019,Opady deszczu,Zderzenie pojazdów boczne,Opady deszczu,Światło dzienne,Jezdnia,EWK-107763212C,14,2019-03-16,Nieokreślone (puste pole),21*31'192,52*35'095,62,Obszar niezabudowany,"Zakręt, łuk",Droga krajowa,Jednojezdniowa dwukierunkowa,N,POWIAT WYSZKOWSKI,WYSZKÓW - OBSZAR WIEJSKI
1,0,1,2019,Opady deszczu,Zderzenie pojazdów boczne,Opady deszczu,Światło dzienne,Jezdnia,EWK-107877778P,15,2019-04-16,Lekko,21*41'223,51*44'251,GMINNA,Obszar zabudowany,Odcinek prosty,Droga gminna,Jednojezdniowa dwukierunkowa,N,POWIAT GARWOLIŃSKI,SOBOLEW - OBSZAR WIEJSKI
1,0,0,2019,Opady deszczu,Zderzenie pojazdów boczne,Opady deszczu,Światło dzienne,Jezdnia,EWK-107877778P,15,2019-04-16,Nieokreślone (puste pole),21*41'223,51*44'251,GMINNA,Obszar zabudowany,Odcinek prosty,Droga gminna,Jednojezdniowa dwukierunkowa,N,POWIAT GARWOLIŃSKI,SOBOLEW - OBSZAR WIEJSKI
1,0,1,2019,Opady deszczu,Zderzenie pojazdów boczne,Opady deszczu,Światło dzienne,Jezdnia,EWK-107918433L,14,2019-05-10,Lekko,22*07'258,52*06'296,P3605W,Obszar zabudowany,,Droga powiatowa,Jednojezdniowa dwukierunkowa,N,POWIAT SIEDLECKI,SKÓRZEC - OBSZAR WIEJSKI
1,0,0,2019,Opady deszczu,Zderzenie pojazdów boczne,Opady deszczu,Światło dzienne,Jezdnia,EWK-107918433L,14,2019-05-10,Nieokreślone (puste pole),22*07'258,52*06'296,P3605W,Obszar zabudowany,,Droga powiatowa,Jednojezdniowa dwukierunkowa,N,POWIAT SIEDLECKI,SKÓRZEC - OBSZAR WIEJSKI
1,0,1,2019,Opady deszczu,Zderzenie pojazdów boczne,Opady deszczu,Światło dzienne,Jezdnia,EWK-107931434W,13,2019-05-17,Lekko,19*33'529,52*53'276,10,Obszar niezabudowany,,Droga krajowa,Jednojezdniowa dwukierunkowa,N,POWIAT SIERPECKI,SZCZUTOWO - OBSZAR WIEJSKI
1,0,0,2019,Opady deszczu,Zderzenie pojazdów boczne,Opady deszczu,Światło dzienne,Jezdnia,EWK-107931434W,13,2019-05-17,Nieokreślone (puste pole),19*33'529,52*53'276,10,Obszar niezabudowany,,Droga krajowa,Jednojezdniowa dwukierunkowa,N,POWIAT SIERPECKI,SZCZUTOWO - OBSZAR WIEJSKI
1,0,2,2019,Opady deszczu,Zderzenie pojazdów boczne,Opady deszczu,Światło dzienne,Jezdnia,EWK-108028390X,8,2019-07-07,Lekko,21*13'070,51*52'399,731,Obszar zabudowany,,Droga wojewódzka,Jednojezdniowa dwukierunkowa,N,POWIAT GRÓJECKI,WARKA - OBSZAR WIEJSKI
1,0,0,2019,Opady deszczu,Zderzenie pojazdów boczne,Opady deszczu,Światło dzienne,Jezdnia,EWK-108028390X,8,2019-07-07,Nieokreślone (puste pole),21*13'070,51*52'399,731,Obszar zabudowany,,Droga wojewódzka,Jednojezdniowa dwukierunkowa,N,POWIAT GRÓJECKI,WARKA - OBSZAR WIEJSKI
1,0,1,2019,Opady deszczu,Zderzenie pojazdów boczne,Opady deszczu,Światło dzienne,Jezdnia,EWK-108031393K,18,2019-06-21,Lekko,21*03'328,51*25'312,740,Obszar zabudowany,,Droga wojewódzka,Jednojezdniowa dwukierunkowa,N,POWIAT RADOMSKI,ZAKRZEW - OBSZAR WIEJSKI
1,0,0,2019,Opady deszczu,Zderzenie pojazdów boczne,Opady deszczu,Światło dzienne,Jezdnia,EWK-108031393K,18,2019-06-21,Nieokreślone (puste pole),21*03'328,51*25'312,740,Obszar zabudowany,,Droga wojewódzka,Jednojezdniowa dwukierunkowa,N,POWIAT RADOMSKI,ZAKRZEW - OBSZAR WIEJSKI
1,0,1,2019,Opady deszczu,Zderzenie pojazdów boczne,Opady deszczu,Światło dzienne,Jezdnia,EWK-108099419P,12,2019-08-14,Lekko,21*09'384,51*23'456,P5304W  ,Obszar zabudowany,,Droga powiatowa,Jednojezdniowa dwukierunkowa,N,POWIAT RADOM,RADOM - OBSZAR MIEJSKI
1,0,0,2019,Opady deszczu,Zderzenie pojazdów boczne,Opady deszczu,Światło dzienne,Jezdnia,EWK-108099419P,12,2019-08-14,Nieokreślone (puste pole),21*09'384,51*23'456,P5304W  ,Obszar zabudowany,,Droga powiatowa,Jednojezdniowa dwukierunkowa,N,POWIAT RADOM,RADOM - OBSZAR MIEJSKI
1,0,1,2019,Opady deszczu,Zderzenie pojazdów boczne,Opady deszczu,Światło dzienne,Jezdnia,EWK-108102050Q,11,2019-08-14,Ciężko,22*58'471,52*17'152,811,Obszar zabudowany,,Droga wojewódzka,Jednojezdniowa dwukierunkowa,N,POWIAT ŁOSICKI,SARNAKI - OBSZAR WIEJSKI
1,0,1,2019,Opady deszczu,Zderzenie pojazdów boczne,Opady deszczu,Światło dzienne,Jezdnia,EWK-108102050Q,11,2019-08-14,Lekko,22*58'471,52*17'152,811,Obszar zabudowany,,Droga wojewódzka,Jednojezdniowa dwukierunkowa,N,POWIAT ŁOSICKI,SARNAKI - OBSZAR WIEJSKI
1,0,0,2019,Opady deszczu,Zderzenie pojazdów boczne,Opady deszczu,Światło dzienne,Jezdnia,EWK-108102050Q,11,2019-08-14,Nieokreślone (puste pole),22*58'471,52*17'152,811,Obszar zabudowany,,Droga wojewódzka,Jednojezdniowa dwukierunkowa,N,POWIAT ŁOSICKI,SARNAKI - OBSZAR WIEJSKI
1,0,2,2019,Opady deszczu,Zderzenie pojazdów boczne,Opady deszczu,Światło dzienne,Jezdnia,EWK-108135158U,10,2019-09-03,Lekko,21*08'129,51*23'505,P5305W,Obszar zabudowany,Odcinek prosty,Droga powiatowa,Jednojezdniowa dwukierunkowa,N,POWIAT RADOM,RADOM - OBSZAR MIEJSKI
1,0,1,2019,Opady deszczu,Zderzenie pojazdów boczne,Opady deszczu,Światło dzienne,Jezdnia,EWK-108191116E,17,2019-09-29,Ciężko,19*40'158,52*31'561,62,Obszar zabudowany,,Droga krajowa,Jednojezdniowa dwukierunkowa,N,POWIAT PŁOCK,PŁOCK - OBSZAR MIEJSKI
1,0,0,2019,Opady deszczu,Zderzenie pojazdów boczne,Opady deszczu,Światło dzienne,Jezdnia,EWK-108191116E,17,2019-09-29,Nieokreślone (puste pole),19*40'158,52*31'561,62,Obszar zabudowany,,Droga krajowa,Jednojezdniowa dwukierunkowa,N,POWIAT PŁOCK,PŁOCK - OBSZAR MIEJSKI
1,0,1,2019,Opady deszczu,Zderzenie pojazdów boczne,Opady deszczu,Światło dzienne,Jezdnia,EWK-108205965E,14,2019-10-04,Lekko,21*41'493,51*19'051,P4528W,Obszar zabudowany,,Droga powiatowa,Jednojezdniowa dwukierunkowa,N,POWIAT ZWOLEŃSKI,PRZYŁĘK - OBSZAR WIEJSKI
1,0,0,2019,Opady deszczu,Zderzenie pojazdów boczne,Opady deszczu,Światło dzienne,Jezdnia,EWK-108205965E,14,2019-10-04,Nieokreślone (puste pole),21*41'493,51*19'051,P4528W,Obszar zabudowany,,Droga powiatowa,Jednojezdniowa dwukierunkowa,N,POWIAT ZWOLEŃSKI,PRZYŁĘK - OBSZAR WIEJSKI
1,1,0,2019,Opady deszczu,Zderzenie pojazdów boczne,Opady deszczu,Światło dzienne,Jezdnia,EWK-108222744H,13,2019-10-10,Nieokreślone (puste pole),20*11'054,52*14'195,GMINNA,Obszar zabudowany,Odcinek prosty,Droga gminna,Jednojezdniowa dwukierunkowa,N,POWIAT SOCHACZEWSKI,SOCHACZEW - OBSZAR WIEJSKI
1,0,1,2019,Opady deszczu,Zderzenie pojazdów boczne,Opady deszczu,Światło dzienne,Jezdnia,EWK-108291288M,7,2019-11-04,Ciężko,19*35'291,52*52'547,10,Obszar niezabudowany,Odcinek prosty,Droga krajowa,Jednojezdniowa dwukierunkowa,N,POWIAT SIERPECKI,SIERPC - OBSZAR WIEJSKI
1,0,0,2019,Opady deszczu,Zderzenie pojazdów boczne,Opady deszczu,Światło dzienne,Jezdnia,EWK-108291288M,7,2019-11-04,Nieokreślone (puste pole),19*35'291,52*52'547,10,Obszar niezabudowany,Odcinek prosty,Droga krajowa,Jednojezdniowa dwukierunkowa,N,POWIAT SIERPECKI,SIERPC - OBSZAR WIEJSKI
1,0,1,2019,Opady deszczu,Zderzenie pojazdów boczne,Opady deszczu,Światło dzienne,Jezdnia,EWK-108422045E,14,2019-12-07,Lekko,20*23'363,53*07'404,7,Obszar niezabudowany,,Droga krajowa,Jednojezdniowa dwukierunkowa,N,POWIAT MŁAWSKI,MŁAWA - OBSZAR MIEJSKI
1,0,0,2019,Opady deszczu,Zderzenie pojazdów boczne,Opady deszczu,Światło dzienne,Jezdnia,EWK-108422045E,14,2019-12-07,Nieokreślone (puste pole),20*23'363,53*07'404,7,Obszar niezabudowany,,Droga krajowa,Jednojezdniowa dwukierunkowa,N,POWIAT MŁAWSKI,MŁAWA - OBSZAR MIEJSKI
1,0,1,2019,Opady deszczu,Zderzenie pojazdów boczne,Opady deszczu,Światło dzienne,Jezdnia,EWK-108488314J,10,2019-12-14,Ciężko,21*53'420,52*48'090,627,Obszar zabudowany,,Droga wojewódzka,Jednojezdniowa dwukierunkowa,N,POWIAT OSTROWSKI,OSTRÓW MAZOWIECKA - OBSZAR MIEJSKI
1,0,1,2019,Opady deszczu,Zderzenie pojazdów boczne,Opady deszczu,Światło dzienne,Jezdnia,EWK-108488314J,10,2019-12-14,Lekko,21*53'420,52*48'090,627,Obszar zabudowany,,Droga wojewódzka,Jednojezdniowa dwukierunkowa,N,POWIAT OSTROWSKI,OSTRÓW MAZOWIECKA - OBSZAR MIEJSKI
1,0,0,2019,Opady deszczu,Zderzenie pojazdów boczne,Opady deszczu,Światło dzienne,Jezdnia,EWK-108488314J,10,2019-12-14,Nieokreślone (puste pole),21*53'420,52*48'090,627,Obszar zabudowany,,Droga wojewódzka,Jednojezdniowa dwukierunkowa,N,POWIAT OSTROWSKI,OSTRÓW MAZOWIECKA - OBSZAR MIEJSKI
1,0,1,2019,Opady deszczu,Zderzenie pojazdów boczne,Opady deszczu,Światło dzienne,Jezdnia,EWK-108509921E,9,2019-12-23,Lekko,21*05'323,51*38'487,48,Obszar zabudowany,,Droga krajowa,Jednojezdniowa dwukierunkowa,N,POWIAT BIAŁOBRZESKI,STROMIEC - OBSZAR WIEJSKI
1,0,0,2019,Opady deszczu,Zderzenie pojazdów boczne,Opady deszczu,Światło dzienne,Jezdnia,EWK-108509921E,9,2019-12-23,Nieokreślone (puste pole),21*05'323,51*38'487,48,Obszar zabudowany,,Droga krajowa,Jednojezdniowa dwukierunkowa,N,POWIAT BIAŁOBRZESKI,STROMIEC - OBSZAR WIEJSKI
1,0,1,2019,Opady deszczu,Zderzenie pojazdów boczne,Opady deszczu,Światło dzienne,Przejazd dla rowerzystów,EWK-108316050U,8,2019-11-13,Ciężko,22*12'600,52*35'599,G440526W,Obszar zabudowany,,Droga gminna,Jednojezdniowa dwukierunkowa,N,POWIAT WYSZKOWSKI,WYSZKÓW - OBSZAR MIEJSKI
1,0,0,2019,Opady deszczu,Zderzenie pojazdów boczne,Opady deszczu,Światło dzienne,Przejazd dla rowerzystów,EWK-108316050U,8,2019-11-13,Nieokreślone (puste pole),22*12'600,52*35'599,G440526W,Obszar zabudowany,,Droga gminna,Jednojezdniowa dwukierunkowa,N,POWIAT WYSZKOWSKI,WYSZKÓW - OBSZAR MIEJSKI
1,0,1,2019,Opady deszczu,Zderzenie pojazdów boczne,Opady deszczu,Światło dzienne,Przejazd kolejowy niestrzeżony,EWK-107928162W,17,2019-05-15,Ciężko,21*34'450,52*53'100,2575W,Obszar niezabudowany,Odcinek prosty,Droga powiatowa,Jednojezdniowa dwukierunkowa,N,POWIAT OSTROŁĘCKI,GOWOROWO - OBSZAR WIEJSKI
1,0,0,2019,Opady deszczu,Zderzenie pojazdów boczne,Opady deszczu,Światło dzienne,Przejazd kolejowy niestrzeżony,EWK-107928162W,17,2019-05-15,Nieokreślone (puste pole),21*34'450,52*53'100,2575W,Obszar niezabudowany,Odcinek prosty,Droga powiatowa,Jednojezdniowa dwukierunkowa,N,POWIAT OSTROŁĘCKI,GOWOROWO - OBSZAR WIEJSKI
1,0,2,2019,Opady deszczu,Zderzenie pojazdów boczne,Opady deszczu,Światło dzienne,"Roboty drogowe, oznakowanie tymczasowe",EWK-108513191C,8,2019-12-24,Ciężko,20*51'289,51*54'222,7,Obszar niezabudowany,"Zakręt, łuk",Droga krajowa,Jednojezdniowa dwukierunkowa,N,POWIAT GRÓJECKI,GRÓJEC - OBSZAR WIEJSKI
1,0,0,2019,Opady deszczu,Zderzenie pojazdów boczne,Opady deszczu,Światło dzienne,"Roboty drogowe, oznakowanie tymczasowe",EWK-108513191C,8,2019-12-24,Nieokreślone (puste pole),20*51'289,51*54'222,7,Obszar niezabudowany,"Zakręt, łuk",Droga krajowa,Jednojezdniowa dwukierunkowa,N,POWIAT GRÓJECKI,GRÓJEC - OBSZAR WIEJSKI
1,0,1,2019,Opady deszczu,Zderzenie pojazdów boczne,Opady deszczu,"Świt, zmrok",Jezdnia,EWK-108046027L,4,2019-07-17,Lekko,20*51'256,51*54'296,7,Obszar niezabudowany,,Droga krajowa,Dwie jezdnie jednokierunkowe,N,POWIAT GRÓJECKI,GRÓJEC - OBSZAR WIEJSKI
1,0,0,2019,Opady deszczu,Zderzenie pojazdów boczne,Opady deszczu,"Świt, zmrok",Jezdnia,EWK-108046027L,4,2019-07-17,Nieokreślone (puste pole),20*51'256,51*54'296,7,Obszar niezabudowany,,Droga krajowa,Dwie jezdnie jednokierunkowe,N,POWIAT GRÓJECKI,GRÓJEC - OBSZAR WIEJSKI
1,0,1,2019,Opady deszczu,Zderzenie pojazdów czołowe,Opady deszczu,Noc - droga nieoświetlona,Jezdnia,EWK-108028319X,0,2019-07-07,Ciężko,21*27'446,52*33'400,GMINNA,Obszar niezabudowany,Odcinek prosty,Droga gminna,Jednojezdniowa dwukierunkowa,T,POWIAT WYSZKOWSKI,WYSZKÓW - OBSZAR WIEJSKI
1,0,0,2019,Opady deszczu,Zderzenie pojazdów czołowe,Opady deszczu,Noc - droga nieoświetlona,Jezdnia,EWK-108028319X,0,2019-07-07,Nieokreślone (puste pole),21*27'446,52*33'400,GMINNA,Obszar niezabudowany,Odcinek prosty,Droga gminna,Jednojezdniowa dwukierunkowa,T,POWIAT WYSZKOWSKI,WYSZKÓW - OBSZAR WIEJSKI
1,0,2,2019,Opady deszczu,Zderzenie pojazdów czołowe,Opady deszczu,Noc - droga nieoświetlona,Jezdnia,EWK-108133203M,20,2019-09-02,Lekko,21*20'396,51*53'082,801,Obszar niezabudowany,Odcinek prosty,Droga wojewódzka,Jednojezdniowa dwukierunkowa,N,POWIAT GARWOLIŃSKI,WILGA - OBSZAR WIEJSKI
1,1,0,2019,Opady deszczu,Zderzenie pojazdów czołowe,Opady deszczu,Noc - droga nieoświetlona,Jezdnia,EWK-108133203M,20,2019-09-02,Nieokreślone (puste pole),21*20'396,51*53'082,801,Obszar niezabudowany,Odcinek prosty,Droga wojewódzka,Jednojezdniowa dwukierunkowa,N,POWIAT GARWOLIŃSKI,WILGA - OBSZAR WIEJSKI
1,0,1,2019,Opady deszczu,Zderzenie pojazdów czołowe,Opady deszczu,Noc - droga nieoświetlona,Jezdnia,EWK-108517051M,21,2019-12-26,Ciężko,20*05'300,52*15'140,3818W,Obszar niezabudowany,Odcinek prosty,Droga powiatowa,Jednojezdniowa dwukierunkowa,N,POWIAT SOCHACZEWSKI,RYBNO - OBSZAR WIEJSKI
1,0,1,2019,Opady deszczu,Zderzenie pojazdów czołowe,Opady deszczu,Noc - droga nieoświetlona,Jezdnia,EWK-108517051M,21,2019-12-26,Lekko,20*05'300,52*15'140,3818W,Obszar niezabudowany,Odcinek prosty,Droga powiatowa,Jednojezdniowa dwukierunkowa,N,POWIAT SOCHACZEWSKI,RYBNO - OBSZAR WIEJSKI
1,0,0,2019,Opady deszczu,Zderzenie pojazdów czołowe,Opady deszczu,Noc - droga nieoświetlona,Jezdnia,EWK-108517051M,21,2019-12-26,Nieokreślone (puste pole),20*05'300,52*15'140,3818W,Obszar niezabudowany,Odcinek prosty,Droga powiatowa,Jednojezdniowa dwukierunkowa,N,POWIAT SOCHACZEWSKI,RYBNO - OBSZAR WIEJSKI
1,0,1,2019,Opady deszczu,Zderzenie pojazdów czołowe,Opady deszczu,Noc - droga oświetlona,Jezdnia,EWK-108040070F,3,2019-07-13,Lekko,22*10'410,52*10'410,2,Obszar niezabudowany,,Droga krajowa,Jednojezdniowa dwukierunkowa,N,POWIAT SIEDLECKI,SIEDLCE - OBSZAR WIEJSKI
1,0,0,2019,Opady deszczu,Zderzenie pojazdów czołowe,Opady deszczu,Noc - droga oświetlona,Jezdnia,EWK-108040070F,3,2019-07-13,Nieokreślone (puste pole),22*10'410,52*10'410,2,Obszar niezabudowany,,Droga krajowa,Jednojezdniowa dwukierunkowa,N,POWIAT SIEDLECKI,SIEDLCE - OBSZAR WIEJSKI
1,0,1,2019,Opady deszczu,Zderzenie pojazdów czołowe,Opady deszczu,Noc - droga oświetlona,Jezdnia,EWK-108133193E,20,2019-09-02,Lekko,21*41'340,51*55'437,76,Obszar zabudowany,"Zakręt, łuk",Droga krajowa,Jednojezdniowa dwukierunkowa,N,POWIAT GARWOLIŃSKI,BOROWIE - OBSZAR WIEJSKI
1,0,0,2019,Opady deszczu,Zderzenie pojazdów czołowe,Opady deszczu,Noc - droga oświetlona,Jezdnia,EWK-108133193E,20,2019-09-02,Nieokreślone (puste pole),21*41'340,51*55'437,76,Obszar zabudowany,"Zakręt, łuk",Droga krajowa,Jednojezdniowa dwukierunkowa,N,POWIAT GARWOLIŃSKI,BOROWIE - OBSZAR WIEJSKI
1,0,1,2019,Opady deszczu,Zderzenie pojazdów czołowe,Opady deszczu,Noc - droga oświetlona,Jezdnia,EWK-108306870U,4,2019-11-10,Lekko,22*16'066,52*09'514,803,Obszar zabudowany,"Zakręt, łuk",Droga wojewódzka,Jednojezdniowa dwukierunkowa,N,POWIAT SIEDLCE,SIEDLCE - OBSZAR MIEJSKI
1,0,0,2019,Opady deszczu,Zderzenie pojazdów czołowe,Opady deszczu,Noc - droga oświetlona,Jezdnia,EWK-108306870U,4,2019-11-10,Nieokreślone (puste pole),22*16'066,52*09'514,803,Obszar zabudowany,"Zakręt, łuk",Droga wojewódzka,Jednojezdniowa dwukierunkowa,N,POWIAT SIEDLCE,SIEDLCE - OBSZAR MIEJSKI
1,0,2,2019,Opady deszczu,Zderzenie pojazdów czołowe,Opady deszczu,Noc - droga oświetlona,"Wjazd, wyjazd z posesji, pola",EWK-108216130Y,18,2019-10-08,Lekko,21*11'082,51*23'525,P3528W,Obszar zabudowany,Odcinek prosty,Droga powiatowa,Jednojezdniowa dwukierunkowa,N,POWIAT RADOM,RADOM - OBSZAR MIEJSKI
1,0,0,2019,Opady deszczu,Zderzenie pojazdów czołowe,Opady deszczu,Noc - droga oświetlona,"Wjazd, wyjazd z posesji, pola",EWK-108216130Y,18,2019-10-08,Nieokreślone (puste pole),21*11'082,51*23'525,P3528W,Obszar zabudowany,Odcinek prosty,Droga powiatowa,Jednojezdniowa dwukierunkowa,N,POWIAT RADOM,RADOM - OBSZAR MIEJSKI
1,0,2,2019,Opady deszczu,Zderzenie pojazdów czołowe,Opady deszczu,Światło dzienne,Jezdnia,EWK-107715526K,14,2019-02-21,Lekko,20*54'022,51*40'149,P1104W,Obszar niezabudowany,Odcinek prosty,Droga powiatowa,Jednojezdniowa dwukierunkowa,N,POWIAT BIAŁOBRZESKI,PROMNA - OBSZAR WIEJSKI
1,0,1,2019,Opady deszczu,Zderzenie pojazdów czołowe,Opady deszczu,Światło dzienne,Jezdnia,EWK-107887058F,17,2019-04-21,Lekko,21*41'312,51*55'427,76,Obszar zabudowany,"Zakręt, łuk",Droga krajowa,Jednojezdniowa dwukierunkowa,N,POWIAT GARWOLIŃSKI,BOROWIE - OBSZAR WIEJSKI
1,0,0,2019,Opady deszczu,Zderzenie pojazdów czołowe,Opady deszczu,Światło dzienne,Jezdnia,EWK-107887058F,17,2019-04-21,Nieokreślone (puste pole),21*41'312,51*55'427,76,Obszar zabudowany,"Zakręt, łuk",Droga krajowa,Jednojezdniowa dwukierunkowa,N,POWIAT GARWOLIŃSKI,BOROWIE - OBSZAR WIEJSKI
1,1,0,2019,Opady deszczu,Zderzenie pojazdów czołowe,Opady deszczu,Światło dzienne,Jezdnia,EWK-107900085K,15,2019-04-28,Nieokreślone (puste pole),20*36'053,51*23'596,P3319W,Obszar zabudowany,"Zakręt, łuk",Droga powiatowa,Jednojezdniowa dwukierunkowa,N,POWIAT PRZYSUSKI,RUSINÓW - OBSZAR WIEJSKI
1,0,1,2019,Opady deszczu,Zderzenie pojazdów czołowe,Opady deszczu,Światło dzienne,Jezdnia,EWK-107925759D,15,2019-05-14,Lekko,21*38'291,51*33'005,48,Obszar niezabudowany,"Zakręt, łuk",Droga krajowa,Jednojezdniowa dwukierunkowa,N,POWIAT KOZIENICKI,KOZIENICE - OBSZAR WIEJSKI
1,0,0,2019,Opady deszczu,Zderzenie pojazdów czołowe,Opady deszczu,Światło dzienne,Jezdnia,EWK-107925759D,15,2019-05-14,Nieokreślone (puste pole),21*38'291,51*33'005,48,Obszar niezabudowany,"Zakręt, łuk",Droga krajowa,Jednojezdniowa dwukierunkowa,N,POWIAT KOZIENICKI,KOZIENICE - OBSZAR WIEJSKI
1,0,2,2019,Opady deszczu,Zderzenie pojazdów czołowe,Opady deszczu,Światło dzienne,Jezdnia,EWK-108030731W,16,2019-07-09,Lekko,20*26'597,52*02'424,GMINNA,Obszar zabudowany,Odcinek prosty,Droga gminna,Jednojezdniowa dwukierunkowa,N,POWIAT ŻYRARDOWSKI,ŻYRARDÓW - OBSZAR MIEJSKI
1,0,0,2019,Opady deszczu,Zderzenie pojazdów czołowe,Opady deszczu,Światło dzienne,Jezdnia,EWK-108030731W,16,2019-07-09,Nieokreślone (puste pole),20*26'597,52*02'424,GMINNA,Obszar zabudowany,Odcinek prosty,Droga gminna,Jednojezdniowa dwukierunkowa,N,POWIAT ŻYRARDOWSKI,ŻYRARDÓW - OBSZAR MIEJSKI
1,0,1,2019,Opady deszczu,Zderzenie pojazdów czołowe,Opady deszczu,Światło dzienne,Jezdnia,EWK-108164591L,8,2019-09-18,Lekko,20*51'344,51*47'596,P1638W,Obszar zabudowany,,Droga powiatowa,Jednojezdniowa dwukierunkowa,N,POWIAT GRÓJECKI,BELSK DUŻY - OBSZAR WIEJSKI