Liczba wypadków,Liczba zabitych,Liczba rannych,Rok,Warunki atmosferyczne,Rodzaj zdarzenia,Warunki atmosferyczne,Oświetlenie,Charakterystyka miejsca zdarzenia,IDKSIP zdarzenia,Godzina,Dzień,Ranny,GPS x,GPS y,Numer drogi,Obszar,Geometria drogi,Kategoria drogi 1,Rodzaj drogi,Czy w zdarzeniu był sprawca nietrzeźwy,Powiat,Gmina
1,0,1,2019,"Opady śniegu, gradu",Najechanie na drzewo,"Opady śniegu, gradu",Światło dzienne,Pobocze,EWK-107650163P,12,2019-01-18,Ciężko,22*53'437,52*10'464,698,Obszar niezabudowany,Odcinek prosty; Wzniesienie,Droga wojewódzka,Jednojezdniowa dwukierunkowa,T,POWIAT ŁOSICKI,STARA KORNICA - OBSZAR WIEJSKI
1,0,1,2019,"Opady śniegu, gradu",Najechanie na pieszego,"Opady śniegu, gradu",Noc - droga nieoświetlona,Jezdnia,EWK-107663207H,5,2019-01-25,Lekko,20*51'594,51*46'298,GMINNA,Obszar niezabudowany,Odcinek prosty,Droga gminna,Jednojezdniowa dwukierunkowa,N,POWIAT GRÓJECKI,GOSZCZYN - OBSZAR WIEJSKI
1,0,0,2019,"Opady śniegu, gradu",Najechanie na pieszego,"Opady śniegu, gradu",Noc - droga nieoświetlona,Jezdnia,EWK-107663207H,5,2019-01-25,Nieokreślone (puste pole),20*51'594,51*46'298,GMINNA,Obszar niezabudowany,Odcinek prosty,Droga gminna,Jednojezdniowa dwukierunkowa,N,POWIAT GRÓJECKI,GOSZCZYN - OBSZAR WIEJSKI
1,1,0,2019,"Opady śniegu, gradu",Najechanie na pieszego,"Opady śniegu, gradu",Noc - droga nieoświetlona,Jezdnia,EWK-107669202R,19,2019-01-28,Nieokreślone (puste pole),20*29'370,52*47'510,P1241W,Obszar niezabudowany,Odcinek prosty,Droga powiatowa,Jednojezdniowa dwukierunkowa,N,POWIAT CIECHANOWSKI,OJRZEŃ - OBSZAR WIEJSKI
1,0,1,2019,"Opady śniegu, gradu",Najechanie na pieszego,"Opady śniegu, gradu",Noc - droga oświetlona,"Chodnik, droga dla pieszych",EWK-108408870D,19,2019-12-02,Lekko,21*36'218,51*53'587,P1372W,Obszar zabudowany,Odcinek prosty,Droga powiatowa,Jednojezdniowa dwukierunkowa,N,POWIAT GARWOLIŃSKI,GARWOLIN - OBSZAR MIEJSKI
1,0,0,2019,"Opady śniegu, gradu",Najechanie na pieszego,"Opady śniegu, gradu",Noc - droga oświetlona,"Chodnik, droga dla pieszych",EWK-108408870D,19,2019-12-02,Nieokreślone (puste pole),21*36'218,51*53'587,P1372W,Obszar zabudowany,Odcinek prosty,Droga powiatowa,Jednojezdniowa dwukierunkowa,N,POWIAT GARWOLIŃSKI,GARWOLIN - OBSZAR MIEJSKI
1,0,1,2019,"Opady śniegu, gradu",Najechanie na pieszego,"Opady śniegu, gradu",Noc - droga oświetlona,Jezdnia,EWK-107675831T,19,2019-01-31,Ciężko,21*27'470,52*35'486,G440563W,Obszar zabudowany,Odcinek prosty,Droga gminna,Jednojezdniowa dwukierunkowa,N,POWIAT WYSZKOWSKI,WYSZKÓW - OBSZAR MIEJSKI
1,0,0,2019,"Opady śniegu, gradu",Najechanie na pieszego,"Opady śniegu, gradu",Noc - droga oświetlona,Jezdnia,EWK-107675831T,19,2019-01-31,Nieokreślone (puste pole),21*27'470,52*35'486,G440563W,Obszar zabudowany,Odcinek prosty,Droga gminna,Jednojezdniowa dwukierunkowa,N,POWIAT WYSZKOWSKI,WYSZKÓW - OBSZAR MIEJSKI
1,0,1,2019,"Opady śniegu, gradu",Najechanie na pieszego,"Opady śniegu, gradu",Światło dzienne,Przejście dla pieszych,EWK-107573897D,6,2019-01-05,Lekko,20*14'109,52*13'470,GMINNA,Obszar zabudowany,,Droga gminna,Jednojezdniowa dwukierunkowa,N,POWIAT SOCHACZEWSKI,SOCHACZEW - OBSZAR MIEJSKI
1,0,0,2019,"Opady śniegu, gradu",Najechanie na pieszego,"Opady śniegu, gradu",Światło dzienne,Przejście dla pieszych,EWK-107573897D,6,2019-01-05,Nieokreślone (puste pole),20*14'109,52*13'470,GMINNA,Obszar zabudowany,,Droga gminna,Jednojezdniowa dwukierunkowa,N,POWIAT SOCHACZEWSKI,SOCHACZEW - OBSZAR MIEJSKI
1,0,1,2019,"Opady śniegu, gradu",Najechanie na pieszego,"Opady śniegu, gradu",Światło dzienne,Przejście dla pieszych,EWK-107663381T,9,2019-01-25,Lekko,22*16'491,52*10'026,GMINNA,Obszar zabudowany,Odcinek prosty,Droga gminna,Jednojezdniowa dwukierunkowa,N,POWIAT SIEDLCE,SIEDLCE - OBSZAR MIEJSKI
1,0,0,2019,"Opady śniegu, gradu",Najechanie na pieszego,"Opady śniegu, gradu",Światło dzienne,Przejście dla pieszych,EWK-107663381T,9,2019-01-25,Nieokreślone (puste pole),22*16'491,52*10'026,GMINNA,Obszar zabudowany,Odcinek prosty,Droga gminna,Jednojezdniowa dwukierunkowa,N,POWIAT SIEDLCE,SIEDLCE - OBSZAR MIEJSKI
1,0,1,2019,"Opady śniegu, gradu",Najechanie na pieszego,"Opady śniegu, gradu",Światło dzienne,"Wjazd, wyjazd z posesji, pola",EWK-107574524H,13,2019-01-05,Lekko,21*09'425,51*23'537,P5304W  ,Obszar zabudowany,Odcinek prosty,Droga powiatowa,Jednojezdniowa dwukierunkowa,N,POWIAT RADOM,RADOM - OBSZAR MIEJSKI
1,0,0,2019,"Opady śniegu, gradu",Najechanie na pieszego,"Opady śniegu, gradu",Światło dzienne,"Wjazd, wyjazd z posesji, pola",EWK-107574524H,13,2019-01-05,Nieokreślone (puste pole),21*09'425,51*23'537,P5304W  ,Obszar zabudowany,Odcinek prosty,Droga powiatowa,Jednojezdniowa dwukierunkowa,N,POWIAT RADOM,RADOM - OBSZAR MIEJSKI
1,0,1,2019,"Opady śniegu, gradu",Najechanie na pieszego,"Opady śniegu, gradu","Świt, zmrok",Jezdnia,EWK-107615681Q,18,2019-01-09,Lekko,21*31'554,51*57'322,805,Obszar zabudowany,Odcinek prosty,Droga wojewódzka,Jednojezdniowa dwukierunkowa,N,POWIAT GARWOLIŃSKI,PILAWA - OBSZAR WIEJSKI
1,0,0,2019,"Opady śniegu, gradu",Najechanie na pieszego,"Opady śniegu, gradu","Świt, zmrok",Jezdnia,EWK-107615681Q,18,2019-01-09,Nieokreślone (puste pole),21*31'554,51*57'322,805,Obszar zabudowany,Odcinek prosty,Droga wojewódzka,Jednojezdniowa dwukierunkowa,N,POWIAT GARWOLIŃSKI,PILAWA - OBSZAR WIEJSKI
1,0,1,2019,"Opady śniegu, gradu",Najechanie na pieszego,"Opady śniegu, gradu","Świt, zmrok",Jezdnia,EWK-107665829H,7,2019-01-26,Lekko,21*42'381,52*43'131,8,Obszar niezabudowany,"Zakręt, łuk",Droga krajowa,Jednojezdniowa dwukierunkowa,N,POWIAT OSTROWSKI,OSTRÓW MAZOWIECKA - OBSZAR WIEJSKI
1,0,0,2019,"Opady śniegu, gradu",Najechanie na pieszego,"Opady śniegu, gradu","Świt, zmrok",Jezdnia,EWK-107665829H,7,2019-01-26,Nieokreślone (puste pole),21*42'381,52*43'131,8,Obszar niezabudowany,"Zakręt, łuk",Droga krajowa,Jednojezdniowa dwukierunkowa,N,POWIAT OSTROWSKI,OSTRÓW MAZOWIECKA - OBSZAR WIEJSKI
1,0,1,2019,"Opady śniegu, gradu",Najechanie na pojazd unieruchomiony,"Opady śniegu, gradu",Noc - droga oświetlona,Jezdnia,EWK-107581298R,18,2019-01-06,Lekko,21*08'392,51*21'053,GMINNA,Obszar zabudowany,Odcinek prosty,Droga gminna,Jednojezdniowa dwukierunkowa,N,POWIAT RADOMSKI,KOWALA - OBSZAR WIEJSKI
1,0,1,2019,"Opady śniegu, gradu","Najechanie na słup, znak","Opady śniegu, gradu",Światło dzienne,Jezdnia,EWK-107663269N,9,2019-01-25,Lekko,19*39'117,52*45'184,P3735W,Obszar niezabudowany,Odcinek prosty,Droga powiatowa,Jednojezdniowa dwukierunkowa,N,POWIAT SIERPECKI,GOZDOWO - OBSZAR WIEJSKI
1,0,0,2019,"Opady śniegu, gradu","Najechanie na słup, znak","Opady śniegu, gradu",Światło dzienne,Jezdnia,EWK-107663269N,9,2019-01-25,Nieokreślone (puste pole),19*39'117,52*45'184,P3735W,Obszar niezabudowany,Odcinek prosty,Droga powiatowa,Jednojezdniowa dwukierunkowa,N,POWIAT SIERPECKI,GOZDOWO - OBSZAR WIEJSKI
1,0,2,2019,"Opady śniegu, gradu",Wywrócenie się pojazdu,"Opady śniegu, gradu",Noc - droga nieoświetlona,Jezdnia,EWK-107564983W,18,2019-01-02,Lekko,21*06'547,51*18'235,733,Obszar niezabudowany,,Droga wojewódzka,Jednojezdniowa dwukierunkowa,N,POWIAT RADOMSKI,KOWALA - OBSZAR WIEJSKI
1,0,1,2019,"Opady śniegu, gradu",Wywrócenie się pojazdu,"Opady śniegu, gradu",Noc - droga nieoświetlona,Jezdnia,EWK-107611323J,17,2019-01-08,Lekko,21*06'092,52*37'071,61,Obszar niezabudowany,Odcinek prosty,Droga krajowa,Jednojezdniowa dwukierunkowa,T,POWIAT PUŁTUSKI,POKRZYWNICA - OBSZAR WIEJSKI
1,0,1,2019,"Opady śniegu, gradu",Wywrócenie się pojazdu,"Opady śniegu, gradu",Noc - droga nieoświetlona,Jezdnia,EWK-107667415Q,18,2019-01-25,Lekko,19*48'226,52*54'591,541,Obszar niezabudowany,"Zakręt, łuk",Droga wojewódzka,Jednojezdniowa dwukierunkowa,N,POWIAT SIERPECKI,ROŚCISZEWO - OBSZAR WIEJSKI
1,0,5,2019,"Opady śniegu, gradu",Wywrócenie się pojazdu,"Opady śniegu, gradu",Noc - droga nieoświetlona,"Skarpa, rów",EWK-107638451Q,0,2019-01-16,Ciężko,20*28'308,52*01'082,GMINNA,Obszar niezabudowany,Odcinek prosty,Droga gminna,Jednojezdniowa dwukierunkowa,N,POWIAT ŻYRARDOWSKI,RADZIEJOWICE - OBSZAR WIEJSKI
1,0,1,2019,"Opady śniegu, gradu",Wywrócenie się pojazdu,"Opady śniegu, gradu",Noc - droga nieoświetlona,"Skarpa, rów",EWK-107638451Q,0,2019-01-16,Lekko,20*28'308,52*01'082,GMINNA,Obszar niezabudowany,Odcinek prosty,Droga gminna,Jednojezdniowa dwukierunkowa,N,POWIAT ŻYRARDOWSKI,RADZIEJOWICE - OBSZAR WIEJSKI
1,0,0,2019,"Opady śniegu, gradu",Wywrócenie się pojazdu,"Opady śniegu, gradu",Noc - droga nieoświetlona,"Skarpa, rów",EWK-107638451Q,0,2019-01-16,Nieokreślone (puste pole),20*28'308,52*01'082,GMINNA,Obszar niezabudowany,Odcinek prosty,Droga gminna,Jednojezdniowa dwukierunkowa,N,POWIAT ŻYRARDOWSKI,RADZIEJOWICE - OBSZAR WIEJSKI
1,0,1,2019,"Opady śniegu, gradu",Wywrócenie się pojazdu,"Opady śniegu, gradu",Światło dzienne,"Skarpa, rów",EWK-107664944E,11,2019-01-25,Lekko,22*12'71,52*27'493,627,Obszar niezabudowany,"Zakręt, łuk",Droga wojewódzka,Jednojezdniowa dwukierunkowa,N,POWIAT SOKOŁOWSKI,SOKOŁÓW PODLASKI - OBSZAR WIEJSKI
1,0,0,2019,"Opady śniegu, gradu",Wywrócenie się pojazdu,"Opady śniegu, gradu",Światło dzienne,"Skarpa, rów",EWK-107664944E,11,2019-01-25,Nieokreślone (puste pole),22*12'71,52*27'493,627,Obszar niezabudowany,"Zakręt, łuk",Droga wojewódzka,Jednojezdniowa dwukierunkowa,N,POWIAT SOKOŁOWSKI,SOKOŁÓW PODLASKI - OBSZAR WIEJSKI
1,0,2,2019,"Opady śniegu, gradu",Zderzenie pojazdów boczne,"Opady śniegu, gradu",Noc - droga nieoświetlona,Jezdnia,EWK-107620163T,4,2019-01-10,Lekko,21*14'024,51*10'382,9,Obszar niezabudowany,Odcinek prosty,Droga krajowa,Dwie jezdnie jednokierunkowe,N,POWIAT RADOMSKI,IŁŻA - OBSZAR MIEJSKI
1,3,0,2019,"Opady śniegu, gradu",Zderzenie pojazdów boczne,"Opady śniegu, gradu",Noc - droga nieoświetlona,Jezdnia,EWK-107620163T,4,2019-01-10,Nieokreślone (puste pole),21*14'024,51*10'382,9,Obszar niezabudowany,Odcinek prosty,Droga krajowa,Dwie jezdnie jednokierunkowe,N,POWIAT RADOMSKI,IŁŻA - OBSZAR MIEJSKI
1,0,1,2019,"Opady śniegu, gradu",Zderzenie pojazdów boczne,"Opady śniegu, gradu",Noc - droga nieoświetlona,Jezdnia,EWK-107669508P,23,2019-01-28,Lekko,22*46'313,52*14'311,19,Obszar zabudowany,Odcinek prosty,Droga krajowa,Jednojezdniowa dwukierunkowa,N,POWIAT ŁOSICKI,ŁOSICE - OBSZAR WIEJSKI
1,0,0,2019,"Opady śniegu, gradu",Zderzenie pojazdów boczne,"Opady śniegu, gradu",Noc - droga nieoświetlona,Jezdnia,EWK-107669508P,23,2019-01-28,Nieokreślone (puste pole),22*46'313,52*14'311,19,Obszar zabudowany,Odcinek prosty,Droga krajowa,Jednojezdniowa dwukierunkowa,N,POWIAT ŁOSICKI,ŁOSICE - OBSZAR WIEJSKI
1,0,1,2019,"Opady śniegu, gradu",Zderzenie pojazdów boczne,"Opady śniegu, gradu",Noc - droga oświetlona,Jezdnia,EWK-107635601L,17,2019-01-14,Lekko,21*29'454,51*20'122,P4512W,Obszar zabudowany,Odcinek prosty,Droga powiatowa,Jednojezdniowa dwukierunkowa,N,POWIAT ZWOLEŃSKI,TCZÓW - OBSZAR WIEJSKI
1,0,0,2019,"Opady śniegu, gradu",Zderzenie pojazdów boczne,"Opady śniegu, gradu",Noc - droga oświetlona,Jezdnia,EWK-107635601L,17,2019-01-14,Nieokreślone (puste pole),21*29'454,51*20'122,P4512W,Obszar zabudowany,Odcinek prosty,Droga powiatowa,Jednojezdniowa dwukierunkowa,N,POWIAT ZWOLEŃSKI,TCZÓW - OBSZAR WIEJSKI
1,0,1,2019,"Opady śniegu, gradu",Zderzenie pojazdów boczne,"Opady śniegu, gradu",Noc - droga oświetlona,Jezdnia,EWK-107695086G,18,2019-01-26,Lekko,21*10'255,51*24'313,P5329W,Obszar zabudowany,,Droga powiatowa,Jednojezdniowa dwukierunkowa,N,POWIAT RADOM,RADOM - OBSZAR MIEJSKI
1,0,0,2019,"Opady śniegu, gradu",Zderzenie pojazdów boczne,"Opady śniegu, gradu",Noc - droga oświetlona,Jezdnia,EWK-107695086G,18,2019-01-26,Nieokreślone (puste pole),21*10'255,51*24'313,P5329W,Obszar zabudowany,,Droga powiatowa,Jednojezdniowa dwukierunkowa,N,POWIAT RADOM,RADOM - OBSZAR MIEJSKI
1,0,2,2019,"Opady śniegu, gradu",Zderzenie pojazdów boczne,"Opady śniegu, gradu",Światło dzienne,Jezdnia,EWK-107615034X,9,2019-01-05,Lekko,20*47'340,51*15'023,727,Obszar zabudowany,Odcinek prosty,Droga wojewódzka,Jednojezdniowa dwukierunkowa,N,POWIAT SZYDŁOWIECKI,CHLEWISKA - OBSZAR WIEJSKI
1,0,2,2019,"Opady śniegu, gradu",Zderzenie pojazdów boczne,"Opady śniegu, gradu",Światło dzienne,Jezdnia,EWK-107615794J,15,2019-01-09,Lekko,21*13'179,51*24'504,12,Obszar zabudowany,,Droga krajowa,Jednojezdniowa dwukierunkowa,N,POWIAT RADOMSKI,JEDLNIA-LETNISKO - OBSZAR WIEJSKI
1,0,0,2019,"Opady śniegu, gradu",Zderzenie pojazdów boczne,"Opady śniegu, gradu",Światło dzienne,Jezdnia,EWK-107615794J,15,2019-01-09,Nieokreślone (puste pole),21*13'179,51*24'504,12,Obszar zabudowany,,Droga krajowa,Jednojezdniowa dwukierunkowa,N,POWIAT RADOMSKI,JEDLNIA-LETNISKO - OBSZAR WIEJSKI
1,0,1,2019,"Opady śniegu, gradu",Zderzenie pojazdów boczne,"Opady śniegu, gradu",Światło dzienne,Jezdnia,EWK-107620162H,15,2019-01-10,Lekko,21*10'488,51*23'412,G530133W,Obszar zabudowany,,Droga gminna,Jednojezdniowa dwukierunkowa,N,POWIAT RADOM,RADOM - OBSZAR MIEJSKI
1,0,0,2019,"Opady śniegu, gradu",Zderzenie pojazdów boczne,"Opady śniegu, gradu",Światło dzienne,Jezdnia,EWK-107620162H,15,2019-01-10,Nieokreślone (puste pole),21*10'488,51*23'412,G530133W,Obszar zabudowany,,Droga gminna,Jednojezdniowa dwukierunkowa,N,POWIAT RADOM,RADOM - OBSZAR MIEJSKI
1,0,1,2019,"Opady śniegu, gradu",Zderzenie pojazdów boczne,"Opady śniegu, gradu",Światło dzienne,Jezdnia,EWK-107664611P,7,2019-01-25,Lekko,21*28'471,51*18'194,P4516W,Obszar niezabudowany,,Droga powiatowa,Jednojezdniowa dwukierunkowa,N,POWIAT ZWOLEŃSKI,TCZÓW - OBSZAR WIEJSKI
1,0,0,2019,"Opady śniegu, gradu",Zderzenie pojazdów boczne,"Opady śniegu, gradu",Światło dzienne,Jezdnia,EWK-107664611P,7,2019-01-25,Nieokreślone (puste pole),21*28'471,51*18'194,P4516W,Obszar niezabudowany,,Droga powiatowa,Jednojezdniowa dwukierunkowa,N,POWIAT ZWOLEŃSKI,TCZÓW - OBSZAR WIEJSKI
1,0,2,2019,"Opady śniegu, gradu",Zderzenie pojazdów boczne,"Opady śniegu, gradu",Światło dzienne,Jezdnia,EWK-107674008E,13,2019-01-30,Ciężko,20*51'585,51*51'429,GMINNA,Obszar zabudowany,Odcinek prosty,Droga gminna,Jednojezdniowa dwukierunkowa,N,POWIAT GRÓJECKI,GRÓJEC - OBSZAR MIEJSKI
1,0,1,2019,"Opady śniegu, gradu",Zderzenie pojazdów boczne,"Opady śniegu, gradu","Świt, zmrok",Jezdnia,EWK-107673998K,6,2019-01-31,Lekko,21*05'539,52*44'396,61,Obszar niezabudowany,,Droga krajowa,Jednojezdniowa dwukierunkowa,N,POWIAT PUŁTUSKI,PUŁTUSK - OBSZAR WIEJSKI
1,0,0,2019,"Opady śniegu, gradu",Zderzenie pojazdów boczne,"Opady śniegu, gradu","Świt, zmrok",Jezdnia,EWK-107673998K,6,2019-01-31,Nieokreślone (puste pole),21*05'539,52*44'396,61,Obszar niezabudowany,,Droga krajowa,Jednojezdniowa dwukierunkowa,N,POWIAT PUŁTUSKI,PUŁTUSK - OBSZAR WIEJSKI
1,1,0,2019,"Opady śniegu, gradu",Zderzenie pojazdów czołowe,"Opady śniegu, gradu",Noc - droga oświetlona,Jezdnia,EWK-107611304Q,18,2019-01-08,Nieokreślone (puste pole),20*36'013,51*56'376,50,Obszar niezabudowany,Odcinek prosty,Droga krajowa,Jednojezdniowa dwukierunkowa,N,POWIAT ŻYRARDOWSKI,MSZCZONÓW - OBSZAR WIEJSKI
1,0,1,2019,"Opady śniegu, gradu",Zderzenie pojazdów czołowe,"Opady śniegu, gradu",Noc - droga oświetlona,Jezdnia,EWK-107664571L,3,2019-01-25,Ciężko,21*12'249,51*24'519,12,Obszar niezabudowany,Odcinek prosty,Droga krajowa,Jednojezdniowa dwukierunkowa,N,POWIAT RADOM,RADOM - OBSZAR MIEJSKI
1,0,0,2019,"Opady śniegu, gradu",Zderzenie pojazdów czołowe,"Opady śniegu, gradu",Noc - droga oświetlona,Jezdnia,EWK-107664571L,3,2019-01-25,Nieokreślone (puste pole),21*12'249,51*24'519,12,Obszar niezabudowany,Odcinek prosty,Droga krajowa,Jednojezdniowa dwukierunkowa,N,POWIAT RADOM,RADOM - OBSZAR MIEJSKI
1,0,1,2019,"Opady śniegu, gradu",Zderzenie pojazdów czołowe,"Opady śniegu, gradu",Światło dzienne,Jezdnia,EWK-107561632N,14,2019-01-02,Lekko,20*53'283,53*00'333,P3238W  ,Obszar zabudowany,Odcinek prosty,Droga powiatowa,Jednojezdniowa dwukierunkowa,N,POWIAT PRZASNYSKI,PRZASNYSZ - OBSZAR MIEJSKI
1,0,0,2019,"Opady śniegu, gradu",Zderzenie pojazdów czołowe,"Opady śniegu, gradu",Światło dzienne,Jezdnia,EWK-107561632N,14,2019-01-02,Nieokreślone (puste pole),20*53'283,53*00'333,P3238W  ,Obszar zabudowany,Odcinek prosty,Droga powiatowa,Jednojezdniowa dwukierunkowa,N,POWIAT PRZASNYSKI,PRZASNYSZ - OBSZAR MIEJSKI
1,0,1,2019,"Opady śniegu, gradu",Zderzenie pojazdów czołowe,"Opady śniegu, gradu",Światło dzienne,Jezdnia,EWK-107613946K,7,2019-01-09,Lekko,20*01'310,52*38'233,567,Obszar niezabudowany,"Zakręt, łuk",Droga wojewódzka,Jednojezdniowa dwukierunkowa,T,POWIAT PŁOCKI,STAROŹREBY - OBSZAR WIEJSKI
1,0,0,2019,"Opady śniegu, gradu",Zderzenie pojazdów czołowe,"Opady śniegu, gradu",Światło dzienne,Jezdnia,EWK-107613946K,7,2019-01-09,Nieokreślone (puste pole),20*01'310,52*38'233,567,Obszar niezabudowany,"Zakręt, łuk",Droga wojewódzka,Jednojezdniowa dwukierunkowa,T,POWIAT PŁOCKI,STAROŹREBY - OBSZAR WIEJSKI
1,0,1,2019,"Opady śniegu, gradu",Zderzenie pojazdów czołowe,"Opady śniegu, gradu",Światło dzienne,Jezdnia,EWK-107652309X,8,2019-01-19,Ciężko,21*12'557,51*23'589,GMINNA,Obszar zabudowany,Odcinek prosty,Droga gminna,Jednojezdniowa dwukierunkowa,N,POWIAT RADOMSKI,JEDLNIA-LETNISKO - OBSZAR WIEJSKI
1,0,0,2019,"Opady śniegu, gradu",Zderzenie pojazdów czołowe,"Opady śniegu, gradu",Światło dzienne,Jezdnia,EWK-107652309X,8,2019-01-19,Nieokreślone (puste pole),21*12'557,51*23'589,GMINNA,Obszar zabudowany,Odcinek prosty,Droga gminna,Jednojezdniowa dwukierunkowa,N,POWIAT RADOMSKI,JEDLNIA-LETNISKO - OBSZAR WIEJSKI
1,0,1,2019,"Opady śniegu, gradu",Zderzenie pojazdów czołowe,"Opady śniegu, gradu",Światło dzienne,Jezdnia,EWK-107657456X,14,2019-01-08,Lekko,21*12'349,51*23'590,P3528W,Obszar zabudowany,,Droga powiatowa,Jednojezdniowa dwukierunkowa,N,POWIAT RADOM,RADOM - OBSZAR MIEJSKI
1,0,0,2019,"Opady śniegu, gradu",Zderzenie pojazdów czołowe,"Opady śniegu, gradu",Światło dzienne,Jezdnia,EWK-107657456X,14,2019-01-08,Nieokreślone (puste pole),21*12'349,51*23'590,P3528W,Obszar zabudowany,,Droga powiatowa,Jednojezdniowa dwukierunkowa,N,POWIAT RADOM,RADOM - OBSZAR MIEJSKI
1,0,4,2019,"Opady śniegu, gradu",Zderzenie pojazdów czołowe,"Opady śniegu, gradu",Światło dzienne,Jezdnia,EWK-107665653Q,15,2019-01-25,Ciężko,21*32'019,52*37'039,4403W,Obszar zabudowany,Odcinek prosty,Droga powiatowa,Jednojezdniowa dwukierunkowa,T,POWIAT WYSZKOWSKI,BRAŃSZCZYK - OBSZAR WIEJSKI
1,0,3,2019,"Opady śniegu, gradu",Zderzenie pojazdów czołowe,"Opady śniegu, gradu",Światło dzienne,Jezdnia,EWK-107665653Q,15,2019-01-25,Lekko,21*32'019,52*37'039,4403W,Obszar zabudowany,Odcinek prosty,Droga powiatowa,Jednojezdniowa dwukierunkowa,T,POWIAT WYSZKOWSKI,BRAŃSZCZYK - OBSZAR WIEJSKI
1,0,2,2019,"Opady śniegu, gradu",Zderzenie pojazdów czołowe,"Opady śniegu, gradu",Światło dzienne,Jezdnia,EWK-107677822H,7,2019-02-04,Ciężko,21*44'422,52*57'375,627,Obszar niezabudowany,"Zakręt, łuk",Droga wojewódzka,Jednojezdniowa dwukierunkowa,N,POWIAT OSTROŁĘCKI,CZERWIN - OBSZAR WIEJSKI
1,0,1,2019,"Opady śniegu, gradu",Zderzenie pojazdów czołowe,"Opady śniegu, gradu",Światło dzienne,Jezdnia,EWK-107677822H,7,2019-02-04,Lekko,21*44'422,52*57'375,627,Obszar niezabudowany,"Zakręt, łuk",Droga wojewódzka,Jednojezdniowa dwukierunkowa,N,POWIAT OSTROŁĘCKI,CZERWIN - OBSZAR WIEJSKI
1,0,1,2019,"Opady śniegu, gradu",Zderzenie pojazdów czołowe,"Opady śniegu, gradu",Światło dzienne,Jezdnia,EWK-107714649E,15,2019-02-21,Lekko,21*34'573,51*56'279,17,Obszar niezabudowany,Odcinek prosty,Droga krajowa,Jednojezdniowa dwukierunkowa,N,POWIAT GARWOLIŃSKI,GARWOLIN - OBSZAR WIEJSKI
1,0,0,2019,"Opady śniegu, gradu",Zderzenie pojazdów czołowe,"Opady śniegu, gradu",Światło dzienne,Jezdnia,EWK-107714649E,15,2019-02-21,Nieokreślone (puste pole),21*34'573,51*56'279,17,Obszar niezabudowany,Odcinek prosty,Droga krajowa,Jednojezdniowa dwukierunkowa,N,POWIAT GARWOLIŃSKI,GARWOLIN - OBSZAR WIEJSKI
1,2,0,2019,"Opady śniegu, gradu",Zderzenie pojazdów czołowe,"Opady śniegu, gradu",Światło dzienne,Jezdnia,EWK-107786838C,15,2019-03-26,Nieokreślone (puste pole),21*48'391,52*52'019,627,Obszar niezabudowany,"Zakręt, łuk",Droga wojewódzka,Jednojezdniowa dwukierunkowa,N,POWIAT OSTROWSKI,OSTRÓW MAZOWIECKA - OBSZAR WIEJSKI
1,0,1,2019,"Opady śniegu, gradu",Zderzenie pojazdów tylne,"Opady śniegu, gradu","Świt, zmrok",Jezdnia,EWK-107670480U,16,2019-01-26,Lekko,19*38'276,52*34'244,559,Obszar zabudowany,Odcinek prosty,Droga wojewódzka,Jednojezdniowa dwukierunkowa,N,POWIAT PŁOCKI,STARA BIAŁA - OBSZAR WIEJSKI
1,0,0,2019,"Opady śniegu, gradu",Zderzenie pojazdów tylne,"Opady śniegu, gradu","Świt, zmrok",Jezdnia,EWK-107670480U,16,2019-01-26,Nieokreślone (puste pole),19*38'276,52*34'244,559,Obszar zabudowany,Odcinek prosty,Droga wojewódzka,Jednojezdniowa dwukierunkowa,N,POWIAT PŁOCKI,STARA BIAŁA - OBSZAR WIEJSKI
1,0,1,2019,Oślepiające słońce,Inne,Oślepiające słońce,Światło dzienne,Jezdnia,EWK-107907273C,17,2019-05-03,Ciężko,21*00'278,51*24'495,P3503W,Obszar zabudowany,Odcinek prosty,Droga powiatowa,Jednojezdniowa dwukierunkowa,N,POWIAT RADOMSKI,ZAKRZEW - OBSZAR WIEJSKI
1,0,4,2019,Oślepiające słońce,Inne,Oślepiające słońce,Światło dzienne,Jezdnia,EWK-107907273C,17,2019-05-03,Lekko,21*00'278,51*24'495,P3503W,Obszar zabudowany,Odcinek prosty,Droga powiatowa,Jednojezdniowa dwukierunkowa,N,POWIAT RADOMSKI,ZAKRZEW - OBSZAR WIEJSKI
1,0,1,2019,Oślepiające słońce,Inne,Oślepiające słońce,Światło dzienne,Jezdnia,EWK-107972618T,18,2019-06-07,Ciężko,20*47'309,51*56'305,GMINNA,Obszar niezabudowany,,Droga gminna,Jednojezdniowa dwukierunkowa,N,POWIAT GRÓJECKI,PNIEWY - OBSZAR WIEJSKI
1,0,0,2019,Oślepiające słońce,Inne,Oślepiające słońce,Światło dzienne,Jezdnia,EWK-107972618T,18,2019-06-07,Nieokreślone (puste pole),20*47'309,51*56'305,GMINNA,Obszar niezabudowany,,Droga gminna,Jednojezdniowa dwukierunkowa,N,POWIAT GRÓJECKI,PNIEWY - OBSZAR WIEJSKI
1,0,1,2019,Oślepiające słońce,Inne,Oślepiające słońce,Światło dzienne,Pobocze,EWK-108015086W,9,2019-06-30,Lekko,21*07'079,51*43'453,P1685W,Obszar zabudowany,"Zakręt, łuk",Droga powiatowa,Jednojezdniowa dwukierunkowa,T,POWIAT BIAŁOBRZESKI,STROMIEC - OBSZAR WIEJSKI