Liczba wypadków,Liczba zabitych,Liczba rannych,Rok,Warunki atmosferyczne,Rodzaj zdarzenia,Warunki atmosferyczne,Oświetlenie,Charakterystyka miejsca zdarzenia,IDKSIP zdarzenia,Godzina,Dzień,Ranny,GPS x,GPS y,Numer drogi,Obszar,Geometria drogi,Kategoria drogi 1,Rodzaj drogi,Czy w zdarzeniu był sprawca nietrzeźwy,Powiat,Gmina
1,0,1,2019,Oślepiające słońce,Najechanie na barierę ochronną,Oślepiające słońce,Światło dzienne,Jezdnia,EWK-107861911Y,7,2019-04-02,Lekko,20*54'019,51*15'028,S7N,Obszar niezabudowany,Odcinek prosty,Droga krajowa,Ekspresowa,N,POWIAT SZYDŁOWIECKI,SZYDŁOWIEC - OBSZAR WIEJSKI
1,0,0,2019,Oślepiające słońce,Najechanie na barierę ochronną,Oślepiające słońce,Światło dzienne,Jezdnia,EWK-107861911Y,7,2019-04-02,Nieokreślone (puste pole),20*54'019,51*15'028,S7N,Obszar niezabudowany,Odcinek prosty,Droga krajowa,Ekspresowa,N,POWIAT SZYDŁOWIECKI,SZYDŁOWIEC - OBSZAR WIEJSKI
1,0,1,2019,Oślepiające słońce,Najechanie na barierę ochronną,Oślepiające słońce,Światło dzienne,Jezdnia,EWK-108057717M,5,2019-07-25,Lekko,21*10'467,51*25'160,9,Obszar zabudowany,,Droga krajowa,Dwie jezdnie jednokierunkowe,T,POWIAT RADOM,RADOM - OBSZAR MIEJSKI
1,0,0,2019,Oślepiające słońce,Najechanie na barierę ochronną,Oślepiające słońce,Światło dzienne,Jezdnia,EWK-108057717M,5,2019-07-25,Nieokreślone (puste pole),21*10'467,51*25'160,9,Obszar zabudowany,,Droga krajowa,Dwie jezdnie jednokierunkowe,T,POWIAT RADOM,RADOM - OBSZAR MIEJSKI
1,0,1,2019,Oślepiające słońce,Najechanie na drzewo,Oślepiające słońce,Światło dzienne,Jezdnia,EWK-107788524R,11,2019-03-27,Lekko,20*53'117,51*37'461,48,Obszar niezabudowany,Odcinek prosty,Droga krajowa,Jednojezdniowa dwukierunkowa,N,POWIAT BIAŁOBRZESKI,WYŚMIERZYCE - OBSZAR WIEJSKI
1,0,1,2019,Oślepiające słońce,Najechanie na pieszego,Oślepiające słońce,Światło dzienne,Jezdnia,EWK-107806287P,12,2019-04-01,Ciężko,21*07'499,51*23'158,744,Obszar zabudowany,Odcinek prosty,Droga wojewódzka,Jednojezdniowa dwukierunkowa,N,POWIAT RADOM,RADOM - OBSZAR MIEJSKI
1,0,0,2019,Oślepiające słońce,Najechanie na pieszego,Oślepiające słońce,Światło dzienne,Jezdnia,EWK-107806287P,12,2019-04-01,Nieokreślone (puste pole),21*07'499,51*23'158,744,Obszar zabudowany,Odcinek prosty,Droga wojewódzka,Jednojezdniowa dwukierunkowa,N,POWIAT RADOM,RADOM - OBSZAR MIEJSKI
1,0,1,2019,Oślepiające słońce,Najechanie na pieszego,Oślepiające słońce,Światło dzienne,Przejście dla pieszych,EWK-107808155Y,18,2019-04-01,Lekko,22*16'273,52*10'015,GMINNA,Obszar zabudowany,Odcinek prosty,Droga gminna,Jednojezdniowa dwukierunkowa,N,POWIAT SIEDLCE,SIEDLCE - OBSZAR MIEJSKI
1,0,0,2019,Oślepiające słońce,Najechanie na pieszego,Oślepiające słońce,Światło dzienne,Przejście dla pieszych,EWK-107808155Y,18,2019-04-01,Nieokreślone (puste pole),22*16'273,52*10'015,GMINNA,Obszar zabudowany,Odcinek prosty,Droga gminna,Jednojezdniowa dwukierunkowa,N,POWIAT SIEDLCE,SIEDLCE - OBSZAR MIEJSKI
1,0,1,2019,Oślepiające słońce,Najechanie na pieszego,Oślepiające słońce,Światło dzienne,Przejście dla pieszych,EWK-108070572J,18,2019-07-31,Lekko,20*36'220,52*52'594,615,Obszar zabudowany,Odcinek prosty,Droga wojewódzka,Jednojezdniowa dwukierunkowa,N,POWIAT CIECHANOWSKI,CIECHANÓW - OBSZAR MIEJSKI
1,0,0,2019,Oślepiające słońce,Najechanie na pieszego,Oślepiające słońce,Światło dzienne,Przejście dla pieszych,EWK-108070572J,18,2019-07-31,Nieokreślone (puste pole),20*36'220,52*52'594,615,Obszar zabudowany,Odcinek prosty,Droga wojewódzka,Jednojezdniowa dwukierunkowa,N,POWIAT CIECHANOWSKI,CIECHANÓW - OBSZAR MIEJSKI
1,0,1,2019,Oślepiające słońce,Najechanie na pieszego,Oślepiające słońce,Światło dzienne,Przejście dla pieszych,EWK-108105460F,11,2019-08-17,Ciężko,21*07'497,51*23'033,744,Obszar zabudowany,Odcinek prosty,Droga wojewódzka,Jednojezdniowa dwukierunkowa,N,POWIAT RADOM,RADOM - OBSZAR MIEJSKI
1,0,0,2019,Oślepiające słońce,Najechanie na pieszego,Oślepiające słońce,Światło dzienne,Przejście dla pieszych,EWK-108105460F,11,2019-08-17,Nieokreślone (puste pole),21*07'497,51*23'033,744,Obszar zabudowany,Odcinek prosty,Droga wojewódzka,Jednojezdniowa dwukierunkowa,N,POWIAT RADOM,RADOM - OBSZAR MIEJSKI
1,0,1,2019,Oślepiające słońce,Najechanie na pieszego,Oślepiające słońce,Światło dzienne,Przejście dla pieszych,EWK-108234649Y,17,2019-10-15,Lekko,20*22'068,52*37'559,P3081W,Obszar zabudowany,Odcinek prosty,Droga powiatowa,Jednojezdniowa dwukierunkowa,N,POWIAT PŁOŃSKI,PŁOŃSK - OBSZAR MIEJSKI
1,0,0,2019,Oślepiające słońce,Najechanie na pieszego,Oślepiające słońce,Światło dzienne,Przejście dla pieszych,EWK-108234649Y,17,2019-10-15,Nieokreślone (puste pole),20*22'068,52*37'559,P3081W,Obszar zabudowany,Odcinek prosty,Droga powiatowa,Jednojezdniowa dwukierunkowa,N,POWIAT PŁOŃSKI,PŁOŃSK - OBSZAR MIEJSKI
1,0,1,2019,Oślepiające słońce,Wywrócenie się pojazdu,Oślepiające słońce,Światło dzienne,Jezdnia,EWK-108141295X,15,2019-09-06,Ciężko,20*53'536,51*24'149,P3502W,Obszar niezabudowany,Odcinek prosty,Droga powiatowa,Jednojezdniowa dwukierunkowa,T,POWIAT RADOMSKI,PRZYTYK - OBSZAR WIEJSKI
1,0,1,2019,Oślepiające słońce,Zderzenie pojazdów boczne,Oślepiające słońce,Światło dzienne,Jezdnia,EWK-107739497E,8,2019-03-05,Ciężko,20*56'290,52*54'392,P3238W  ,Obszar niezabudowany,,Droga powiatowa,Jednojezdniowa dwukierunkowa,N,POWIAT PRZASNYSKI,KRASNE - OBSZAR WIEJSKI
1,0,0,2019,Oślepiające słońce,Zderzenie pojazdów boczne,Oślepiające słońce,Światło dzienne,Jezdnia,EWK-107739497E,8,2019-03-05,Nieokreślone (puste pole),20*56'290,52*54'392,P3238W  ,Obszar niezabudowany,,Droga powiatowa,Jednojezdniowa dwukierunkowa,N,POWIAT PRZASNYSKI,KRASNE - OBSZAR WIEJSKI
1,0,1,2019,Oślepiające słońce,Zderzenie pojazdów boczne,Oślepiające słońce,Światło dzienne,Jezdnia,EWK-107744611H,7,2019-03-08,Ciężko,22*08'199,52*15'107,696,Obszar niezabudowany,Odcinek prosty,Droga wojewódzka,Jednojezdniowa dwukierunkowa,N,POWIAT SIEDLECKI,MOKOBODY - OBSZAR WIEJSKI
1,0,0,2019,Oślepiające słońce,Zderzenie pojazdów boczne,Oślepiające słońce,Światło dzienne,Jezdnia,EWK-107744611H,7,2019-03-08,Nieokreślone (puste pole),22*08'199,52*15'107,696,Obszar niezabudowany,Odcinek prosty,Droga wojewódzka,Jednojezdniowa dwukierunkowa,N,POWIAT SIEDLECKI,MOKOBODY - OBSZAR WIEJSKI
1,0,1,2019,Oślepiające słońce,Zderzenie pojazdów boczne,Oślepiające słońce,Światło dzienne,Jezdnia,EWK-107812350D,16,2019-04-02,Ciężko,21*10'036,51*07'103,P3553W,Obszar zabudowany,,Droga powiatowa,Jednojezdniowa dwukierunkowa,N,POWIAT RADOMSKI,IŁŻA - OBSZAR WIEJSKI
1,0,1,2019,Oślepiające słońce,Zderzenie pojazdów boczne,Oślepiające słońce,Światło dzienne,Jezdnia,EWK-107812350D,16,2019-04-02,Lekko,21*10'036,51*07'103,P3553W,Obszar zabudowany,,Droga powiatowa,Jednojezdniowa dwukierunkowa,N,POWIAT RADOMSKI,IŁŻA - OBSZAR WIEJSKI
1,0,1,2019,Oślepiające słońce,Zderzenie pojazdów boczne,Oślepiające słońce,Światło dzienne,Jezdnia,EWK-107879361E,10,2019-04-16,Lekko,20*51'038,51*13'170,G400546W,Obszar zabudowany,,Droga gminna,Jednojezdniowa dwukierunkowa,N,POWIAT SZYDŁOWIECKI,SZYDŁOWIEC - OBSZAR MIEJSKI
1,0,0,2019,Oślepiające słońce,Zderzenie pojazdów boczne,Oślepiające słońce,Światło dzienne,Jezdnia,EWK-107879361E,10,2019-04-16,Nieokreślone (puste pole),20*51'038,51*13'170,G400546W,Obszar zabudowany,,Droga gminna,Jednojezdniowa dwukierunkowa,N,POWIAT SZYDŁOWIECKI,SZYDŁOWIEC - OBSZAR MIEJSKI
1,0,2,2019,Oślepiające słońce,Zderzenie pojazdów boczne,Oślepiające słońce,Światło dzienne,Jezdnia,EWK-107880632P,17,2019-04-17,Lekko,21*22'310,52*42'379,4407W,Obszar zabudowany,Odcinek prosty,Droga powiatowa,Jednojezdniowa dwukierunkowa,N,POWIAT WYSZKOWSKI,RZĄŚNIK - OBSZAR WIEJSKI
1,0,0,2019,Oślepiające słońce,Zderzenie pojazdów boczne,Oślepiające słońce,Światło dzienne,Jezdnia,EWK-107880632P,17,2019-04-17,Nieokreślone (puste pole),21*22'310,52*42'379,4407W,Obszar zabudowany,Odcinek prosty,Droga powiatowa,Jednojezdniowa dwukierunkowa,N,POWIAT WYSZKOWSKI,RZĄŚNIK - OBSZAR WIEJSKI
1,0,3,2019,Oślepiające słońce,Zderzenie pojazdów boczne,Oślepiające słońce,Światło dzienne,Jezdnia,EWK-107883205Y,11,2019-04-19,Lekko,20*55'341,51*42'272,P0244T,Obszar niezabudowany,,Droga powiatowa,Jednojezdniowa dwukierunkowa,N,POWIAT BIAŁOBRZESKI,PROMNA - OBSZAR WIEJSKI
1,0,0,2019,Oślepiające słońce,Zderzenie pojazdów boczne,Oślepiające słońce,Światło dzienne,Jezdnia,EWK-107883205Y,11,2019-04-19,Nieokreślone (puste pole),20*55'341,51*42'272,P0244T,Obszar niezabudowany,,Droga powiatowa,Jednojezdniowa dwukierunkowa,N,POWIAT BIAŁOBRZESKI,PROMNA - OBSZAR WIEJSKI
1,0,1,2019,Oślepiające słońce,Zderzenie pojazdów boczne,Oślepiające słońce,Światło dzienne,Jezdnia,EWK-107883893J,11,2019-04-19,Lekko,21*42'112,51*25'422,P4505W,Obszar zabudowany,,Droga powiatowa,Jednojezdniowa dwukierunkowa,N,POWIAT ZWOLEŃSKI,POLICZNA - OBSZAR WIEJSKI
1,0,0,2019,Oślepiające słońce,Zderzenie pojazdów boczne,Oślepiające słońce,Światło dzienne,Jezdnia,EWK-107883893J,11,2019-04-19,Nieokreślone (puste pole),21*42'112,51*25'422,P4505W,Obszar zabudowany,,Droga powiatowa,Jednojezdniowa dwukierunkowa,N,POWIAT ZWOLEŃSKI,POLICZNA - OBSZAR WIEJSKI
1,0,1,2019,Oślepiające słońce,Zderzenie pojazdów boczne,Oślepiające słońce,Światło dzienne,Jezdnia,EWK-107964000G,17,2019-06-03,Ciężko,20*51'201,51*53'196,P0244T,Obszar niezabudowany,,Droga powiatowa,Ekspresowa,T,POWIAT GRÓJECKI,GRÓJEC - OBSZAR WIEJSKI
1,0,0,2019,Oślepiające słońce,Zderzenie pojazdów boczne,Oślepiające słońce,Światło dzienne,Jezdnia,EWK-107964000G,17,2019-06-03,Nieokreślone (puste pole),20*51'201,51*53'196,P0244T,Obszar niezabudowany,,Droga powiatowa,Ekspresowa,T,POWIAT GRÓJECKI,GRÓJEC - OBSZAR WIEJSKI
1,0,1,2019,Oślepiające słońce,Zderzenie pojazdów boczne,Oślepiające słońce,Światło dzienne,Jezdnia,EWK-107965132F,18,2019-06-03,Lekko,19*42'160,52*32'268,P5219W,Obszar zabudowany,,Droga powiatowa,Jednojezdniowa dwukierunkowa,N,POWIAT PŁOCK,PŁOCK - OBSZAR MIEJSKI
1,0,0,2019,Oślepiające słońce,Zderzenie pojazdów boczne,Oślepiające słońce,Światło dzienne,Jezdnia,EWK-107965132F,18,2019-06-03,Nieokreślone (puste pole),19*42'160,52*32'268,P5219W,Obszar zabudowany,,Droga powiatowa,Jednojezdniowa dwukierunkowa,N,POWIAT PŁOCK,PŁOCK - OBSZAR MIEJSKI
1,0,1,2019,Oślepiające słońce,Zderzenie pojazdów boczne,Oślepiające słońce,Światło dzienne,Jezdnia,EWK-107984888N,12,2019-06-12,Lekko,20*37'367,51*21'135,G330636W,Obszar zabudowany,,Droga gminna,Jednojezdniowa dwukierunkowa,N,POWIAT PRZYSUSKI,PRZYSUCHA - OBSZAR MIEJSKI
1,0,0,2019,Oślepiające słońce,Zderzenie pojazdów boczne,Oślepiające słońce,Światło dzienne,Jezdnia,EWK-107984888N,12,2019-06-12,Nieokreślone (puste pole),20*37'367,51*21'135,G330636W,Obszar zabudowany,,Droga gminna,Jednojezdniowa dwukierunkowa,N,POWIAT PRZYSUSKI,PRZYSUCHA - OBSZAR MIEJSKI
1,0,1,2019,Oślepiające słońce,Zderzenie pojazdów boczne,Oślepiające słońce,Światło dzienne,Jezdnia,EWK-108046055D,19,2019-07-15,Ciężko,20*02'352,53*04'583,563,Obszar zabudowany,,Droga wojewódzka,Jednojezdniowa dwukierunkowa,N,POWIAT ŻUROMIŃSKI,KUCZBORK-OSADA - OBSZAR WIEJSKI
1,0,0,2019,Oślepiające słońce,Zderzenie pojazdów boczne,Oślepiające słońce,Światło dzienne,Jezdnia,EWK-108046055D,19,2019-07-15,Nieokreślone (puste pole),20*02'352,53*04'583,563,Obszar zabudowany,,Droga wojewódzka,Jednojezdniowa dwukierunkowa,N,POWIAT ŻUROMIŃSKI,KUCZBORK-OSADA - OBSZAR WIEJSKI
1,0,1,2019,Oślepiające słońce,Zderzenie pojazdów boczne,Oślepiające słońce,Światło dzienne,Jezdnia,EWK-108059967W,9,2019-07-25,Lekko,21*02'379,53*01'012,544,Obszar niezabudowany,,Droga wojewódzka,Jednojezdniowa dwukierunkowa,N,POWIAT MAKOWSKI,PŁONIAWY-BRAMURA - OBSZAR WIEJSKI
1,1,0,2019,Oślepiające słońce,Zderzenie pojazdów boczne,Oślepiające słońce,Światło dzienne,Jezdnia,EWK-108059967W,9,2019-07-25,Nieokreślone (puste pole),21*02'379,53*01'012,544,Obszar niezabudowany,,Droga wojewódzka,Jednojezdniowa dwukierunkowa,N,POWIAT MAKOWSKI,PŁONIAWY-BRAMURA - OBSZAR WIEJSKI
1,0,1,2019,Oślepiające słońce,Zderzenie pojazdów boczne,Oślepiające słońce,Światło dzienne,Jezdnia,EWK-108121600C,8,2019-08-27,Ciężko,21*07'205,51*29'125,7,Obszar zabudowany,,Droga krajowa,Dwie jezdnie jednokierunkowe,N,POWIAT RADOMSKI,JEDLIŃSK - OBSZAR WIEJSKI
1,0,0,2019,Oślepiające słońce,Zderzenie pojazdów boczne,Oślepiające słońce,Światło dzienne,Jezdnia,EWK-108121600C,8,2019-08-27,Nieokreślone (puste pole),21*07'205,51*29'125,7,Obszar zabudowany,,Droga krajowa,Dwie jezdnie jednokierunkowe,N,POWIAT RADOMSKI,JEDLIŃSK - OBSZAR WIEJSKI
1,0,1,2019,Oślepiające słońce,Zderzenie pojazdów boczne,Oślepiające słońce,Światło dzienne,Jezdnia,EWK-108138221Y,7,2019-09-05,Lekko,21*03'527,51*20'525,P3564W,Obszar zabudowany,,Droga powiatowa,Jednojezdniowa dwukierunkowa,N,POWIAT RADOMSKI,KOWALA - OBSZAR WIEJSKI
1,0,0,2019,Oślepiające słońce,Zderzenie pojazdów boczne,Oślepiające słońce,Światło dzienne,Jezdnia,EWK-108138221Y,7,2019-09-05,Nieokreślone (puste pole),21*03'527,51*20'525,P3564W,Obszar zabudowany,,Droga powiatowa,Jednojezdniowa dwukierunkowa,N,POWIAT RADOMSKI,KOWALA - OBSZAR WIEJSKI
1,0,1,2019,Oślepiające słońce,Zderzenie pojazdów boczne,Oślepiające słońce,Światło dzienne,Jezdnia,EWK-108139962N,12,2019-09-04,Lekko,20*59'155,51*15'335,G400201W,Obszar zabudowany,,Droga gminna,Jednojezdniowa dwukierunkowa,N,POWIAT SZYDŁOWIECKI,JASTRZĄB - OBSZAR WIEJSKI
1,0,0,2019,Oślepiające słońce,Zderzenie pojazdów boczne,Oślepiające słońce,Światło dzienne,Jezdnia,EWK-108139962N,12,2019-09-04,Nieokreślone (puste pole),20*59'155,51*15'335,G400201W,Obszar zabudowany,,Droga gminna,Jednojezdniowa dwukierunkowa,N,POWIAT SZYDŁOWIECKI,JASTRZĄB - OBSZAR WIEJSKI
1,0,1,2019,Oślepiające słońce,Zderzenie pojazdów boczne,Oślepiające słońce,Światło dzienne,Jezdnia,EWK-108226505H,12,2019-10-11,Lekko,19*59'137,52*44'022,P2911W,Obszar zabudowany,,Droga powiatowa,Jednojezdniowa dwukierunkowa,N,POWIAT PŁOCKI,DROBIN - OBSZAR MIEJSKI
1,0,0,2019,Oślepiające słońce,Zderzenie pojazdów boczne,Oślepiające słońce,Światło dzienne,Jezdnia,EWK-108226505H,12,2019-10-11,Nieokreślone (puste pole),19*59'137,52*44'022,P2911W,Obszar zabudowany,,Droga powiatowa,Jednojezdniowa dwukierunkowa,N,POWIAT PŁOCKI,DROBIN - OBSZAR MIEJSKI
1,0,2,2019,Oślepiające słońce,Zderzenie pojazdów boczne,Oślepiające słońce,Światło dzienne,Jezdnia,EWK-108245800M,7,2019-10-21,Lekko,22*15'424,52*11'513,63,Obszar zabudowany,,Droga krajowa,Jednojezdniowa dwukierunkowa,N,POWIAT SIEDLECKI,SIEDLCE - OBSZAR WIEJSKI
1,0,2,2019,Oślepiające słońce,Zderzenie pojazdów boczne,Oślepiające słońce,Światło dzienne,Jezdnia,EWK-108279414Y,13,2019-10-31,Lekko,21*18'308,51*09'376,747,Obszar zabudowany,,Droga wojewódzka,Jednojezdniowa dwukierunkowa,N,POWIAT RADOMSKI,IŁŻA - OBSZAR WIEJSKI
1,0,0,2019,Oślepiające słońce,Zderzenie pojazdów boczne,Oślepiające słońce,Światło dzienne,Jezdnia,EWK-108279414Y,13,2019-10-31,Nieokreślone (puste pole),21*18'308,51*09'376,747,Obszar zabudowany,,Droga wojewódzka,Jednojezdniowa dwukierunkowa,N,POWIAT RADOMSKI,IŁŻA - OBSZAR WIEJSKI
1,0,2,2019,Oślepiające słońce,Zderzenie pojazdów boczne,Oślepiające słońce,Światło dzienne,Jezdnia,EWK-108418972X,7,2019-12-06,Lekko,19*40'394,52*22'252,574,Obszar zabudowany,"Zakręt, łuk",Droga wojewódzka,Jednojezdniowa dwukierunkowa,N,POWIAT GOSTYNIŃSKI,SZCZAWIN KOŚCIELNY - OBSZAR WIEJSKI
1,0,1,2019,Oślepiające słońce,Zderzenie pojazdów boczne,Oślepiające słońce,Światło dzienne,Jezdnia,EWK-108504083C,9,2019-12-20,Ciężko,20*03'060,52*20'147,3838W,Obszar niezabudowany,,Droga powiatowa,Jednojezdniowa dwukierunkowa,N,POWIAT SOCHACZEWSKI,IŁÓW - OBSZAR WIEJSKI
1,0,0,2019,Oślepiające słońce,Zderzenie pojazdów boczne,Oślepiające słońce,Światło dzienne,Jezdnia,EWK-108504083C,9,2019-12-20,Nieokreślone (puste pole),20*03'060,52*20'147,3838W,Obszar niezabudowany,,Droga powiatowa,Jednojezdniowa dwukierunkowa,N,POWIAT SOCHACZEWSKI,IŁÓW - OBSZAR WIEJSKI
1,0,1,2019,Oślepiające słońce,Zderzenie pojazdów boczne,Oślepiające słońce,Światło dzienne,Jezdnia,EWK-108504238Y,12,2019-12-20,Lekko,20*16'455,52*17'563,705,Obszar niezabudowany,,Droga wojewódzka,Jednojezdniowa dwukierunkowa,N,POWIAT SOCHACZEWSKI,BROCHÓW - OBSZAR WIEJSKI
1,0,0,2019,Oślepiające słońce,Zderzenie pojazdów boczne,Oślepiające słońce,Światło dzienne,Jezdnia,EWK-108504238Y,12,2019-12-20,Nieokreślone (puste pole),20*16'455,52*17'563,705,Obszar niezabudowany,,Droga wojewódzka,Jednojezdniowa dwukierunkowa,N,POWIAT SOCHACZEWSKI,BROCHÓW - OBSZAR WIEJSKI
1,0,1,2019,Oślepiające słońce,Zderzenie pojazdów boczne,Oślepiające słońce,Światło dzienne,Przejazd dla rowerzystów,EWK-107984516K,8,2019-06-13,Lekko,21*37'301,51*53'069,GMINNA,Obszar zabudowany,Odcinek prosty,Droga gminna,Jednojezdniowa dwukierunkowa,N,POWIAT GARWOLIŃSKI,GARWOLIN - OBSZAR MIEJSKI
1,0,0,2019,Oślepiające słońce,Zderzenie pojazdów boczne,Oślepiające słońce,Światło dzienne,Przejazd dla rowerzystów,EWK-107984516K,8,2019-06-13,Nieokreślone (puste pole),21*37'301,51*53'069,GMINNA,Obszar zabudowany,Odcinek prosty,Droga gminna,Jednojezdniowa dwukierunkowa,N,POWIAT GARWOLIŃSKI,GARWOLIN - OBSZAR MIEJSKI
1,0,1,2019,Oślepiające słońce,Zderzenie pojazdów boczne,Oślepiające słońce,Światło dzienne,Przejazd dla rowerzystów,EWK-108497731Y,9,2019-12-18,Lekko,19*42'264,52*33'134,5213W,Obszar zabudowany,,Droga powiatowa,Jednojezdniowa dwukierunkowa,N,POWIAT PŁOCK,PŁOCK - OBSZAR MIEJSKI
1,0,0,2019,Oślepiające słońce,Zderzenie pojazdów boczne,Oślepiające słońce,Światło dzienne,Przejazd dla rowerzystów,EWK-108497731Y,9,2019-12-18,Nieokreślone (puste pole),19*42'264,52*33'134,5213W,Obszar zabudowany,,Droga powiatowa,Jednojezdniowa dwukierunkowa,N,POWIAT PŁOCK,PŁOCK - OBSZAR MIEJSKI
1,0,1,2019,Oślepiające słońce,Zderzenie pojazdów boczne,Oślepiające słońce,Światło dzienne,Przejście dla pieszych,EWK-107882172K,13,2019-04-18,Lekko,20*57'228,51*38'482,731,Obszar zabudowany,,Droga wojewódzka,Jednojezdniowa dwukierunkowa,T,POWIAT BIAŁOBRZESKI,BIAŁOBRZEGI - OBSZAR MIEJSKI
1,0,0,2019,Oślepiające słońce,Zderzenie pojazdów boczne,Oślepiające słońce,Światło dzienne,Przejście dla pieszych,EWK-107882172K,13,2019-04-18,Nieokreślone (puste pole),20*57'228,51*38'482,731,Obszar zabudowany,,Droga wojewódzka,Jednojezdniowa dwukierunkowa,T,POWIAT BIAŁOBRZESKI,BIAŁOBRZEGI - OBSZAR MIEJSKI
1,0,1,2019,Oślepiające słońce,Zderzenie pojazdów boczne,Oślepiające słońce,Światło dzienne,"Wjazd, wyjazd z posesji, pola",EWK-107826579Q,13,2019-04-05,Lekko,21*02'514,51*19'536,P3559W,Obszar zabudowany,Odcinek prosty,Droga powiatowa,Jednojezdniowa dwukierunkowa,N,POWIAT RADOMSKI,KOWALA - OBSZAR WIEJSKI
1,0,0,2019,Oślepiające słońce,Zderzenie pojazdów boczne,Oślepiające słońce,Światło dzienne,"Wjazd, wyjazd z posesji, pola",EWK-107826579Q,13,2019-04-05,Nieokreślone (puste pole),21*02'514,51*19'536,P3559W,Obszar zabudowany,Odcinek prosty,Droga powiatowa,Jednojezdniowa dwukierunkowa,N,POWIAT RADOMSKI,KOWALA - OBSZAR WIEJSKI
1,1,0,2019,Oślepiające słońce,Zderzenie pojazdów czołowe,Oślepiające słońce,Światło dzienne,Jezdnia,EWK-107719515U,11,2019-02-22,Nieokreślone (puste pole),20*22'468,53*07'456,GMINNA,Obszar zabudowany,"Zakręt, łuk",Droga gminna,Jednojezdniowa dwukierunkowa,N,POWIAT MŁAWSKI,MŁAWA - OBSZAR MIEJSKI
1,0,1,2019,Oślepiające słońce,Zderzenie pojazdów czołowe,Oślepiające słońce,Światło dzienne,Jezdnia,EWK-107881447J,9,2019-04-18,Lekko,22*15'236,52*24'345,P3962W,Obszar zabudowany,,Droga powiatowa,Jednojezdniowa dwukierunkowa,N,POWIAT SOKOŁOWSKI,SOKOŁÓW PODLASKI - OBSZAR MIEJSKI
1,0,0,2019,Oślepiające słońce,Zderzenie pojazdów czołowe,Oślepiające słońce,Światło dzienne,Jezdnia,EWK-107881447J,9,2019-04-18,Nieokreślone (puste pole),22*15'236,52*24'345,P3962W,Obszar zabudowany,,Droga powiatowa,Jednojezdniowa dwukierunkowa,N,POWIAT SOKOŁOWSKI,SOKOŁÓW PODLASKI - OBSZAR MIEJSKI
1,0,1,2019,Oślepiające słońce,Zderzenie pojazdów czołowe,Oślepiające słońce,Światło dzienne,Jezdnia,EWK-107965668J,5,2019-06-04,Ciężko,20*23'324,52*37'318,W632,Obszar niezabudowany,"Zakręt, łuk",Droga wojewódzka,Jednojezdniowa dwukierunkowa,T,POWIAT PŁOŃSKI,PŁOŃSK - OBSZAR MIEJSKI
1,0,1,2019,Oślepiające słońce,Zderzenie pojazdów czołowe,Oślepiające słońce,Światło dzienne,Jezdnia,EWK-107965668J,5,2019-06-04,Lekko,20*23'324,52*37'318,W632,Obszar niezabudowany,"Zakręt, łuk",Droga wojewódzka,Jednojezdniowa dwukierunkowa,T,POWIAT PŁOŃSKI,PŁOŃSK - OBSZAR MIEJSKI
1,0,0,2019,Oślepiające słońce,Zderzenie pojazdów czołowe,Oślepiające słońce,Światło dzienne,Jezdnia,EWK-107965668J,5,2019-06-04,Nieokreślone (puste pole),20*23'324,52*37'318,W632,Obszar niezabudowany,"Zakręt, łuk",Droga wojewódzka,Jednojezdniowa dwukierunkowa,T,POWIAT PŁOŃSKI,PŁOŃSK - OBSZAR MIEJSKI
1,0,1,2019,Oślepiające słońce,Zderzenie pojazdów czołowe,Oślepiające słońce,Światło dzienne,Jezdnia,EWK-107979352R,18,2019-06-10,Lekko,20*18'433,52*13'199,92,Obszar niezabudowany,,Droga krajowa,Jednojezdniowa dwukierunkowa,N,POWIAT SOCHACZEWSKI,SOCHACZEW - OBSZAR WIEJSKI
1,0,0,2019,Oślepiające słońce,Zderzenie pojazdów czołowe,Oślepiające słońce,Światło dzienne,Jezdnia,EWK-107979352R,18,2019-06-10,Nieokreślone (puste pole),20*18'433,52*13'199,92,Obszar niezabudowany,,Droga krajowa,Jednojezdniowa dwukierunkowa,N,POWIAT SOCHACZEWSKI,SOCHACZEW - OBSZAR WIEJSKI
1,0,1,2019,Oślepiające słońce,Zderzenie pojazdów czołowe,Oślepiające słońce,Światło dzienne,Jezdnia,EWK-108011907H,6,2019-06-28,Ciężko,21*13'513,51*22'490,GMINNA,Obszar zabudowany,Odcinek prosty,Droga gminna,Jednojezdniowa dwukierunkowa,N,POWIAT RADOMSKI,SKARYSZEW - OBSZAR WIEJSKI
1,0,2,2019,Oślepiające słońce,Zderzenie pojazdów czołowe,Oślepiające słońce,Światło dzienne,Jezdnia,EWK-108011907H,6,2019-06-28,Lekko,21*13'513,51*22'490,GMINNA,Obszar zabudowany,Odcinek prosty,Droga gminna,Jednojezdniowa dwukierunkowa,N,POWIAT RADOMSKI,SKARYSZEW - OBSZAR WIEJSKI