Liczba wypadków,Liczba zabitych,Liczba rannych,Rok,Warunki atmosferyczne,Rodzaj zdarzenia,Warunki atmosferyczne,Oświetlenie,Charakterystyka miejsca zdarzenia,IDKSIP zdarzenia,Godzina,Dzień,Ranny,GPS x,GPS y,Numer drogi,Obszar,Geometria drogi,Kategoria drogi 1,Rodzaj drogi,Czy w zdarzeniu był sprawca nietrzeźwy,Powiat,Gmina
1,0,0,2019,Oślepiające słońce,Zderzenie pojazdów czołowe,Oślepiające słońce,Światło dzienne,Jezdnia,EWK-108011907H,6,2019-06-28,Nieokreślone (puste pole),21*13'513,51*22'490,GMINNA,Obszar zabudowany,Odcinek prosty,Droga gminna,Jednojezdniowa dwukierunkowa,N,POWIAT RADOMSKI,SKARYSZEW - OBSZAR WIEJSKI
1,0,1,2019,Oślepiające słońce,Zderzenie pojazdów czołowe,Oślepiające słońce,Światło dzienne,Jezdnia,EWK-108049231C,19,2019-07-18,Lekko,21*07'079,51*19'216,733,Obszar zabudowany,Odcinek prosty,Droga wojewódzka,Jednojezdniowa dwukierunkowa,N,POWIAT RADOMSKI,KOWALA - OBSZAR WIEJSKI
1,0,0,2019,Oślepiające słońce,Zderzenie pojazdów czołowe,Oślepiające słońce,Światło dzienne,Jezdnia,EWK-108049231C,19,2019-07-18,Nieokreślone (puste pole),21*07'079,51*19'216,733,Obszar zabudowany,Odcinek prosty,Droga wojewódzka,Jednojezdniowa dwukierunkowa,N,POWIAT RADOMSKI,KOWALA - OBSZAR WIEJSKI
1,0,1,2019,Oślepiające słońce,Zderzenie pojazdów czołowe,Oślepiające słońce,Światło dzienne,Jezdnia,EWK-108255189F,13,2019-10-24,Lekko,21*32'481,51*34'460,79,Obszar zabudowany,,Droga krajowa,Jednojezdniowa dwukierunkowa,N,POWIAT KOZIENICKI,KOZIENICE - OBSZAR MIEJSKI
1,0,0,2019,Oślepiające słońce,Zderzenie pojazdów czołowe,Oślepiające słońce,Światło dzienne,Jezdnia,EWK-108255189F,13,2019-10-24,Nieokreślone (puste pole),21*32'481,51*34'460,79,Obszar zabudowany,,Droga krajowa,Jednojezdniowa dwukierunkowa,N,POWIAT KOZIENICKI,KOZIENICE - OBSZAR MIEJSKI
1,0,1,2019,Oślepiające słońce,Zderzenie pojazdów czołowe,Oślepiające słońce,Światło dzienne,Pas dzielący jezdnie,EWK-108248253U,14,2019-10-21,Lekko,21*11'571,51*46'200,730,Obszar niezabudowany,Odcinek prosty,Droga wojewódzka,Jednojezdniowa dwukierunkowa,N,POWIAT GRÓJECKI,WARKA - OBSZAR MIEJSKI
1,0,0,2019,Oślepiające słońce,Zderzenie pojazdów czołowe,Oślepiające słońce,Światło dzienne,Pas dzielący jezdnie,EWK-108248253U,14,2019-10-21,Nieokreślone (puste pole),21*11'571,51*46'200,730,Obszar niezabudowany,Odcinek prosty,Droga wojewódzka,Jednojezdniowa dwukierunkowa,N,POWIAT GRÓJECKI,WARKA - OBSZAR MIEJSKI
1,0,1,2019,Oślepiające słońce,Zderzenie pojazdów tylne,Oślepiające słońce,Światło dzienne,Jezdnia,EWK-107810690H,14,2019-04-02,Lekko,20*44'223,51*47'321,P1618W,Obszar niezabudowany,Odcinek prosty,Droga powiatowa,Jednojezdniowa dwukierunkowa,N,POWIAT GRÓJECKI,BŁĘDÓW - OBSZAR WIEJSKI
1,0,0,2019,Oślepiające słońce,Zderzenie pojazdów tylne,Oślepiające słońce,Światło dzienne,Jezdnia,EWK-107810690H,14,2019-04-02,Nieokreślone (puste pole),20*44'223,51*47'321,P1618W,Obszar niezabudowany,Odcinek prosty,Droga powiatowa,Jednojezdniowa dwukierunkowa,N,POWIAT GRÓJECKI,BŁĘDÓW - OBSZAR WIEJSKI
1,0,2,2019,Oślepiające słońce,Zderzenie pojazdów tylne,Oślepiające słońce,Światło dzienne,Jezdnia,EWK-107966301A,15,2019-06-04,Lekko,21*07'218,51*29'120,7,Obszar zabudowany,Odcinek prosty,Droga krajowa,Dwie jezdnie jednokierunkowe,N,POWIAT RADOMSKI,JEDLIŃSK - OBSZAR WIEJSKI
1,0,1,2019,Oślepiające słońce,Zderzenie pojazdów tylne,Oślepiające słońce,Światło dzienne,Jezdnia,EWK-108003813F,12,2019-06-24,Lekko,21*09'138,51*24'574,P5305W,Obszar zabudowany,Odcinek prosty,Droga powiatowa,Jednokierunkowa,N,POWIAT RADOM,RADOM - OBSZAR MIEJSKI
1,0,0,2019,Oślepiające słońce,Zderzenie pojazdów tylne,Oślepiające słońce,Światło dzienne,Jezdnia,EWK-108003813F,12,2019-06-24,Nieokreślone (puste pole),21*09'138,51*24'574,P5305W,Obszar zabudowany,Odcinek prosty,Droga powiatowa,Jednokierunkowa,N,POWIAT RADOM,RADOM - OBSZAR MIEJSKI
1,0,1,2019,Oślepiające słońce,Zderzenie pojazdów tylne,Oślepiające słońce,Światło dzienne,Jezdnia,EWK-108010939L,12,2019-06-27,Lekko,20*51'424,51*21'404,12,Obszar niezabudowany,Odcinek prosty,Droga krajowa,Jednojezdniowa dwukierunkowa,N,POWIAT RADOMSKI,WOLANÓW - OBSZAR WIEJSKI
1,0,0,2019,Oślepiające słońce,Zderzenie pojazdów tylne,Oślepiające słońce,Światło dzienne,Jezdnia,EWK-108010939L,12,2019-06-27,Nieokreślone (puste pole),20*51'424,51*21'404,12,Obszar niezabudowany,Odcinek prosty,Droga krajowa,Jednojezdniowa dwukierunkowa,N,POWIAT RADOMSKI,WOLANÓW - OBSZAR WIEJSKI
1,0,1,2019,Oślepiające słońce,Zderzenie pojazdów tylne,Oślepiające słońce,Światło dzienne,Jezdnia,EWK-108122646A,13,2019-08-28,Lekko,20*05'154,52*25'113,62,Obszar niezabudowany,Odcinek prosty,Droga krajowa,Jednojezdniowa dwukierunkowa,N,POWIAT PŁOCKI,MAŁA WIEŚ - OBSZAR WIEJSKI
1,0,0,2019,Oślepiające słońce,Zderzenie pojazdów tylne,Oślepiające słońce,Światło dzienne,Jezdnia,EWK-108122646A,13,2019-08-28,Nieokreślone (puste pole),20*05'154,52*25'113,62,Obszar niezabudowany,Odcinek prosty,Droga krajowa,Jednojezdniowa dwukierunkowa,N,POWIAT PŁOCKI,MAŁA WIEŚ - OBSZAR WIEJSKI
1,1,0,2019,Oślepiające słońce,Zderzenie pojazdów tylne,Oślepiające słońce,Światło dzienne,Jezdnia,EWK-108174761H,17,2019-09-22,Nieokreślone (puste pole),19*32'527,52*23'341,573,Obszar niezabudowany,Odcinek prosty,Droga wojewódzka,Jednojezdniowa dwukierunkowa,N,POWIAT GOSTYNIŃSKI,SZCZAWIN KOŚCIELNY - OBSZAR WIEJSKI
1,1,0,2019,Oślepiające słońce,Zderzenie pojazdów tylne,Oślepiające słońce,Światło dzienne,Jezdnia,EWK-108238891E,8,2019-10-17,Nieokreślone (puste pole),21*56'597,52*15'359,P4249W,Obszar zabudowany,"Zakręt, łuk",Droga powiatowa,Jednokierunkowa,N,POWIAT WĘGROWSKI,GRĘBKÓW - OBSZAR WIEJSKI
1,0,4,2019,Oślepiające słońce,Zderzenie pojazdów tylne,Oślepiające słońce,Światło dzienne,Jezdnia,EWK-108244982T,15,2019-10-20,Lekko,21*16'498,51*23'192,12,Obszar niezabudowany,Odcinek prosty,Droga krajowa,Jednojezdniowa dwukierunkowa,N,POWIAT RADOMSKI,GÓZD - OBSZAR WIEJSKI
1,0,0,2019,Oślepiające słońce,Zderzenie pojazdów tylne,Oślepiające słońce,Światło dzienne,Jezdnia,EWK-108244982T,15,2019-10-20,Nieokreślone (puste pole),21*16'498,51*23'192,12,Obszar niezabudowany,Odcinek prosty,Droga krajowa,Jednojezdniowa dwukierunkowa,N,POWIAT RADOMSKI,GÓZD - OBSZAR WIEJSKI
1,0,1,2019,Oślepiające słońce,Zderzenie pojazdów tylne,Oślepiające słońce,Światło dzienne,Jezdnia,EWK-108259874D,7,2019-10-17,Lekko,21*34'218,51*16'217,P0244T,Obszar niezabudowany,Odcinek prosty,Droga powiatowa,Jednojezdniowa dwukierunkowa,N,POWIAT LIPSKI,CIEPIELÓW - OBSZAR WIEJSKI
1,0,0,2019,Oślepiające słońce,Zderzenie pojazdów tylne,Oślepiające słońce,Światło dzienne,Jezdnia,EWK-108259874D,7,2019-10-17,Nieokreślone (puste pole),21*34'218,51*16'217,P0244T,Obszar niezabudowany,Odcinek prosty,Droga powiatowa,Jednojezdniowa dwukierunkowa,N,POWIAT LIPSKI,CIEPIELÓW - OBSZAR WIEJSKI
1,0,1,2019,Oślepiające słońce,Zderzenie pojazdów tylne,Oślepiające słońce,Światło dzienne,"Wjazd, wyjazd z posesji, pola",EWK-107778412W,15,2019-03-22,Lekko,21*06'597,51*24'111,G530326W,Obszar zabudowany,Odcinek prosty,Droga gminna,Jednojezdniowa dwukierunkowa,N,POWIAT RADOM,RADOM - OBSZAR MIEJSKI
1,0,0,2019,Oślepiające słońce,Zderzenie pojazdów tylne,Oślepiające słońce,Światło dzienne,"Wjazd, wyjazd z posesji, pola",EWK-107778412W,15,2019-03-22,Nieokreślone (puste pole),21*06'597,51*24'111,G530326W,Obszar zabudowany,Odcinek prosty,Droga gminna,Jednojezdniowa dwukierunkowa,N,POWIAT RADOM,RADOM - OBSZAR MIEJSKI
1,1,0,2019,Oślepiające słońce,Zderzenie pojazdów tylne,Oślepiające słońce,"Świt, zmrok",Jezdnia,EWK-107910501F,5,2019-05-06,Nieokreślone (puste pole),20*47'060,52*40'326,620,Obszar niezabudowany,Odcinek prosty,Droga wojewódzka,Jednojezdniowa dwukierunkowa,N,POWIAT PUŁTUSKI,ŚWIERCZE - OBSZAR WIEJSKI
1,0,1,2019,Pochmurno,Inne,Pochmurno,Noc - droga nieoświetlona,Jezdnia,EWK-108491557N,17,2019-12-15,Ciężko,21*29'583,53*08'095,53,Obszar niezabudowany,Odcinek prosty,Droga krajowa,Jednojezdniowa dwukierunkowa,T,POWIAT OSTROŁĘCKI,LELIS - OBSZAR WIEJSKI
1,0,0,2019,Pochmurno,Inne,Pochmurno,Noc - droga nieoświetlona,Jezdnia,EWK-108491557N,17,2019-12-15,Nieokreślone (puste pole),21*29'583,53*08'095,53,Obszar niezabudowany,Odcinek prosty,Droga krajowa,Jednojezdniowa dwukierunkowa,T,POWIAT OSTROŁĘCKI,LELIS - OBSZAR WIEJSKI
1,0,2,2019,Pochmurno,Inne,Pochmurno,Noc - droga nieoświetlona,Pobocze,EWK-108154993U,23,2019-09-13,Ciężko,19*46'441,52*33'316,GMINNA,Obszar zabudowany,Odcinek prosty,Droga gminna,Jednojezdniowa dwukierunkowa,N,POWIAT PŁOCKI,RADZANOWO - OBSZAR WIEJSKI
1,0,1,2019,Pochmurno,Inne,Pochmurno,Noc - droga nieoświetlona,Pobocze,EWK-108405462M,20,2019-11-29,Ciężko,20*13'244,52*11'481,3826W,Obszar niezabudowany,Odcinek prosty,Droga powiatowa,Jednojezdniowa dwukierunkowa,N,POWIAT SOCHACZEWSKI,NOWA SUCHA - OBSZAR WIEJSKI
1,0,0,2019,Pochmurno,Inne,Pochmurno,Noc - droga nieoświetlona,Pobocze,EWK-108405462M,20,2019-11-29,Nieokreślone (puste pole),20*13'244,52*11'481,3826W,Obszar niezabudowany,Odcinek prosty,Droga powiatowa,Jednojezdniowa dwukierunkowa,N,POWIAT SOCHACZEWSKI,NOWA SUCHA - OBSZAR WIEJSKI
1,0,1,2019,Pochmurno,Inne,Pochmurno,Noc - droga oświetlona,Jezdnia,EWK-107556520A,18,2019-01-01,Lekko,21*39'291,51*57'520,805,Obszar zabudowany,Odcinek prosty,Droga wojewódzka,Jednojezdniowa dwukierunkowa,N,POWIAT GARWOLIŃSKI,PARYSÓW - OBSZAR WIEJSKI
1,0,0,2019,Pochmurno,Inne,Pochmurno,Noc - droga oświetlona,Jezdnia,EWK-107556520A,18,2019-01-01,Nieokreślone (puste pole),21*39'291,51*57'520,805,Obszar zabudowany,Odcinek prosty,Droga wojewódzka,Jednojezdniowa dwukierunkowa,N,POWIAT GARWOLIŃSKI,PARYSÓW - OBSZAR WIEJSKI
1,0,4,2019,Pochmurno,Inne,Pochmurno,Noc - droga oświetlona,Pobocze,EWK-107746479J,1,2019-03-09,Lekko,21*12'026,51*47'157,G161092W,Obszar zabudowany,Odcinek prosty,Droga gminna,Jednojezdniowa dwukierunkowa,N,POWIAT GRÓJECKI,WARKA - OBSZAR MIEJSKI
1,0,1,2019,Pochmurno,Inne,Pochmurno,Światło dzienne,Jezdnia,EWK-107620157N,13,2019-01-10,Lekko,21*13'180,51*24'504,12,Obszar zabudowany,,Droga krajowa,Jednojezdniowa dwukierunkowa,N,POWIAT RADOMSKI,JEDLNIA-LETNISKO - OBSZAR WIEJSKI
1,0,0,2019,Pochmurno,Inne,Pochmurno,Światło dzienne,Jezdnia,EWK-107620157N,13,2019-01-10,Nieokreślone (puste pole),21*13'180,51*24'504,12,Obszar zabudowany,,Droga krajowa,Jednojezdniowa dwukierunkowa,N,POWIAT RADOMSKI,JEDLNIA-LETNISKO - OBSZAR WIEJSKI
1,0,1,2019,Pochmurno,Inne,Pochmurno,Światło dzienne,Jezdnia,EWK-107752503Y,15,2019-03-12,Lekko,21*01'548,51*25'280,S7N,Obszar niezabudowany,"Zakręt, łuk",Droga krajowa,Ekspresowa,N,POWIAT RADOMSKI,ZAKRZEW - OBSZAR WIEJSKI
1,0,1,2019,Pochmurno,Inne,Pochmurno,Światło dzienne,Jezdnia,EWK-107902966X,10,2019-04-30,Lekko,21*24'594,51*19'482,733,Obszar zabudowany,Odcinek prosty,Droga wojewódzka,Jednojezdniowa dwukierunkowa,N,POWIAT ZWOLEŃSKI,TCZÓW - OBSZAR WIEJSKI
1,0,0,2019,Pochmurno,Inne,Pochmurno,Światło dzienne,Jezdnia,EWK-107902966X,10,2019-04-30,Nieokreślone (puste pole),21*24'594,51*19'482,733,Obszar zabudowany,Odcinek prosty,Droga wojewódzka,Jednojezdniowa dwukierunkowa,N,POWIAT ZWOLEŃSKI,TCZÓW - OBSZAR WIEJSKI
1,0,1,2019,Pochmurno,Inne,Pochmurno,Światło dzienne,Jezdnia,EWK-108026837L,13,2019-07-05,Lekko,21*24'098,52*35'030,62,Obszar niezabudowany,,Droga krajowa,Jednojezdniowa dwukierunkowa,N,POWIAT WYSZKOWSKI,WYSZKÓW - OBSZAR WIEJSKI
1,0,0,2019,Pochmurno,Inne,Pochmurno,Światło dzienne,Jezdnia,EWK-108026837L,13,2019-07-05,Nieokreślone (puste pole),21*24'098,52*35'030,62,Obszar niezabudowany,,Droga krajowa,Jednojezdniowa dwukierunkowa,N,POWIAT WYSZKOWSKI,WYSZKÓW - OBSZAR WIEJSKI
1,0,1,2019,Pochmurno,Inne,Pochmurno,Światło dzienne,Jezdnia,EWK-108291212X,8,2019-11-04,Ciężko,21*40'169,51*16'009,P1913W,Obszar zabudowany,"Zakręt, łuk",Droga powiatowa,Jednojezdniowa dwukierunkowa,N,POWIAT LIPSKI,CHOTCZA - OBSZAR WIEJSKI
1,0,1,2019,Pochmurno,Inne,Pochmurno,Światło dzienne,Jezdnia,EWK-108393650U,14,2019-11-29,Ciężko,21*31'559,52*41'484,GMINNA,Obszar zabudowany,Odcinek prosty,Droga gminna,Jednojezdniowa dwukierunkowa,N,POWIAT WYSZKOWSKI,DŁUGOSIODŁO - OBSZAR WIEJSKI
1,0,1,2019,Pochmurno,Inne,Pochmurno,Światło dzienne,Jezdnia,EWK-108492651K,8,2019-12-16,Lekko,21*18'298,52*43'262,P4407W,Obszar zabudowany,"Zakręt, łuk",Droga powiatowa,Jednojezdniowa dwukierunkowa,N,POWIAT PUŁTUSKI,OBRYTE - OBSZAR WIEJSKI
1,0,0,2019,Pochmurno,Inne,Pochmurno,Światło dzienne,Jezdnia,EWK-108492651K,8,2019-12-16,Nieokreślone (puste pole),21*18'298,52*43'262,P4407W,Obszar zabudowany,"Zakręt, łuk",Droga powiatowa,Jednojezdniowa dwukierunkowa,N,POWIAT PUŁTUSKI,OBRYTE - OBSZAR WIEJSKI
1,0,1,2019,Pochmurno,Inne,Pochmurno,Światło dzienne,Jezdnia,EWK-108495626A,8,2019-12-17,Lekko,21*48'067,51*42'454,GMINNA,Obszar zabudowany,"Zakręt, łuk",Droga gminna,Jednojezdniowa dwukierunkowa,N,POWIAT GARWOLIŃSKI,TROJANÓW - OBSZAR WIEJSKI
1,0,0,2019,Pochmurno,Inne,Pochmurno,Światło dzienne,Jezdnia,EWK-108495626A,8,2019-12-17,Nieokreślone (puste pole),21*48'067,51*42'454,GMINNA,Obszar zabudowany,"Zakręt, łuk",Droga gminna,Jednojezdniowa dwukierunkowa,N,POWIAT GARWOLIŃSKI,TROJANÓW - OBSZAR WIEJSKI
1,1,0,2019,Pochmurno,Inne,Pochmurno,Światło dzienne,Jezdnia,EWK-108505095T,14,2019-12-21,Nieokreślone (puste pole),20*26'453,52*13'128,4132W,Obszar niezabudowany,"Zakręt, łuk",Droga powiatowa,Jednojezdniowa dwukierunkowa,N,POWIAT SOCHACZEWSKI,TERESIN - OBSZAR WIEJSKI
1,0,1,2019,Pochmurno,Inne,Pochmurno,Światło dzienne,Pobocze,EWK-107698357Q,16,2019-02-13,Ciężko,21*31'182,53*03'358,GMINNA,Obszar zabudowany,Odcinek prosty,Droga gminna,Jednojezdniowa dwukierunkowa,T,POWIAT OSTROŁĘCKI,OLSZEWO-BORKI - OBSZAR WIEJSKI
1,0,1,2019,Pochmurno,Inne,Pochmurno,Światło dzienne,Pobocze,EWK-108051576M,13,2019-07-20,Lekko,21*35'249,51*53'047,P1320W,Obszar zabudowany,"Zakręt, łuk",Droga powiatowa,Jednojezdniowa dwukierunkowa,N,POWIAT GARWOLIŃSKI,GARWOLIN - OBSZAR WIEJSKI
1,0,0,2019,Pochmurno,Inne,Pochmurno,Światło dzienne,Pobocze,EWK-108051576M,13,2019-07-20,Nieokreślone (puste pole),21*35'249,51*53'047,P1320W,Obszar zabudowany,"Zakręt, łuk",Droga powiatowa,Jednojezdniowa dwukierunkowa,N,POWIAT GARWOLIŃSKI,GARWOLIN - OBSZAR WIEJSKI
1,0,1,2019,Pochmurno,Inne,Pochmurno,Światło dzienne,Przejazd kolejowy niestrzeżony,EWK-108497066X,9,2019-12-15,Lekko,21*39'041,51*56'323,GMINNA,Obszar zabudowany,Odcinek prosty,Droga gminna,Jednojezdniowa dwukierunkowa,N,POWIAT GARWOLIŃSKI,PARYSÓW - OBSZAR WIEJSKI
1,0,1,2019,Pochmurno,Inne,Pochmurno,Światło dzienne,Przejście dla pieszych,EWK-108293149R,8,2019-11-05,Ciężko,21*26'288,52*36'348,G440502W,Obszar zabudowany,Odcinek prosty,Droga gminna,Jednojezdniowa dwukierunkowa,N,POWIAT WYSZKOWSKI,WYSZKÓW - OBSZAR MIEJSKI
1,0,0,2019,Pochmurno,Inne,Pochmurno,Światło dzienne,Przejście dla pieszych,EWK-108293149R,8,2019-11-05,Nieokreślone (puste pole),21*26'288,52*36'348,G440502W,Obszar zabudowany,Odcinek prosty,Droga gminna,Jednojezdniowa dwukierunkowa,N,POWIAT WYSZKOWSKI,WYSZKÓW - OBSZAR MIEJSKI
1,0,1,2019,Pochmurno,Inne,Pochmurno,Światło dzienne,"Skarpa, rów",EWK-107765328Q,15,2019-03-15,Lekko,20*35'557,51*21'485,G330678W,Obszar zabudowany,Odcinek prosty,Droga gminna,Jednojezdniowa dwukierunkowa,T,POWIAT PRZYSUSKI,PRZYSUCHA - OBSZAR WIEJSKI
1,0,0,2019,Pochmurno,Inne,Pochmurno,Światło dzienne,"Skarpa, rów",EWK-107765328Q,15,2019-03-15,Nieokreślone (puste pole),20*35'557,51*21'485,G330678W,Obszar zabudowany,Odcinek prosty,Droga gminna,Jednojezdniowa dwukierunkowa,T,POWIAT PRZYSUSKI,PRZYSUCHA - OBSZAR WIEJSKI
1,0,1,2019,Pochmurno,Inne,Pochmurno,Światło dzienne,"Skarpa, rów",EWK-108267236K,7,2019-10-29,Lekko,20*36'518,52*49'213,50,Obszar niezabudowany,Odcinek prosty,Droga krajowa,Jednojezdniowa dwukierunkowa,N,POWIAT CIECHANOWSKI,CIECHANÓW - OBSZAR WIEJSKI
1,1,0,2019,Pochmurno,Najechanie na barierę ochronną,Pochmurno,Noc - droga nieoświetlona,Przewiązka na drodze dwujezdniowej,EWK-108259543L,19,2019-10-26,Nieokreślone (puste pole),22*08'192,52*35'295,627,Obszar zabudowany,Odcinek prosty,Droga wojewódzka,Jednojezdniowa dwukierunkowa,N,POWIAT SOKOŁOWSKI,KOSÓW LACKI - OBSZAR MIEJSKI
1,0,1,2019,Pochmurno,Najechanie na barierę ochronną,Pochmurno,Noc - droga oświetlona,Jezdnia,EWK-107752851L,5,2019-03-12,Ciężko,21*00'538,51*20'277,S7N,Obszar niezabudowany,Odcinek prosty,Droga krajowa,Ekspresowa,N,POWIAT RADOMSKI,KOWALA - OBSZAR WIEJSKI
1,0,5,2019,Pochmurno,Najechanie na barierę ochronną,Pochmurno,Noc - droga oświetlona,Jezdnia,EWK-107752851L,5,2019-03-12,Lekko,21*00'538,51*20'277,S7N,Obszar niezabudowany,Odcinek prosty,Droga krajowa,Ekspresowa,N,POWIAT RADOMSKI,KOWALA - OBSZAR WIEJSKI
1,0,2,2019,Pochmurno,Najechanie na barierę ochronną,Pochmurno,Światło dzienne,Jezdnia,EWK-107747990E,11,2019-03-09,Lekko,22*16'451,52*09'048,GMINNA,Obszar zabudowany,,Droga gminna,Jednojezdniowa dwukierunkowa,N,POWIAT SIEDLCE,SIEDLCE - OBSZAR MIEJSKI
1,0,0,2019,Pochmurno,Najechanie na barierę ochronną,Pochmurno,Światło dzienne,Jezdnia,EWK-107747990E,11,2019-03-09,Nieokreślone (puste pole),22*16'451,52*09'048,GMINNA,Obszar zabudowany,,Droga gminna,Jednojezdniowa dwukierunkowa,N,POWIAT SIEDLCE,SIEDLCE - OBSZAR MIEJSKI
1,0,2,2019,Pochmurno,Najechanie na barierę ochronną,Pochmurno,Światło dzienne,Jezdnia,EWK-108279114T,10,2019-10-31,Ciężko,19*42'453,52*30'321,60,Obszar niezabudowany,Odcinek prosty,Droga krajowa,Dwie jezdnie jednokierunkowe,N,POWIAT PŁOCK,PŁOCK - OBSZAR MIEJSKI
1,0,1,2019,Pochmurno,Najechanie na barierę ochronną,Pochmurno,"Świt, zmrok",Pobocze,EWK-108414504G,7,2019-12-04,Ciężko,20*32'588,51*59'429,GMINNA,Obszar zabudowany,Odcinek prosty,Droga gminna,Jednojezdniowa dwukierunkowa,N,POWIAT ŻYRARDOWSKI,RADZIEJOWICE - OBSZAR WIEJSKI
1,0,1,2019,Pochmurno,Najechanie na drzewo,Pochmurno,Noc - droga nieoświetlona,Jezdnia,EWK-108515523K,2,2019-12-26,Ciężko,21*06'150,53*06'237,3234W,Obszar niezabudowany,Odcinek prosty,Droga powiatowa,Jednojezdniowa dwukierunkowa,N,POWIAT MAKOWSKI,KRASNOSIELC - OBSZAR WIEJSKI
1,0,0,2019,Pochmurno,Najechanie na drzewo,Pochmurno,Noc - droga nieoświetlona,Jezdnia,EWK-108515523K,2,2019-12-26,Nieokreślone (puste pole),21*06'150,53*06'237,3234W,Obszar niezabudowany,Odcinek prosty,Droga powiatowa,Jednojezdniowa dwukierunkowa,N,POWIAT MAKOWSKI,KRASNOSIELC - OBSZAR WIEJSKI
1,0,1,2019,Pochmurno,Najechanie na drzewo,Pochmurno,Noc - droga nieoświetlona,Pobocze,EWK-108064725Y,2,2019-07-28,Ciężko,21*39'138,51*52'486,P1328W,Obszar niezabudowany,Odcinek prosty,Droga powiatowa,Jednojezdniowa dwukierunkowa,N,POWIAT GARWOLIŃSKI,GARWOLIN - OBSZAR WIEJSKI
1,1,0,2019,Pochmurno,Najechanie na drzewo,Pochmurno,Noc - droga nieoświetlona,Pobocze,EWK-108064725Y,2,2019-07-28,Nieokreślone (puste pole),21*39'138,51*52'486,P1328W,Obszar niezabudowany,Odcinek prosty,Droga powiatowa,Jednojezdniowa dwukierunkowa,N,POWIAT GARWOLIŃSKI,GARWOLIN - OBSZAR WIEJSKI
1,0,4,2019,Pochmurno,Najechanie na drzewo,Pochmurno,Noc - droga nieoświetlona,Pobocze,EWK-108514046C,17,2019-12-24,Lekko,20*16'090,52*07'015,GMINNA,Obszar zabudowany,"Zakręt, łuk",Droga gminna,Jednojezdniowa dwukierunkowa,N,POWIAT ŻYRARDOWSKI,WISKITKI - OBSZAR WIEJSKI
1,0,1,2019,Pochmurno,Najechanie na drzewo,Pochmurno,Noc - droga oświetlona,Jezdnia,EWK-107652011G,22,2019-01-18,Lekko,21*35'576,53*05'445,61,Obszar zabudowany,Odcinek prosty,Droga krajowa,Jednojezdniowa dwukierunkowa,N,POWIAT OSTROŁĘKA,OSTROŁĘKA - OBSZAR MIEJSKI
1,1,0,2019,Pochmurno,Najechanie na drzewo,Pochmurno,Noc - droga oświetlona,"Skarpa, rów",EWK-107679012D,21,2019-02-02,Nieokreślone (puste pole),20*06'107,52*27'313,P2953W,Obszar zabudowany,Odcinek prosty,Droga powiatowa,Jednojezdniowa dwukierunkowa,T,POWIAT PŁOCKI,MAŁA WIEŚ - OBSZAR WIEJSKI
1,0,1,2019,Pochmurno,Najechanie na drzewo,Pochmurno,Światło dzienne,Jezdnia,EWK-107647548A,7,2019-01-18,Ciężko,22*00'047,52*23'528,P4224W,Obszar zabudowany,"Zakręt, łuk",Droga powiatowa,Jednojezdniowa dwukierunkowa,N,POWIAT WĘGROWSKI,WĘGRÓW - OBSZAR MIEJSKI
1,0,1,2019,Pochmurno,Najechanie na drzewo,Pochmurno,Światło dzienne,Jezdnia,EWK-107647548A,7,2019-01-18,Lekko,22*00'047,52*23'528,P4224W,Obszar zabudowany,"Zakręt, łuk",Droga powiatowa,Jednojezdniowa dwukierunkowa,N,POWIAT WĘGROWSKI,WĘGRÓW - OBSZAR MIEJSKI
1,0,0,2019,Pochmurno,Najechanie na drzewo,Pochmurno,Światło dzienne,Jezdnia,EWK-107647548A,7,2019-01-18,Nieokreślone (puste pole),22*00'047,52*23'528,P4224W,Obszar zabudowany,"Zakręt, łuk",Droga powiatowa,Jednojezdniowa dwukierunkowa,N,POWIAT WĘGROWSKI,WĘGRÓW - OBSZAR MIEJSKI
1,0,1,2019,Pochmurno,Najechanie na drzewo,Pochmurno,Światło dzienne,Jezdnia,EWK-107654167R,11,2019-01-20,Lekko,21*20'077,51*30'186,GMINNA,Obszar zabudowany,Odcinek prosty,Droga gminna,Jednojezdniowa dwukierunkowa,T,POWIAT RADOMSKI,PIONKI - OBSZAR WIEJSKI
1,1,0,2019,Pochmurno,Najechanie na drzewo,Pochmurno,Światło dzienne,Jezdnia,EWK-107654167R,11,2019-01-20,Nieokreślone (puste pole),21*20'077,51*30'186,GMINNA,Obszar zabudowany,Odcinek prosty,Droga gminna,Jednojezdniowa dwukierunkowa,T,POWIAT RADOMSKI,PIONKI - OBSZAR WIEJSKI
1,0,1,2019,Pochmurno,Najechanie na drzewo,Pochmurno,Światło dzienne,Jezdnia,EWK-107749441C,15,2019-03-08,Lekko,20*31'472,51*23'346,12,Obszar niezabudowany,"Zakręt, łuk",Droga krajowa,Jednojezdniowa dwukierunkowa,N,POWIAT PRZYSUSKI,GIELNIÓW - OBSZAR WIEJSKI
1,0,1,2019,Pochmurno,Najechanie na drzewo,Pochmurno,Światło dzienne,Jezdnia,EWK-107766664C,9,2019-03-12,Lekko,22*19'548,52*23'219,G390522W,Obszar niezabudowany,Odcinek prosty,Droga gminna,Jednojezdniowa dwukierunkowa,N,POWIAT SOKOŁOWSKI,REPKI - OBSZAR WIEJSKI
1,0,1,2019,Pochmurno,Najechanie na drzewo,Pochmurno,Światło dzienne,Jezdnia,EWK-107905274R,7,2019-05-02,Lekko,21*24'560,51*48'511,801,Obszar niezabudowany,Odcinek prosty,Droga wojewódzka,Jednojezdniowa dwukierunkowa,N,POWIAT GARWOLIŃSKI,WILGA - OBSZAR WIEJSKI
1,0,0,2019,Pochmurno,Najechanie na drzewo,Pochmurno,Światło dzienne,Jezdnia,EWK-107905274R,7,2019-05-02,Nieokreślone (puste pole),21*24'560,51*48'511,801,Obszar niezabudowany,Odcinek prosty,Droga wojewódzka,Jednojezdniowa dwukierunkowa,N,POWIAT GARWOLIŃSKI,WILGA - OBSZAR WIEJSKI