Liczba wypadków,Liczba zabitych,Liczba rannych,Rok,Warunki atmosferyczne,Rodzaj zdarzenia,Warunki atmosferyczne,Oświetlenie,Charakterystyka miejsca zdarzenia,IDKSIP zdarzenia,Godzina,Dzień,Ranny,GPS x,GPS y,Numer drogi,Obszar,Geometria drogi,Kategoria drogi 1,Rodzaj drogi,Czy w zdarzeniu był sprawca nietrzeźwy,Powiat,Gmina
1,0,0,2019,Pochmurno,Najechanie na pieszego,Pochmurno,"Świt, zmrok",Przejście dla pieszych,EWK-108522264L,16,2019-12-30,Nieokreślone (puste pole),20*51'466,51*13'367,G400560W,Obszar zabudowany,Odcinek prosty,Droga gminna,Jednojezdniowa dwukierunkowa,N,POWIAT SZYDŁOWIECKI,SZYDŁOWIEC - OBSZAR MIEJSKI
1,0,1,2019,Pochmurno,Najechanie na pojazd unieruchomiony,Pochmurno,Noc - droga nieoświetlona,Jezdnia,EWK-107720340F,0,2019-02-24,Ciężko,22*34'358,52*23'296,P3936W,Obszar zabudowany,"Zakręt, łuk",Droga powiatowa,Jednojezdniowa dwukierunkowa,N,POWIAT SIEDLECKI,KORCZEW - OBSZAR WIEJSKI
1,0,3,2019,Pochmurno,Najechanie na pojazd unieruchomiony,Pochmurno,Noc - droga nieoświetlona,Jezdnia,EWK-107720340F,0,2019-02-24,Lekko,22*34'358,52*23'296,P3936W,Obszar zabudowany,"Zakręt, łuk",Droga powiatowa,Jednojezdniowa dwukierunkowa,N,POWIAT SIEDLECKI,KORCZEW - OBSZAR WIEJSKI
1,0,1,2019,Pochmurno,"Najechanie na słup, znak",Pochmurno,Noc - droga nieoświetlona,"Skarpa, rów",EWK-107696562W,5,2019-02-13,Ciężko,20*22'476,52*10'285,P0244T,Obszar niezabudowany,,Droga powiatowa,Jednojezdniowa dwukierunkowa,N,POWIAT SOCHACZEWSKI,TERESIN - OBSZAR WIEJSKI
1,0,0,2019,Pochmurno,"Najechanie na słup, znak",Pochmurno,Noc - droga nieoświetlona,"Skarpa, rów",EWK-107696562W,5,2019-02-13,Nieokreślone (puste pole),20*22'476,52*10'285,P0244T,Obszar niezabudowany,,Droga powiatowa,Jednojezdniowa dwukierunkowa,N,POWIAT SOCHACZEWSKI,TERESIN - OBSZAR WIEJSKI
1,0,1,2019,Pochmurno,"Najechanie na słup, znak",Pochmurno,Noc - droga oświetlona,Jezdnia,EWK-107703259M,0,2019-02-16,Lekko,21*09'159,51*23'222,P5331W,Obszar zabudowany,"Zakręt, łuk",Droga powiatowa,Jednojezdniowa dwukierunkowa,N,POWIAT RADOM,RADOM - OBSZAR MIEJSKI
1,0,1,2019,Pochmurno,"Najechanie na słup, znak",Pochmurno,Światło dzienne,Jezdnia,EWK-107613969W,9,2019-01-09,Lekko,21*08'540,51*22'594,P3539W,Obszar zabudowany,,Droga powiatowa,Jednojezdniowa dwukierunkowa,N,POWIAT RADOM,RADOM - OBSZAR MIEJSKI
1,0,1,2019,Pochmurno,"Najechanie na słup, znak",Pochmurno,Światło dzienne,Jezdnia,EWK-107625809T,10,2019-01-12,Lekko,20*52'485,51*52'176,50,Obszar zabudowany,Odcinek prosty,Droga krajowa,Jednojezdniowa dwukierunkowa,N,POWIAT GRÓJECKI,GRÓJEC - OBSZAR WIEJSKI
1,0,0,2019,Pochmurno,"Najechanie na słup, znak",Pochmurno,Światło dzienne,Jezdnia,EWK-107625809T,10,2019-01-12,Nieokreślone (puste pole),20*52'485,51*52'176,50,Obszar zabudowany,Odcinek prosty,Droga krajowa,Jednojezdniowa dwukierunkowa,N,POWIAT GRÓJECKI,GRÓJEC - OBSZAR WIEJSKI
1,0,4,2019,Pochmurno,"Najechanie na słup, znak",Pochmurno,Światło dzienne,Jezdnia,EWK-107937384F,14,2019-05-14,Lekko,20*59'358,51*26'459,740,Obszar niezabudowany,"Zakręt, łuk",Droga wojewódzka,Jednojezdniowa dwukierunkowa,N,POWIAT RADOMSKI,ZAKRZEW - OBSZAR WIEJSKI
1,0,1,2019,Pochmurno,"Najechanie na słup, znak",Pochmurno,Światło dzienne,Jezdnia,EWK-108029736M,13,2019-07-08,Ciężko,21*58'404,52*13'512,G420102W,Obszar zabudowany,Odcinek prosty,Droga gminna,Jednojezdniowa dwukierunkowa,N,POWIAT WĘGROWSKI,GRĘBKÓW - OBSZAR WIEJSKI
1,0,1,2019,Pochmurno,"Najechanie na słup, znak",Pochmurno,Światło dzienne,Jezdnia,EWK-108029736M,13,2019-07-08,Lekko,21*58'404,52*13'512,G420102W,Obszar zabudowany,Odcinek prosty,Droga gminna,Jednojezdniowa dwukierunkowa,N,POWIAT WĘGROWSKI,GRĘBKÓW - OBSZAR WIEJSKI
1,0,0,2019,Pochmurno,"Najechanie na słup, znak",Pochmurno,Światło dzienne,Jezdnia,EWK-108029736M,13,2019-07-08,Nieokreślone (puste pole),21*58'404,52*13'512,G420102W,Obszar zabudowany,Odcinek prosty,Droga gminna,Jednojezdniowa dwukierunkowa,N,POWIAT WĘGROWSKI,GRĘBKÓW - OBSZAR WIEJSKI
1,0,2,2019,Pochmurno,"Najechanie na słup, znak",Pochmurno,Światło dzienne,Jezdnia,EWK-108308008G,14,2019-11-11,Ciężko,21*00'164,51*23'075,12,Obszar zabudowany,"Zakręt, łuk",Droga krajowa,Jednojezdniowa dwukierunkowa,N,POWIAT RADOMSKI,WOLANÓW - OBSZAR WIEJSKI
1,1,0,2019,Pochmurno,"Najechanie na słup, znak",Pochmurno,"Świt, zmrok",Jezdnia,EWK-107921628P,20,2019-05-10,Nieokreślone (puste pole),21*37'023,53*05'469,P5119W,Obszar zabudowany,"Zakręt, łuk",Droga powiatowa,Dwie jezdnie jednokierunkowe,N,POWIAT OSTROŁĘKA,OSTROŁĘKA - OBSZAR MIEJSKI
1,0,1,2019,Pochmurno,Najechanie na zwierzę,Pochmurno,Noc - droga nieoświetlona,Jezdnia,EWK-107581111R,17,2019-01-06,Lekko,20*59'540,51*39'098,48,Obszar niezabudowany,Odcinek prosty,Droga krajowa,Jednojezdniowa dwukierunkowa,N,POWIAT BIAŁOBRZESKI,BIAŁOBRZEGI - OBSZAR WIEJSKI
1,0,0,2019,Pochmurno,Najechanie na zwierzę,Pochmurno,Noc - droga nieoświetlona,Jezdnia,EWK-107581111R,17,2019-01-06,Nieokreślone (puste pole),20*59'540,51*39'098,48,Obszar niezabudowany,Odcinek prosty,Droga krajowa,Jednojezdniowa dwukierunkowa,N,POWIAT BIAŁOBRZESKI,BIAŁOBRZEGI - OBSZAR WIEJSKI
1,0,2,2019,Pochmurno,Najechanie na zwierzę,Pochmurno,Noc - droga nieoświetlona,Jezdnia,EWK-108269186L,18,2019-10-29,Ciężko,21*23'319,51*13'181,P3536W,Obszar niezabudowany,Odcinek prosty,Droga powiatowa,Jednojezdniowa dwukierunkowa,N,POWIAT RADOMSKI,IŁŻA - OBSZAR WIEJSKI
1,0,2,2019,Pochmurno,Najechanie na zwierzę,Pochmurno,Noc - droga nieoświetlona,Jezdnia,EWK-108269186L,18,2019-10-29,Lekko,21*23'319,51*13'181,P3536W,Obszar niezabudowany,Odcinek prosty,Droga powiatowa,Jednojezdniowa dwukierunkowa,N,POWIAT RADOMSKI,IŁŻA - OBSZAR WIEJSKI
1,0,1,2019,Pochmurno,Wywrócenie się pojazdu,Pochmurno,Noc - droga nieoświetlona,Jezdnia,EWK-107625410C,4,2019-01-12,Lekko,21*12'002,53*01'059,2132W,Obszar zabudowany,"Zakręt, łuk",Droga powiatowa,Jednojezdniowa dwukierunkowa,N,POWIAT MAKOWSKI,KRASNOSIELC - OBSZAR WIEJSKI
1,0,0,2019,Pochmurno,Wywrócenie się pojazdu,Pochmurno,Noc - droga nieoświetlona,Jezdnia,EWK-107625410C,4,2019-01-12,Nieokreślone (puste pole),21*12'002,53*01'059,2132W,Obszar zabudowany,"Zakręt, łuk",Droga powiatowa,Jednojezdniowa dwukierunkowa,N,POWIAT MAKOWSKI,KRASNOSIELC - OBSZAR WIEJSKI
1,0,2,2019,Pochmurno,Wywrócenie się pojazdu,Pochmurno,Noc - droga nieoświetlona,Jezdnia,EWK-107670445F,18,2019-01-29,Lekko,21*14'379,51*16'429,9,Obszar niezabudowany,Odcinek prosty,Droga krajowa,Jednojezdniowa dwukierunkowa,N,POWIAT RADOMSKI,SKARYSZEW - OBSZAR MIEJSKI
1,0,0,2019,Pochmurno,Wywrócenie się pojazdu,Pochmurno,Noc - droga nieoświetlona,Jezdnia,EWK-107670445F,18,2019-01-29,Nieokreślone (puste pole),21*14'379,51*16'429,9,Obszar niezabudowany,Odcinek prosty,Droga krajowa,Jednojezdniowa dwukierunkowa,N,POWIAT RADOMSKI,SKARYSZEW - OBSZAR MIEJSKI
1,1,0,2019,Pochmurno,Wywrócenie się pojazdu,Pochmurno,Noc - droga nieoświetlona,Pobocze,EWK-108357028W,1,2019-11-21,Nieokreślone (puste pole),21*21'028,53*24'510,53,Obszar niezabudowany,Odcinek prosty,Droga krajowa,Jednojezdniowa dwukierunkowa,N,POWIAT OSTROŁĘCKI,MYSZYNIEC - OBSZAR WIEJSKI
1,0,4,2019,Pochmurno,Wywrócenie się pojazdu,Pochmurno,Noc - droga oświetlona,Jezdnia,EWK-108324616K,3,2019-11-16,Ciężko,21*10'184,51*20'168,P3539W,Obszar zabudowany,Odcinek prosty,Droga powiatowa,Jednojezdniowa dwukierunkowa,N,POWIAT RADOMSKI,KOWALA - OBSZAR WIEJSKI
1,0,2,2019,Pochmurno,Wywrócenie się pojazdu,Pochmurno,Światło dzienne,Jezdnia,EWK-107574544L,16,2019-01-05,Lekko,21*36'268,51*50'246,GMINNA,Obszar zabudowany,Odcinek prosty,Droga gminna,Jednojezdniowa dwukierunkowa,N,POWIAT GARWOLIŃSKI,GARWOLIN - OBSZAR WIEJSKI
1,0,1,2019,Pochmurno,Wywrócenie się pojazdu,Pochmurno,Światło dzienne,Jezdnia,EWK-107626712E,13,2019-01-13,Lekko,19*45'507,52*43'371,560,Obszar niezabudowany,Odcinek prosty,Droga wojewódzka,Jednojezdniowa dwukierunkowa,N,POWIAT SIERPECKI,GOZDOWO - OBSZAR WIEJSKI
1,1,0,2019,Pochmurno,Wywrócenie się pojazdu,Pochmurno,Światło dzienne,Jezdnia,EWK-107667122G,13,2019-01-27,Nieokreślone (puste pole),19*59'431,52*18'036,577,Obszar zabudowany,Odcinek prosty,Droga wojewódzka,Jednojezdniowa dwukierunkowa,N,POWIAT SOCHACZEWSKI,IŁÓW - OBSZAR WIEJSKI
1,0,1,2019,Pochmurno,Wywrócenie się pojazdu,Pochmurno,Światło dzienne,Jezdnia,EWK-107678371N,9,2019-02-02,Ciężko,20*53'518,51*24'009,P3502W,Obszar niezabudowany,Odcinek prosty,Droga powiatowa,Jednojezdniowa dwukierunkowa,N,POWIAT RADOMSKI,PRZYTYK - OBSZAR WIEJSKI
1,0,1,2019,Pochmurno,Wywrócenie się pojazdu,Pochmurno,Światło dzienne,Jezdnia,EWK-107678380M,9,2019-02-02,Lekko,21*38'242,51*09'241,747,Obszar zabudowany,"Zakręt, łuk",Droga wojewódzka,Jednojezdniowa dwukierunkowa,N,POWIAT LIPSKI,LIPSKO - OBSZAR WIEJSKI
1,0,1,2019,Pochmurno,Wywrócenie się pojazdu,Pochmurno,Światło dzienne,Jezdnia,EWK-107740530M,8,2019-03-06,Lekko,21*13'470,51*18'371,P3540W,Obszar zabudowany,Odcinek prosty,Droga powiatowa,Jednojezdniowa dwukierunkowa,N,POWIAT RADOMSKI,SKARYSZEW - OBSZAR MIEJSKI
1,0,1,2019,Pochmurno,Wywrócenie się pojazdu,Pochmurno,Światło dzienne,Jezdnia,EWK-107931869P,6,2019-05-17,Lekko,21*24'450,51*24'498,P3524W,Obszar zabudowany,Odcinek prosty,Droga powiatowa,Jednojezdniowa dwukierunkowa,N,POWIAT RADOMSKI,JEDLNIA-LETNISKO - OBSZAR WIEJSKI
1,1,0,2019,Pochmurno,Wywrócenie się pojazdu,Pochmurno,Światło dzienne,Jezdnia,EWK-107942772M,17,2019-05-21,Nieokreślone (puste pole),21*07'473,52*53'555,P2111W,Obszar niezabudowany,Odcinek prosty,Droga powiatowa,Jednojezdniowa dwukierunkowa,T,POWIAT MAKOWSKI,CZERWONKA - OBSZAR WIEJSKI
1,0,2,2019,Pochmurno,Wywrócenie się pojazdu,Pochmurno,Światło dzienne,Jezdnia,EWK-108025332U,7,2019-07-05,Ciężko,20*32'501,52*51'211,60,Obszar niezabudowany,Odcinek prosty,Droga krajowa,Jednojezdniowa dwukierunkowa,N,POWIAT CIECHANOWSKI,CIECHANÓW - OBSZAR WIEJSKI
1,0,1,2019,Pochmurno,Wywrócenie się pojazdu,Pochmurno,Światło dzienne,Jezdnia,EWK-108077678J,10,2019-08-05,Lekko,22*20'240,52*14'281,P3615W,Obszar niezabudowany,"Zakręt, łuk",Droga powiatowa,Jednojezdniowa dwukierunkowa,N,POWIAT SIEDLECKI,SUCHOŻEBRY - OBSZAR WIEJSKI
1,1,0,2019,Pochmurno,Wywrócenie się pojazdu,Pochmurno,Światło dzienne,Jezdnia,EWK-108078602H,20,2019-08-04,Nieokreślone (puste pole),20*41'309,51*29'054,729,Obszar niezabudowany,"Zakręt, łuk",Droga wojewódzka,Jednojezdniowa dwukierunkowa,N,POWIAT PRZYSUSKI,KLWÓW - OBSZAR WIEJSKI
1,0,2,2019,Pochmurno,Wywrócenie się pojazdu,Pochmurno,Światło dzienne,Jezdnia,EWK-108131961K,8,2019-09-02,Lekko,19*31'148,52*49'494,P0244T,Obszar zabudowany,"Zakręt, łuk",Droga powiatowa,Jednojezdniowa dwukierunkowa,N,POWIAT SIERPECKI,MOCHOWO - OBSZAR WIEJSKI
1,0,1,2019,Pochmurno,Wywrócenie się pojazdu,Pochmurno,Światło dzienne,Jezdnia,EWK-108203673J,8,2019-10-04,Ciężko,21*08'443,51*16'461,P3539W,Obszar niezabudowany,Odcinek prosty,Droga powiatowa,Jednojezdniowa dwukierunkowa,N,POWIAT RADOMSKI,KOWALA - OBSZAR WIEJSKI
1,0,1,2019,Pochmurno,Wywrócenie się pojazdu,Pochmurno,Światło dzienne,Jezdnia,EWK-108289142Y,7,2019-11-03,Ciężko,22*11'551,52*07'434,GMINNA,Obszar zabudowany,Odcinek prosty,Droga gminna,Jednojezdniowa dwukierunkowa,N,POWIAT SIEDLECKI,SKÓRZEC - OBSZAR WIEJSKI
1,0,5,2019,Pochmurno,Wywrócenie się pojazdu,Pochmurno,Światło dzienne,Pobocze,EWK-107693318F,13,2019-02-11,Lekko,19*47'354,52*35'545,60,Obszar niezabudowany,"Zakręt, łuk",Droga krajowa,Jednojezdniowa dwukierunkowa,N,POWIAT PŁOCKI,RADZANOWO - OBSZAR WIEJSKI
1,0,1,2019,Pochmurno,Wywrócenie się pojazdu,Pochmurno,Światło dzienne,Pobocze,EWK-108040430E,16,2019-07-13,Lekko,20*04'219,52*25'336,62,Obszar niezabudowany,Odcinek prosty,Droga krajowa,Jednojezdniowa dwukierunkowa,N,POWIAT PŁOCKI,MAŁA WIEŚ - OBSZAR WIEJSKI
1,0,2,2019,Pochmurno,Wywrócenie się pojazdu,Pochmurno,Światło dzienne,Pobocze,EWK-108299031Q,10,2019-11-06,Lekko,20*14'181,52*29'281,50,Obszar niezabudowany,Odcinek prosty,Droga krajowa,Jednojezdniowa dwukierunkowa,N,POWIAT PŁOCKI,WYSZOGRÓD - OBSZAR WIEJSKI
1,0,1,2019,Pochmurno,Wywrócenie się pojazdu,Pochmurno,Światło dzienne,"Skarpa, rów",EWK-107765345F,13,2019-03-13,Lekko,20*23'260,52*37'300,W632,Obszar zabudowany,"Zakręt, łuk",Droga wojewódzka,Jednojezdniowa dwukierunkowa,N,POWIAT PŁOŃSKI,PŁOŃSK - OBSZAR MIEJSKI
1,0,0,2019,Pochmurno,Wywrócenie się pojazdu,Pochmurno,Światło dzienne,"Skarpa, rów",EWK-107765345F,13,2019-03-13,Nieokreślone (puste pole),20*23'260,52*37'300,W632,Obszar zabudowany,"Zakręt, łuk",Droga wojewódzka,Jednojezdniowa dwukierunkowa,N,POWIAT PŁOŃSKI,PŁOŃSK - OBSZAR MIEJSKI
1,0,2,2019,Pochmurno,Wywrócenie się pojazdu,Pochmurno,Światło dzienne,"Skarpa, rów",EWK-108194462P,6,2019-10-01,Ciężko,20*57'107,52*50'006,60,Obszar niezabudowany,Odcinek prosty,Droga krajowa,Jednojezdniowa dwukierunkowa,N,POWIAT MAKOWSKI,KARNIEWO - OBSZAR WIEJSKI
1,0,1,2019,Pochmurno,Wywrócenie się pojazdu,Pochmurno,Światło dzienne,"Wjazd, wyjazd z posesji, pola",EWK-107868850E,18,2019-04-11,Ciężko,21*10'411,51*24'208,G530110W,Obszar zabudowany,Odcinek prosty,Droga gminna,Jednojezdniowa dwukierunkowa,N,POWIAT RADOM,RADOM - OBSZAR MIEJSKI
1,0,0,2019,Pochmurno,Wywrócenie się pojazdu,Pochmurno,Światło dzienne,"Wjazd, wyjazd z posesji, pola",EWK-107868850E,18,2019-04-11,Nieokreślone (puste pole),21*10'411,51*24'208,G530110W,Obszar zabudowany,Odcinek prosty,Droga gminna,Jednojezdniowa dwukierunkowa,N,POWIAT RADOM,RADOM - OBSZAR MIEJSKI
1,0,1,2019,Pochmurno,Wywrócenie się pojazdu,Pochmurno,"Świt, zmrok",Jezdnia,EWK-108488449X,6,2019-12-14,Ciężko,20*43'105,51*45'393,114W,Obszar niezabudowany,Odcinek prosty,Droga powiatowa,Jednojezdniowa dwukierunkowa,N,POWIAT GRÓJECKI,BŁĘDÓW - OBSZAR WIEJSKI
1,0,1,2019,Pochmurno,Wywrócenie się pojazdu,Pochmurno,"Świt, zmrok",Jezdnia,EWK-108488449X,6,2019-12-14,Lekko,20*43'105,51*45'393,114W,Obszar niezabudowany,Odcinek prosty,Droga powiatowa,Jednojezdniowa dwukierunkowa,N,POWIAT GRÓJECKI,BŁĘDÓW - OBSZAR WIEJSKI
1,0,0,2019,Pochmurno,Wywrócenie się pojazdu,Pochmurno,"Świt, zmrok",Jezdnia,EWK-108488449X,6,2019-12-14,Nieokreślone (puste pole),20*43'105,51*45'393,114W,Obszar niezabudowany,Odcinek prosty,Droga powiatowa,Jednojezdniowa dwukierunkowa,N,POWIAT GRÓJECKI,BŁĘDÓW - OBSZAR WIEJSKI
1,0,1,2019,Pochmurno,Wywrócenie się pojazdu,Pochmurno,"Świt, zmrok",Jezdnia,EWK-108501033U,7,2019-12-17,Lekko,21*38'385,51*09'190,GMINNA,Obszar zabudowany,"Zakręt, łuk",Droga gminna,Jednojezdniowa dwukierunkowa,N,POWIAT LIPSKI,LIPSKO - OBSZAR MIEJSKI
1,0,1,2019,Pochmurno,Zdarzenie z pasażerem,Pochmurno,Światło dzienne,Jezdnia,EWK-107947385K,13,2019-05-22,Lekko,21*09'537,51*24'251,P5312W,Obszar zabudowany,Odcinek prosty,Droga powiatowa,Jednojezdniowa dwukierunkowa,N,POWIAT RADOM,RADOM - OBSZAR MIEJSKI
1,0,0,2019,Pochmurno,Zdarzenie z pasażerem,Pochmurno,Światło dzienne,Jezdnia,EWK-107947385K,13,2019-05-22,Nieokreślone (puste pole),21*09'537,51*24'251,P5312W,Obszar zabudowany,Odcinek prosty,Droga powiatowa,Jednojezdniowa dwukierunkowa,N,POWIAT RADOM,RADOM - OBSZAR MIEJSKI
1,0,1,2019,Pochmurno,Zdarzenie z pasażerem,Pochmurno,Światło dzienne,Jezdnia,EWK-108208941A,13,2019-10-05,Lekko,21*09'342,51*25'466,G530082W,Obszar zabudowany,"Zakręt, łuk",Droga gminna,Jednojezdniowa dwukierunkowa,N,POWIAT RADOM,RADOM - OBSZAR MIEJSKI
1,0,0,2019,Pochmurno,Zdarzenie z pasażerem,Pochmurno,Światło dzienne,Jezdnia,EWK-108208941A,13,2019-10-05,Nieokreślone (puste pole),21*09'342,51*25'466,G530082W,Obszar zabudowany,"Zakręt, łuk",Droga gminna,Jednojezdniowa dwukierunkowa,N,POWIAT RADOM,RADOM - OBSZAR MIEJSKI
1,1,0,2019,Pochmurno,Zderzenie pojazdów boczne,Pochmurno,Noc - droga nieoświetlona,Jezdnia,EWK-108288954F,21,2019-11-02,Nieokreślone (puste pole),21*52'306,52*54'467,677,Obszar niezabudowany,,Droga wojewódzka,Jednojezdniowa dwukierunkowa,N,POWIAT OSTROŁĘCKI,CZERWIN - OBSZAR WIEJSKI
1,0,1,2019,Pochmurno,Zderzenie pojazdów boczne,Pochmurno,Noc - droga nieoświetlona,Jezdnia,EWK-108365877G,18,2019-11-25,Ciężko,21*23'576,52*55'253,61,Obszar niezabudowany,Odcinek prosty,Droga krajowa,Jednojezdniowa dwukierunkowa,N,POWIAT MAKOWSKI,MŁYNARZE - OBSZAR WIEJSKI
1,0,0,2019,Pochmurno,Zderzenie pojazdów boczne,Pochmurno,Noc - droga nieoświetlona,Jezdnia,EWK-108365877G,18,2019-11-25,Nieokreślone (puste pole),21*23'576,52*55'253,61,Obszar niezabudowany,Odcinek prosty,Droga krajowa,Jednojezdniowa dwukierunkowa,N,POWIAT MAKOWSKI,MŁYNARZE - OBSZAR WIEJSKI
1,0,2,2019,Pochmurno,Zderzenie pojazdów boczne,Pochmurno,Noc - droga nieoświetlona,Jezdnia,EWK-108394454H,17,2019-11-29,Lekko,19*30'026,52*54'583,GMINNA,Obszar niezabudowany,,Droga gminna,Jednojezdniowa dwukierunkowa,N,POWIAT SIERPECKI,SZCZUTOWO - OBSZAR WIEJSKI
1,0,1,2019,Pochmurno,Zderzenie pojazdów boczne,Pochmurno,Noc - droga oświetlona,Jezdnia,EWK-107621876R,6,2019-01-11,Lekko,21*04'125,51*19'291,733,Obszar zabudowany,,Droga wojewódzka,Jednojezdniowa dwukierunkowa,N,POWIAT RADOMSKI,KOWALA - OBSZAR WIEJSKI
1,0,0,2019,Pochmurno,Zderzenie pojazdów boczne,Pochmurno,Noc - droga oświetlona,Jezdnia,EWK-107621876R,6,2019-01-11,Nieokreślone (puste pole),21*04'125,51*19'291,733,Obszar zabudowany,,Droga wojewódzka,Jednojezdniowa dwukierunkowa,N,POWIAT RADOMSKI,KOWALA - OBSZAR WIEJSKI
1,0,1,2019,Pochmurno,Zderzenie pojazdów boczne,Pochmurno,Noc - droga oświetlona,Jezdnia,EWK-107748501H,20,2019-03-09,Lekko,21*10'255,51*24'313,P5329W,Obszar zabudowany,,Droga powiatowa,Jednojezdniowa dwukierunkowa,N,POWIAT RADOM,RADOM - OBSZAR MIEJSKI
1,0,0,2019,Pochmurno,Zderzenie pojazdów boczne,Pochmurno,Noc - droga oświetlona,Jezdnia,EWK-107748501H,20,2019-03-09,Nieokreślone (puste pole),21*10'255,51*24'313,P5329W,Obszar zabudowany,,Droga powiatowa,Jednojezdniowa dwukierunkowa,N,POWIAT RADOM,RADOM - OBSZAR MIEJSKI
1,0,2,2019,Pochmurno,Zderzenie pojazdów boczne,Pochmurno,Noc - droga oświetlona,Jezdnia,EWK-107753697L,20,2019-03-12,Lekko,20*59'139,52*50'203,60,Obszar zabudowany,,Droga krajowa,Jednojezdniowa dwukierunkowa,N,POWIAT MAKOWSKI,KARNIEWO - OBSZAR WIEJSKI
1,0,0,2019,Pochmurno,Zderzenie pojazdów boczne,Pochmurno,Noc - droga oświetlona,Jezdnia,EWK-107753697L,20,2019-03-12,Nieokreślone (puste pole),20*59'139,52*50'203,60,Obszar zabudowany,,Droga krajowa,Jednojezdniowa dwukierunkowa,N,POWIAT MAKOWSKI,KARNIEWO - OBSZAR WIEJSKI
1,0,3,2019,Pochmurno,Zderzenie pojazdów boczne,Pochmurno,Noc - droga oświetlona,Jezdnia,EWK-107937741C,23,2019-05-15,Lekko,21*09'413,51*23'523,P5309W,Obszar zabudowany,,Droga powiatowa,Jednojezdniowa dwukierunkowa,N,POWIAT RADOM,RADOM - OBSZAR MIEJSKI
1,0,1,2019,Pochmurno,Zderzenie pojazdów boczne,Pochmurno,Noc - droga oświetlona,Jezdnia,EWK-108314150Y,19,2019-11-09,Lekko,20*37'350,51*21'241,G330626W,Obszar zabudowany,,Droga gminna,Jednokierunkowa,N,POWIAT PRZYSUSKI,PRZYSUCHA - OBSZAR MIEJSKI
1,0,0,2019,Pochmurno,Zderzenie pojazdów boczne,Pochmurno,Noc - droga oświetlona,Jezdnia,EWK-108314150Y,19,2019-11-09,Nieokreślone (puste pole),20*37'350,51*21'241,G330626W,Obszar zabudowany,,Droga gminna,Jednokierunkowa,N,POWIAT PRZYSUSKI,PRZYSUCHA - OBSZAR MIEJSKI
1,0,1,2019,Pochmurno,Zderzenie pojazdów boczne,Pochmurno,Noc - droga oświetlona,Jezdnia,EWK-108486701H,21,2019-12-13,Ciężko,21*23'264,52*42'115,4407W,Obszar zabudowany,Odcinek prosty,Droga powiatowa,Jednojezdniowa dwukierunkowa,N,POWIAT WYSZKOWSKI,RZĄŚNIK - OBSZAR WIEJSKI
1,0,0,2019,Pochmurno,Zderzenie pojazdów boczne,Pochmurno,Noc - droga oświetlona,Jezdnia,EWK-108486701H,21,2019-12-13,Nieokreślone (puste pole),21*23'264,52*42'115,4407W,Obszar zabudowany,Odcinek prosty,Droga powiatowa,Jednojezdniowa dwukierunkowa,N,POWIAT WYSZKOWSKI,RZĄŚNIK - OBSZAR WIEJSKI
1,0,1,2019,Pochmurno,Zderzenie pojazdów boczne,Pochmurno,Noc - droga oświetlona,Jezdnia,EWK-108491035A,22,2019-12-14,Ciężko,21*08'040,51*28'192,7,Obszar zabudowany,,Droga krajowa,Dwie jezdnie jednokierunkowe,N,POWIAT RADOMSKI,JEDLIŃSK - OBSZAR WIEJSKI
1,0,0,2019,Pochmurno,Zderzenie pojazdów boczne,Pochmurno,Noc - droga oświetlona,Jezdnia,EWK-108491035A,22,2019-12-14,Nieokreślone (puste pole),21*08'040,51*28'192,7,Obszar zabudowany,,Droga krajowa,Dwie jezdnie jednokierunkowe,N,POWIAT RADOMSKI,JEDLIŃSK - OBSZAR WIEJSKI
1,0,1,2019,Pochmurno,Zderzenie pojazdów boczne,Pochmurno,Noc - droga oświetlona,Jezdnia,EWK-108498531R,16,2019-12-18,Lekko,21*37'449,51*47'503,P1345W,Obszar zabudowany,,Droga powiatowa,Jednojezdniowa dwukierunkowa,N,POWIAT GARWOLIŃSKI,ŁASKARZEW - OBSZAR WIEJSKI
1,0,0,2019,Pochmurno,Zderzenie pojazdów boczne,Pochmurno,Noc - droga oświetlona,Jezdnia,EWK-108498531R,16,2019-12-18,Nieokreślone (puste pole),21*37'449,51*47'503,P1345W,Obszar zabudowany,,Droga powiatowa,Jednojezdniowa dwukierunkowa,N,POWIAT GARWOLIŃSKI,ŁASKARZEW - OBSZAR WIEJSKI
1,0,1,2019,Pochmurno,Zderzenie pojazdów boczne,Pochmurno,Światło dzienne,Jezdnia,EWK-107587651C,15,2019-01-07,Lekko,21*07'187,51*30'438,P3515W,Obszar zabudowany,,Droga powiatowa,Jednojezdniowa dwukierunkowa,N,POWIAT RADOMSKI,JEDLIŃSK - OBSZAR WIEJSKI
1,0,0,2019,Pochmurno,Zderzenie pojazdów boczne,Pochmurno,Światło dzienne,Jezdnia,EWK-107587651C,15,2019-01-07,Nieokreślone (puste pole),21*07'187,51*30'438,P3515W,Obszar zabudowany,,Droga powiatowa,Jednojezdniowa dwukierunkowa,N,POWIAT RADOMSKI,JEDLIŃSK - OBSZAR WIEJSKI
1,0,1,2019,Pochmurno,Zderzenie pojazdów boczne,Pochmurno,Światło dzienne,Jezdnia,EWK-107635084G,14,2019-01-14,Lekko,22*15'491,52*24'271,P3921W,Obszar zabudowany,,Droga powiatowa,Jednojezdniowa dwukierunkowa,N,POWIAT SOKOŁOWSKI,SOKOŁÓW PODLASKI - OBSZAR MIEJSKI
1,0,0,2019,Pochmurno,Zderzenie pojazdów boczne,Pochmurno,Światło dzienne,Jezdnia,EWK-107635084G,14,2019-01-14,Nieokreślone (puste pole),22*15'491,52*24'271,P3921W,Obszar zabudowany,,Droga powiatowa,Jednojezdniowa dwukierunkowa,N,POWIAT SOKOŁOWSKI,SOKOŁÓW PODLASKI - OBSZAR MIEJSKI
1,0,1,2019,Pochmurno,Zderzenie pojazdów boczne,Pochmurno,Światło dzienne,Jezdnia,EWK-107658624L,15,2019-01-21,Ciężko,21*16'384,51*24'208,GMINNA,Obszar zabudowany,,Droga gminna,Jednojezdniowa dwukierunkowa,N,POWIAT RADOMSKI,JEDLNIA-LETNISKO - OBSZAR WIEJSKI