Liczba wypadków,Liczba zabitych,Liczba rannych,Rok,Warunki atmosferyczne,Rodzaj zdarzenia,Warunki atmosferyczne,Oświetlenie,Charakterystyka miejsca zdarzenia,IDKSIP zdarzenia,Godzina,Dzień,Ranny,GPS x,GPS y,Numer drogi,Obszar,Geometria drogi,Kategoria drogi 1,Rodzaj drogi,Czy w zdarzeniu był sprawca nietrzeźwy,Powiat,Gmina
1,0,0,2019,Pochmurno,Zderzenie pojazdów boczne,Pochmurno,Światło dzienne,Jezdnia,EWK-108300025X,10,2019-11-07,Nieokreślone (puste pole),21*09'529,51*25'287,9,Obszar zabudowany,Odcinek prosty,Droga krajowa,Dwie jezdnie jednokierunkowe,N,POWIAT RADOM,RADOM - OBSZAR MIEJSKI
1,0,1,2019,Pochmurno,Zderzenie pojazdów boczne,Pochmurno,Światło dzienne,Jezdnia,EWK-108317308P,13,2019-11-13,Ciężko,21*10'085,51*25'042,G530115W,Obszar zabudowany,,Droga gminna,Jednojezdniowa dwukierunkowa,N,POWIAT RADOM,RADOM - OBSZAR MIEJSKI
1,0,2,2019,Pochmurno,Zderzenie pojazdów boczne,Pochmurno,Światło dzienne,Jezdnia,EWK-108317308P,13,2019-11-13,Lekko,21*10'085,51*25'042,G530115W,Obszar zabudowany,,Droga gminna,Jednojezdniowa dwukierunkowa,N,POWIAT RADOM,RADOM - OBSZAR MIEJSKI
1,0,0,2019,Pochmurno,Zderzenie pojazdów boczne,Pochmurno,Światło dzienne,Jezdnia,EWK-108317308P,13,2019-11-13,Nieokreślone (puste pole),21*10'085,51*25'042,G530115W,Obszar zabudowany,,Droga gminna,Jednojezdniowa dwukierunkowa,N,POWIAT RADOM,RADOM - OBSZAR MIEJSKI
1,0,1,2019,Pochmurno,Zderzenie pojazdów boczne,Pochmurno,Światło dzienne,Jezdnia,EWK-108362621L,10,2019-11-24,Lekko,20*54'221,51*52'339,K50S,Obszar niezabudowany,,Droga krajowa,Jednojezdniowa dwukierunkowa,N,POWIAT GRÓJECKI,GRÓJEC - OBSZAR WIEJSKI
1,0,0,2019,Pochmurno,Zderzenie pojazdów boczne,Pochmurno,Światło dzienne,Jezdnia,EWK-108362621L,10,2019-11-24,Nieokreślone (puste pole),20*54'221,51*52'339,K50S,Obszar niezabudowany,,Droga krajowa,Jednojezdniowa dwukierunkowa,N,POWIAT GRÓJECKI,GRÓJEC - OBSZAR WIEJSKI
1,0,1,2019,Pochmurno,Zderzenie pojazdów boczne,Pochmurno,Światło dzienne,Jezdnia,EWK-108378452W,7,2019-11-29,Lekko,20*23'437,53*07'581,7,Obszar niezabudowany,,Droga krajowa,Jednojezdniowa dwukierunkowa,N,POWIAT MŁAWSKI,MŁAWA - OBSZAR MIEJSKI
1,0,0,2019,Pochmurno,Zderzenie pojazdów boczne,Pochmurno,Światło dzienne,Jezdnia,EWK-108378452W,7,2019-11-29,Nieokreślone (puste pole),20*23'437,53*07'581,7,Obszar niezabudowany,,Droga krajowa,Jednojezdniowa dwukierunkowa,N,POWIAT MŁAWSKI,MŁAWA - OBSZAR MIEJSKI
1,0,1,2019,Pochmurno,Zderzenie pojazdów boczne,Pochmurno,Światło dzienne,Jezdnia,EWK-108409625H,13,2019-12-02,Lekko,19*42'373,52*33'079,5210W,Obszar zabudowany,,Droga powiatowa,Dwie jezdnie jednokierunkowe,N,POWIAT PŁOCK,PŁOCK - OBSZAR MIEJSKI
1,0,0,2019,Pochmurno,Zderzenie pojazdów boczne,Pochmurno,Światło dzienne,Jezdnia,EWK-108409625H,13,2019-12-02,Nieokreślone (puste pole),19*42'373,52*33'079,5210W,Obszar zabudowany,,Droga powiatowa,Dwie jezdnie jednokierunkowe,N,POWIAT PŁOCK,PŁOCK - OBSZAR MIEJSKI
1,0,1,2019,Pochmurno,Zderzenie pojazdów boczne,Pochmurno,Światło dzienne,Jezdnia,EWK-108455010H,8,2019-12-13,Lekko,22*18'023,52*10'095,GMINNA,Obszar zabudowany,,Droga gminna,Jednojezdniowa dwukierunkowa,N,POWIAT SIEDLCE,SIEDLCE - OBSZAR MIEJSKI
1,0,0,2019,Pochmurno,Zderzenie pojazdów boczne,Pochmurno,Światło dzienne,Jezdnia,EWK-108455010H,8,2019-12-13,Nieokreślone (puste pole),22*18'023,52*10'095,GMINNA,Obszar zabudowany,,Droga gminna,Jednojezdniowa dwukierunkowa,N,POWIAT SIEDLCE,SIEDLCE - OBSZAR MIEJSKI
1,0,1,2019,Pochmurno,Zderzenie pojazdów boczne,Pochmurno,Światło dzienne,Jezdnia,EWK-108488365W,12,2019-12-14,Lekko,21*13'101,51*25'285,GMINNA,Obszar zabudowany,Odcinek prosty,Droga gminna,Jednojezdniowa dwukierunkowa,N,POWIAT RADOM,RADOM - OBSZAR MIEJSKI
1,0,0,2019,Pochmurno,Zderzenie pojazdów boczne,Pochmurno,Światło dzienne,Jezdnia,EWK-108488365W,12,2019-12-14,Nieokreślone (puste pole),21*13'101,51*25'285,GMINNA,Obszar zabudowany,Odcinek prosty,Droga gminna,Jednojezdniowa dwukierunkowa,N,POWIAT RADOM,RADOM - OBSZAR MIEJSKI
1,0,1,2019,Pochmurno,Zderzenie pojazdów boczne,Pochmurno,Światło dzienne,Jezdnia,EWK-108495252W,6,2019-12-17,Lekko,20*26'354,52*03'039,GMINNA,Obszar zabudowany,,Droga gminna,Jednojezdniowa dwukierunkowa,N,POWIAT ŻYRARDOWSKI,ŻYRARDÓW - OBSZAR MIEJSKI
1,0,0,2019,Pochmurno,Zderzenie pojazdów boczne,Pochmurno,Światło dzienne,Jezdnia,EWK-108495252W,6,2019-12-17,Nieokreślone (puste pole),20*26'354,52*03'039,GMINNA,Obszar zabudowany,,Droga gminna,Jednojezdniowa dwukierunkowa,N,POWIAT ŻYRARDOWSKI,ŻYRARDÓW - OBSZAR MIEJSKI
1,0,2,2019,Pochmurno,Zderzenie pojazdów boczne,Pochmurno,Światło dzienne,Jezdnia,EWK-108501394X,13,2019-12-19,Lekko,21*04'473,51*25'062,740,Obszar zabudowany,Odcinek prosty,Droga wojewódzka,Jednojezdniowa dwukierunkowa,N,POWIAT RADOMSKI,ZAKRZEW - OBSZAR WIEJSKI
1,0,0,2019,Pochmurno,Zderzenie pojazdów boczne,Pochmurno,Światło dzienne,Jezdnia,EWK-108501394X,13,2019-12-19,Nieokreślone (puste pole),21*04'473,51*25'062,740,Obszar zabudowany,Odcinek prosty,Droga wojewódzka,Jednojezdniowa dwukierunkowa,N,POWIAT RADOMSKI,ZAKRZEW - OBSZAR WIEJSKI
1,0,1,2019,Pochmurno,Zderzenie pojazdów boczne,Pochmurno,Światło dzienne,Jezdnia,EWK-108504151P,13,2019-12-20,Lekko,21*29'434,53*06'321,G250914W,Obszar zabudowany,,Droga gminna,Jednojezdniowa dwukierunkowa,N,POWIAT OSTROŁĘCKI,OLSZEWO-BORKI - OBSZAR WIEJSKI
1,1,0,2019,Pochmurno,Zderzenie pojazdów boczne,Pochmurno,Światło dzienne,Jezdnia,EWK-108504151P,13,2019-12-20,Nieokreślone (puste pole),21*29'434,53*06'321,G250914W,Obszar zabudowany,,Droga gminna,Jednojezdniowa dwukierunkowa,N,POWIAT OSTROŁĘCKI,OLSZEWO-BORKI - OBSZAR WIEJSKI
1,0,1,2019,Pochmurno,Zderzenie pojazdów boczne,Pochmurno,Światło dzienne,Przejazd dla rowerzystów,EWK-108035709M,14,2019-07-11,Lekko,22*15'172,52*10'011,GMINNA,Obszar zabudowany,,Droga gminna,Jednojezdniowa dwukierunkowa,N,POWIAT SIEDLCE,SIEDLCE - OBSZAR MIEJSKI
1,0,0,2019,Pochmurno,Zderzenie pojazdów boczne,Pochmurno,Światło dzienne,Przejazd dla rowerzystów,EWK-108035709M,14,2019-07-11,Nieokreślone (puste pole),22*15'172,52*10'011,GMINNA,Obszar zabudowany,,Droga gminna,Jednojezdniowa dwukierunkowa,N,POWIAT SIEDLCE,SIEDLCE - OBSZAR MIEJSKI
1,0,1,2019,Pochmurno,Zderzenie pojazdów boczne,Pochmurno,Światło dzienne,Przejazd dla rowerzystów,EWK-108146221C,16,2019-09-09,Lekko,20*14'241,52*13'556,3840W,Obszar zabudowany,Odcinek prosty,Droga powiatowa,Jednojezdniowa dwukierunkowa,N,POWIAT SOCHACZEWSKI,SOCHACZEW - OBSZAR MIEJSKI
1,0,0,2019,Pochmurno,Zderzenie pojazdów boczne,Pochmurno,Światło dzienne,Przejazd dla rowerzystów,EWK-108146221C,16,2019-09-09,Nieokreślone (puste pole),20*14'241,52*13'556,3840W,Obszar zabudowany,Odcinek prosty,Droga powiatowa,Jednojezdniowa dwukierunkowa,N,POWIAT SOCHACZEWSKI,SOCHACZEW - OBSZAR MIEJSKI
1,0,1,2019,Pochmurno,Zderzenie pojazdów boczne,Pochmurno,Światło dzienne,Przejazd dla rowerzystów,EWK-108504124U,12,2019-12-07,Ciężko,21*09'417,51*23'036,12,Obszar zabudowany,,Droga krajowa,Jednokierunkowa,N,POWIAT RADOM,RADOM - OBSZAR MIEJSKI
1,0,0,2019,Pochmurno,Zderzenie pojazdów boczne,Pochmurno,Światło dzienne,Przejazd dla rowerzystów,EWK-108504124U,12,2019-12-07,Nieokreślone (puste pole),21*09'417,51*23'036,12,Obszar zabudowany,,Droga krajowa,Jednokierunkowa,N,POWIAT RADOM,RADOM - OBSZAR MIEJSKI
1,0,1,2019,Pochmurno,Zderzenie pojazdów boczne,Pochmurno,Światło dzienne,Przejście dla pieszych,EWK-107922934H,14,2019-05-13,Lekko,20*26'317,52*03'496,GMINNA,Obszar zabudowany,,Droga gminna,Jednojezdniowa dwukierunkowa,N,POWIAT ŻYRARDOWSKI,ŻYRARDÓW - OBSZAR MIEJSKI
1,0,0,2019,Pochmurno,Zderzenie pojazdów boczne,Pochmurno,Światło dzienne,Przejście dla pieszych,EWK-107922934H,14,2019-05-13,Nieokreślone (puste pole),20*26'317,52*03'496,GMINNA,Obszar zabudowany,,Droga gminna,Jednojezdniowa dwukierunkowa,N,POWIAT ŻYRARDOWSKI,ŻYRARDÓW - OBSZAR MIEJSKI
1,0,1,2019,Pochmurno,Zderzenie pojazdów boczne,Pochmurno,Światło dzienne,Przejście dla pieszych,EWK-107953963F,15,2019-05-29,Lekko,21*09'316,51*22'517,P3539W,Obszar zabudowany,Odcinek prosty,Droga powiatowa,Dwie jezdnie jednokierunkowe,N,POWIAT RADOM,RADOM - OBSZAR MIEJSKI
1,0,0,2019,Pochmurno,Zderzenie pojazdów boczne,Pochmurno,Światło dzienne,Przejście dla pieszych,EWK-107953963F,15,2019-05-29,Nieokreślone (puste pole),21*09'316,51*22'517,P3539W,Obszar zabudowany,Odcinek prosty,Droga powiatowa,Dwie jezdnie jednokierunkowe,N,POWIAT RADOM,RADOM - OBSZAR MIEJSKI
1,0,1,2019,Pochmurno,Zderzenie pojazdów boczne,Pochmurno,Światło dzienne,Przejście dla pieszych,EWK-108256579T,8,2019-10-25,Ciężko,21*35'332,53*04'146,P5119W,Obszar zabudowany,Odcinek prosty,Droga powiatowa,Dwie jezdnie jednokierunkowe,N,POWIAT OSTROŁĘKA,OSTROŁĘKA - OBSZAR MIEJSKI
1,0,0,2019,Pochmurno,Zderzenie pojazdów boczne,Pochmurno,Światło dzienne,Przejście dla pieszych,EWK-108256579T,8,2019-10-25,Nieokreślone (puste pole),21*35'332,53*04'146,P5119W,Obszar zabudowany,Odcinek prosty,Droga powiatowa,Dwie jezdnie jednokierunkowe,N,POWIAT OSTROŁĘKA,OSTROŁĘKA - OBSZAR MIEJSKI
1,0,1,2019,Pochmurno,Zderzenie pojazdów boczne,Pochmurno,Światło dzienne,"Wjazd, wyjazd z posesji, pola",EWK-107784288G,13,2019-03-25,Lekko,21*08'422,51*25'585,G530049W,Obszar zabudowany,Odcinek prosty,Droga gminna,Jednojezdniowa dwukierunkowa,N,POWIAT RADOM,RADOM - OBSZAR MIEJSKI
1,0,0,2019,Pochmurno,Zderzenie pojazdów boczne,Pochmurno,Światło dzienne,"Wjazd, wyjazd z posesji, pola",EWK-107784288G,13,2019-03-25,Nieokreślone (puste pole),21*08'422,51*25'585,G530049W,Obszar zabudowany,Odcinek prosty,Droga gminna,Jednojezdniowa dwukierunkowa,N,POWIAT RADOM,RADOM - OBSZAR MIEJSKI
1,0,1,2019,Pochmurno,Zderzenie pojazdów boczne,Pochmurno,Światło dzienne,"Wjazd, wyjazd z posesji, pola",EWK-108176170L,7,2019-09-23,Lekko,19*40'293,52*33'009,G520023W,Obszar zabudowany,Odcinek prosty,Droga gminna,Jednojezdniowa dwukierunkowa,N,POWIAT PŁOCK,PŁOCK - OBSZAR MIEJSKI
1,0,0,2019,Pochmurno,Zderzenie pojazdów boczne,Pochmurno,Światło dzienne,"Wjazd, wyjazd z posesji, pola",EWK-108176170L,7,2019-09-23,Nieokreślone (puste pole),19*40'293,52*33'009,G520023W,Obszar zabudowany,Odcinek prosty,Droga gminna,Jednojezdniowa dwukierunkowa,N,POWIAT PŁOCK,PŁOCK - OBSZAR MIEJSKI
1,0,1,2019,Pochmurno,Zderzenie pojazdów boczne,Pochmurno,"Świt, zmrok",Jezdnia,EWK-107638872G,17,2019-01-15,Lekko,20*08'431,52*14'435,3819W,Obszar niezabudowany,,Droga powiatowa,Jednojezdniowa dwukierunkowa,N,POWIAT SOCHACZEWSKI,RYBNO - OBSZAR WIEJSKI
1,0,0,2019,Pochmurno,Zderzenie pojazdów boczne,Pochmurno,"Świt, zmrok",Jezdnia,EWK-107638872G,17,2019-01-15,Nieokreślone (puste pole),20*08'431,52*14'435,3819W,Obszar niezabudowany,,Droga powiatowa,Jednojezdniowa dwukierunkowa,N,POWIAT SOCHACZEWSKI,RYBNO - OBSZAR WIEJSKI
1,1,0,2019,Pochmurno,Zderzenie pojazdów boczne,Pochmurno,"Świt, zmrok",Jezdnia,EWK-108110313J,5,2019-08-21,Nieokreślone (puste pole),22*13'220,52*13'302,696,Obszar niezabudowany,"Zakręt, łuk",Droga wojewódzka,Jednojezdniowa dwukierunkowa,N,POWIAT SIEDLECKI,SIEDLCE - OBSZAR WIEJSKI
1,0,1,2019,Pochmurno,Zderzenie pojazdów boczne,Pochmurno,"Świt, zmrok",Jezdnia,EWK-108325185U,17,2019-11-15,Ciężko,21*42'361,52*32'334,50,Obszar niezabudowany,Odcinek prosty,Droga krajowa,Jednojezdniowa dwukierunkowa,N,POWIAT WĘGROWSKI,ŁOCHÓW - OBSZAR WIEJSKI
1,0,0,2019,Pochmurno,Zderzenie pojazdów boczne,Pochmurno,"Świt, zmrok",Jezdnia,EWK-108325185U,17,2019-11-15,Nieokreślone (puste pole),21*42'361,52*32'334,50,Obszar niezabudowany,Odcinek prosty,Droga krajowa,Jednojezdniowa dwukierunkowa,N,POWIAT WĘGROWSKI,ŁOCHÓW - OBSZAR WIEJSKI
1,0,1,2019,Pochmurno,Zderzenie pojazdów boczne,Pochmurno,"Świt, zmrok",Jezdnia,EWK-108337238W,6,2019-11-19,Lekko,20*23'099,52*37'291,W632,Obszar zabudowany,,Droga wojewódzka,Jednojezdniowa dwukierunkowa,N,POWIAT PŁOŃSKI,PŁOŃSK - OBSZAR MIEJSKI
1,0,0,2019,Pochmurno,Zderzenie pojazdów boczne,Pochmurno,"Świt, zmrok",Jezdnia,EWK-108337238W,6,2019-11-19,Nieokreślone (puste pole),20*23'099,52*37'291,W632,Obszar zabudowany,,Droga wojewódzka,Jednojezdniowa dwukierunkowa,N,POWIAT PŁOŃSKI,PŁOŃSK - OBSZAR MIEJSKI
1,0,1,2019,Pochmurno,Zderzenie pojazdów boczne,Pochmurno,"Świt, zmrok",Jezdnia,EWK-108422927M,17,2019-12-08,Ciężko,21*23'040,51*45'083,79,Obszar zabudowany,Odcinek prosty,Droga krajowa,Jednojezdniowa dwukierunkowa,N,POWIAT KOZIENICKI,MAGNUSZEW - OBSZAR WIEJSKI
1,0,1,2019,Pochmurno,Zderzenie pojazdów boczne,Pochmurno,"Świt, zmrok",Jezdnia,EWK-108422927M,17,2019-12-08,Lekko,21*23'040,51*45'083,79,Obszar zabudowany,Odcinek prosty,Droga krajowa,Jednojezdniowa dwukierunkowa,N,POWIAT KOZIENICKI,MAGNUSZEW - OBSZAR WIEJSKI
1,0,0,2019,Pochmurno,Zderzenie pojazdów boczne,Pochmurno,"Świt, zmrok",Jezdnia,EWK-108422927M,17,2019-12-08,Nieokreślone (puste pole),21*23'040,51*45'083,79,Obszar zabudowany,Odcinek prosty,Droga krajowa,Jednojezdniowa dwukierunkowa,N,POWIAT KOZIENICKI,MAGNUSZEW - OBSZAR WIEJSKI
1,0,2,2019,Pochmurno,Zderzenie pojazdów boczne,Pochmurno,"Świt, zmrok",Jezdnia,EWK-108423643W,15,2019-12-08,Lekko,20*58'538,52*51'033,3238W,Obszar niezabudowany,,Droga powiatowa,Jednojezdniowa dwukierunkowa,N,POWIAT MAKOWSKI,KARNIEWO - OBSZAR WIEJSKI
1,0,0,2019,Pochmurno,Zderzenie pojazdów boczne,Pochmurno,"Świt, zmrok",Jezdnia,EWK-108423643W,15,2019-12-08,Nieokreślone (puste pole),20*58'538,52*51'033,3238W,Obszar niezabudowany,,Droga powiatowa,Jednojezdniowa dwukierunkowa,N,POWIAT MAKOWSKI,KARNIEWO - OBSZAR WIEJSKI
1,0,1,2019,Pochmurno,Zderzenie pojazdów boczne,Pochmurno,"Świt, zmrok",Jezdnia,EWK-108430152D,16,2019-12-10,Ciężko,20*35'562,52*53'056,615,Obszar zabudowany,Odcinek prosty,Droga wojewódzka,Jednojezdniowa dwukierunkowa,N,POWIAT CIECHANOWSKI,CIECHANÓW - OBSZAR MIEJSKI
1,0,0,2019,Pochmurno,Zderzenie pojazdów boczne,Pochmurno,"Świt, zmrok",Jezdnia,EWK-108430152D,16,2019-12-10,Nieokreślone (puste pole),20*35'562,52*53'056,615,Obszar zabudowany,Odcinek prosty,Droga wojewódzka,Jednojezdniowa dwukierunkowa,N,POWIAT CIECHANOWSKI,CIECHANÓW - OBSZAR MIEJSKI
1,0,1,2019,Pochmurno,Zderzenie pojazdów boczne,Pochmurno,"Świt, zmrok",Jezdnia,EWK-108486368G,6,2019-12-13,Lekko,22*15'47,52*38'488,63,Obszar niezabudowany,Odcinek prosty,Droga krajowa,Jednojezdniowa dwukierunkowa,N,POWIAT SOKOŁOWSKI,CERANÓW - OBSZAR WIEJSKI
1,0,0,2019,Pochmurno,Zderzenie pojazdów boczne,Pochmurno,"Świt, zmrok",Jezdnia,EWK-108486368G,6,2019-12-13,Nieokreślone (puste pole),22*15'47,52*38'488,63,Obszar niezabudowany,Odcinek prosty,Droga krajowa,Jednojezdniowa dwukierunkowa,N,POWIAT SOKOŁOWSKI,CERANÓW - OBSZAR WIEJSKI
1,0,1,2019,Pochmurno,Zderzenie pojazdów boczne,Pochmurno,"Świt, zmrok",Jezdnia,EWK-108502939E,15,2019-12-19,Lekko,21*43'061,51*22'352,12,Obszar niezabudowany,,Droga krajowa,Jednojezdniowa dwukierunkowa,N,POWIAT ZWOLEŃSKI,PRZYŁĘK - OBSZAR WIEJSKI
1,0,0,2019,Pochmurno,Zderzenie pojazdów boczne,Pochmurno,"Świt, zmrok",Jezdnia,EWK-108502939E,15,2019-12-19,Nieokreślone (puste pole),21*43'061,51*22'352,12,Obszar niezabudowany,,Droga krajowa,Jednojezdniowa dwukierunkowa,N,POWIAT ZWOLEŃSKI,PRZYŁĘK - OBSZAR WIEJSKI
1,0,1,2019,Pochmurno,Zderzenie pojazdów boczne,Pochmurno,"Świt, zmrok",Jezdnia,EWK-108504235J,6,2019-12-20,Lekko,21*40'221,51*28'018,P1742W,Obszar zabudowany,,Droga powiatowa,Jednojezdniowa dwukierunkowa,N,POWIAT ZWOLEŃSKI,POLICZNA - OBSZAR WIEJSKI
1,0,0,2019,Pochmurno,Zderzenie pojazdów boczne,Pochmurno,"Świt, zmrok",Jezdnia,EWK-108504235J,6,2019-12-20,Nieokreślone (puste pole),21*40'221,51*28'018,P1742W,Obszar zabudowany,,Droga powiatowa,Jednojezdniowa dwukierunkowa,N,POWIAT ZWOLEŃSKI,POLICZNA - OBSZAR WIEJSKI
1,0,1,2019,Pochmurno,Zderzenie pojazdów boczne,Pochmurno,"Świt, zmrok",Jezdnia,EWK-108521520E,6,2019-12-30,Ciężko,20*05'41,53*10'89,P4602W,Obszar zabudowany,,Droga powiatowa,Jednojezdniowa dwukierunkowa,N,POWIAT ŻUROMIŃSKI,KUCZBORK-OSADA - OBSZAR WIEJSKI
1,0,0,2019,Pochmurno,Zderzenie pojazdów boczne,Pochmurno,"Świt, zmrok",Jezdnia,EWK-108521520E,6,2019-12-30,Nieokreślone (puste pole),20*05'41,53*10'89,P4602W,Obszar zabudowany,,Droga powiatowa,Jednojezdniowa dwukierunkowa,N,POWIAT ŻUROMIŃSKI,KUCZBORK-OSADA - OBSZAR WIEJSKI
1,0,1,2019,Pochmurno,Zderzenie pojazdów czołowe,Pochmurno,Noc - droga nieoświetlona,Jezdnia,EWK-107675878Q,23,2019-01-31,Lekko,20*23'098,52*12'159,P0244T,Obszar zabudowany,Odcinek prosty,Droga powiatowa,Jednojezdniowa dwukierunkowa,N,POWIAT SOCHACZEWSKI,TERESIN - OBSZAR WIEJSKI
1,0,0,2019,Pochmurno,Zderzenie pojazdów czołowe,Pochmurno,Noc - droga nieoświetlona,Jezdnia,EWK-107675878Q,23,2019-01-31,Nieokreślone (puste pole),20*23'098,52*12'159,P0244T,Obszar zabudowany,Odcinek prosty,Droga powiatowa,Jednojezdniowa dwukierunkowa,N,POWIAT SOCHACZEWSKI,TERESIN - OBSZAR WIEJSKI
1,0,1,2019,Pochmurno,Zderzenie pojazdów czołowe,Pochmurno,Noc - droga nieoświetlona,Jezdnia,EWK-107735218U,17,2019-03-01,Lekko,19*57'399,52*43'076,60,Obszar niezabudowany,Odcinek prosty,Droga krajowa,Jednojezdniowa dwukierunkowa,N,POWIAT PŁOCKI,DROBIN - OBSZAR WIEJSKI
1,0,0,2019,Pochmurno,Zderzenie pojazdów czołowe,Pochmurno,Noc - droga nieoświetlona,Jezdnia,EWK-107735218U,17,2019-03-01,Nieokreślone (puste pole),19*57'399,52*43'076,60,Obszar niezabudowany,Odcinek prosty,Droga krajowa,Jednojezdniowa dwukierunkowa,N,POWIAT PŁOCKI,DROBIN - OBSZAR WIEJSKI
1,0,1,2019,Pochmurno,Zderzenie pojazdów czołowe,Pochmurno,Noc - droga nieoświetlona,Jezdnia,EWK-107919684P,1,2019-05-11,Lekko,21*18'400,53*23'462,G250825W,Obszar niezabudowany,Odcinek prosty,Droga gminna,Jednojezdniowa dwukierunkowa,N,POWIAT OSTROŁĘCKI,MYSZYNIEC - OBSZAR MIEJSKI
1,0,0,2019,Pochmurno,Zderzenie pojazdów czołowe,Pochmurno,Noc - droga nieoświetlona,Jezdnia,EWK-107919684P,1,2019-05-11,Nieokreślone (puste pole),21*18'400,53*23'462,G250825W,Obszar niezabudowany,Odcinek prosty,Droga gminna,Jednojezdniowa dwukierunkowa,N,POWIAT OSTROŁĘCKI,MYSZYNIEC - OBSZAR MIEJSKI
1,0,1,2019,Pochmurno,Zderzenie pojazdów czołowe,Pochmurno,Noc - droga nieoświetlona,Jezdnia,EWK-108172244K,21,2019-09-20,Ciężko,22*12'048,52*14'017,696,Obszar niezabudowany,Odcinek prosty,Droga wojewódzka,Jednojezdniowa dwukierunkowa,N,POWIAT SIEDLECKI,MOKOBODY - OBSZAR WIEJSKI
1,1,0,2019,Pochmurno,Zderzenie pojazdów czołowe,Pochmurno,Noc - droga nieoświetlona,Jezdnia,EWK-108172244K,21,2019-09-20,Nieokreślone (puste pole),22*12'048,52*14'017,696,Obszar niezabudowany,Odcinek prosty,Droga wojewódzka,Jednojezdniowa dwukierunkowa,N,POWIAT SIEDLECKI,MOKOBODY - OBSZAR WIEJSKI
1,0,1,2019,Pochmurno,Zderzenie pojazdów czołowe,Pochmurno,Noc - droga nieoświetlona,Jezdnia,EWK-108296830D,20,2019-11-06,Lekko,19*47'350,52*36'521,60,Obszar niezabudowany,Odcinek prosty,Droga krajowa,Jednojezdniowa dwukierunkowa,N,POWIAT PŁOCKI,BIELSK - OBSZAR WIEJSKI
1,0,0,2019,Pochmurno,Zderzenie pojazdów czołowe,Pochmurno,Noc - droga nieoświetlona,Jezdnia,EWK-108296830D,20,2019-11-06,Nieokreślone (puste pole),19*47'350,52*36'521,60,Obszar niezabudowany,Odcinek prosty,Droga krajowa,Jednojezdniowa dwukierunkowa,N,POWIAT PŁOCKI,BIELSK - OBSZAR WIEJSKI
1,0,2,2019,Pochmurno,Zderzenie pojazdów czołowe,Pochmurno,Noc - droga nieoświetlona,Jezdnia,EWK-108318914C,19,2019-11-14,Ciężko,21*16'124,51*36'116,48,Obszar niezabudowany,"Zakręt, łuk",Droga krajowa,Jednojezdniowa dwukierunkowa,N,POWIAT KOZIENICKI,GŁOWACZÓW - OBSZAR WIEJSKI
1,0,0,2019,Pochmurno,Zderzenie pojazdów czołowe,Pochmurno,Noc - droga nieoświetlona,Jezdnia,EWK-108318914C,19,2019-11-14,Nieokreślone (puste pole),21*16'124,51*36'116,48,Obszar niezabudowany,"Zakręt, łuk",Droga krajowa,Jednojezdniowa dwukierunkowa,N,POWIAT KOZIENICKI,GŁOWACZÓW - OBSZAR WIEJSKI
1,0,1,2019,Pochmurno,Zderzenie pojazdów czołowe,Pochmurno,Noc - droga nieoświetlona,Jezdnia,EWK-108418168Y,17,2019-12-05,Lekko,19*27'339,52*35'239,62,Obszar zabudowany,Odcinek prosty,Droga krajowa,Jednojezdniowa dwukierunkowa,N,POWIAT PŁOCKI,NOWY DUNINÓW - OBSZAR WIEJSKI
1,0,0,2019,Pochmurno,Zderzenie pojazdów czołowe,Pochmurno,Noc - droga nieoświetlona,Jezdnia,EWK-108418168Y,17,2019-12-05,Nieokreślone (puste pole),19*27'339,52*35'239,62,Obszar zabudowany,Odcinek prosty,Droga krajowa,Jednojezdniowa dwukierunkowa,N,POWIAT PŁOCKI,NOWY DUNINÓW - OBSZAR WIEJSKI
1,1,0,2019,Pochmurno,Zderzenie pojazdów czołowe,Pochmurno,Noc - droga nieoświetlona,"Roboty drogowe, oznakowanie tymczasowe",EWK-108262274H,2,2019-10-28,Nieokreślone (puste pole),20*34'074,51*58'343,K50B,Obszar niezabudowany,"Zakręt, łuk",Droga krajowa,Jednojezdniowa dwukierunkowa,N,POWIAT ŻYRARDOWSKI,MSZCZONÓW - OBSZAR WIEJSKI
1,0,1,2019,Pochmurno,Zderzenie pojazdów czołowe,Pochmurno,Noc - droga nieoświetlona,"Skarpa, rów",EWK-108191212M,19,2019-09-29,Lekko,22*43'515,52*12'368,19,Obszar zabudowany,Odcinek prosty,Droga krajowa,Jednojezdniowa dwukierunkowa,N,POWIAT ŁOSICKI,ŁOSICE - OBSZAR MIEJSKI
1,0,0,2019,Pochmurno,Zderzenie pojazdów czołowe,Pochmurno,Noc - droga nieoświetlona,"Skarpa, rów",EWK-108191212M,19,2019-09-29,Nieokreślone (puste pole),22*43'515,52*12'368,19,Obszar zabudowany,Odcinek prosty,Droga krajowa,Jednojezdniowa dwukierunkowa,N,POWIAT ŁOSICKI,ŁOSICE - OBSZAR MIEJSKI
1,0,1,2019,Pochmurno,Zderzenie pojazdów czołowe,Pochmurno,Noc - droga oświetlona,Jezdnia,EWK-108220722M,21,2019-10-09,Lekko,22*08'395,52*10'590,2,Obszar niezabudowany,Odcinek prosty,Droga krajowa,Jednojezdniowa dwukierunkowa,N,POWIAT SIEDLECKI,KOTUŃ - OBSZAR WIEJSKI
1,0,0,2019,Pochmurno,Zderzenie pojazdów czołowe,Pochmurno,Noc - droga oświetlona,Jezdnia,EWK-108220722M,21,2019-10-09,Nieokreślone (puste pole),22*08'395,52*10'590,2,Obszar niezabudowany,Odcinek prosty,Droga krajowa,Jednojezdniowa dwukierunkowa,N,POWIAT SIEDLECKI,KOTUŃ - OBSZAR WIEJSKI
1,0,3,2019,Pochmurno,Zderzenie pojazdów czołowe,Pochmurno,Noc - droga oświetlona,Jezdnia,EWK-108360824Q,16,2019-11-22,Lekko,20*58'587,51*26'481,740,Obszar zabudowany,Odcinek prosty,Droga wojewódzka,Jednojezdniowa dwukierunkowa,N,POWIAT RADOMSKI,ZAKRZEW - OBSZAR WIEJSKI