Liczba wypadków,Liczba zabitych,Liczba rannych,Rok,Warunki atmosferyczne,Rodzaj zdarzenia,Warunki atmosferyczne,Oświetlenie,Charakterystyka miejsca zdarzenia,IDKSIP zdarzenia,Godzina,Dzień,Ranny,GPS x,GPS y,Numer drogi,Obszar,Geometria drogi,Kategoria drogi 1,Rodzaj drogi,Czy w zdarzeniu był sprawca nietrzeźwy,Powiat,Gmina
1,0,0,2019,Pochmurno,Zderzenie pojazdów tylne,Pochmurno,Światło dzienne,"Wjazd, wyjazd z posesji, pola",EWK-108288683L,13,2019-11-02,Nieokreślone (puste pole),19*44'506,52*32'165,62,Obszar zabudowany,Odcinek prosty,Droga krajowa,Dwie jezdnie jednokierunkowe,N,POWIAT PŁOCK,PŁOCK - OBSZAR MIEJSKI
1,0,2,2019,Pochmurno,Zderzenie pojazdów tylne,Pochmurno,"Świt, zmrok",Jezdnia,EWK-108250775Y,18,2019-10-23,Lekko,21*02'154,51*25'334,GMINNA,Obszar zabudowany,,Droga gminna,Jednojezdniowa dwukierunkowa,N,POWIAT RADOMSKI,ZAKRZEW - OBSZAR WIEJSKI
1,0,0,2019,Pochmurno,Zderzenie pojazdów tylne,Pochmurno,"Świt, zmrok",Jezdnia,EWK-108250775Y,18,2019-10-23,Nieokreślone (puste pole),21*02'154,51*25'334,GMINNA,Obszar zabudowany,,Droga gminna,Jednojezdniowa dwukierunkowa,N,POWIAT RADOMSKI,ZAKRZEW - OBSZAR WIEJSKI
1,0,1,2019,Pochmurno,Zderzenie pojazdów tylne,Pochmurno,"Świt, zmrok",Jezdnia,EWK-108317658P,16,2019-11-13,Lekko,21*02'108,51*20'450,7,Obszar zabudowany,Odcinek prosty,Droga krajowa,Jednojezdniowa dwukierunkowa,N,POWIAT RADOMSKI,KOWALA - OBSZAR WIEJSKI
1,0,0,2019,Pochmurno,Zderzenie pojazdów tylne,Pochmurno,"Świt, zmrok",Jezdnia,EWK-108317658P,16,2019-11-13,Nieokreślone (puste pole),21*02'108,51*20'450,7,Obszar zabudowany,Odcinek prosty,Droga krajowa,Jednojezdniowa dwukierunkowa,N,POWIAT RADOMSKI,KOWALA - OBSZAR WIEJSKI
1,0,1,2019,Pochmurno,Zderzenie pojazdów tylne,Pochmurno,"Świt, zmrok",Jezdnia,EWK-108372705D,18,2019-11-28,Lekko,21*06'487,51*24'021,7,Obszar zabudowany,Odcinek prosty,Droga krajowa,Jednojezdniowa dwukierunkowa,N,POWIAT RADOM,RADOM - OBSZAR MIEJSKI
1,0,0,2019,Pochmurno,Zderzenie pojazdów tylne,Pochmurno,"Świt, zmrok",Jezdnia,EWK-108372705D,18,2019-11-28,Nieokreślone (puste pole),21*06'487,51*24'021,7,Obszar zabudowany,Odcinek prosty,Droga krajowa,Jednojezdniowa dwukierunkowa,N,POWIAT RADOM,RADOM - OBSZAR MIEJSKI
1,0,1,2019,Pochmurno,Zderzenie pojazdów tylne,Pochmurno,"Świt, zmrok",Jezdnia,EWK-108504254N,13,2019-12-20,Ciężko,21*31'259,53*19'021,2519W,Obszar niezabudowany,Spadek,Droga powiatowa,Jednojezdniowa dwukierunkowa,T,POWIAT OSTROŁĘCKI,ŁYSE - OBSZAR WIEJSKI
1,0,0,2019,Pochmurno,Zderzenie pojazdów tylne,Pochmurno,"Świt, zmrok",Jezdnia,EWK-108504254N,13,2019-12-20,Nieokreślone (puste pole),21*31'259,53*19'021,2519W,Obszar niezabudowany,Spadek,Droga powiatowa,Jednojezdniowa dwukierunkowa,T,POWIAT OSTROŁĘCKI,ŁYSE - OBSZAR WIEJSKI
1,0,2,2019,"Pochmurno; Mgła, dym",Wywrócenie się pojazdu,"Pochmurno; Mgła, dym",Światło dzienne,Jezdnia,EWK-108495365Y,7,2019-12-17,Lekko,22*09'127,52*01'436,P3652W,Obszar niezabudowany,"Zakręt, łuk",Droga powiatowa,Jednojezdniowa dwukierunkowa,N,POWIAT SIEDLECKI,DOMANICE - OBSZAR WIEJSKI
1,0,2,2019,"Pochmurno; Mgła, dym",Zderzenie pojazdów boczne,"Pochmurno; Mgła, dym",Światło dzienne,Jezdnia,EWK-108251355M,7,2019-10-23,Lekko,21*16'384,51*24'208,GMINNA,Obszar zabudowany,,Droga gminna,Jednojezdniowa dwukierunkowa,N,POWIAT RADOMSKI,JEDLNIA-LETNISKO - OBSZAR WIEJSKI
1,0,0,2019,"Pochmurno; Mgła, dym",Zderzenie pojazdów boczne,"Pochmurno; Mgła, dym",Światło dzienne,Jezdnia,EWK-108251355M,7,2019-10-23,Nieokreślone (puste pole),21*16'384,51*24'208,GMINNA,Obszar zabudowany,,Droga gminna,Jednojezdniowa dwukierunkowa,N,POWIAT RADOMSKI,JEDLNIA-LETNISKO - OBSZAR WIEJSKI
1,1,0,2019,"Pochmurno; Mgła, dym",Zderzenie pojazdów czołowe,"Pochmurno; Mgła, dym",Światło dzienne,Jezdnia,EWK-108369113P,8,2019-11-26,Nieokreślone (puste pole),20*16'582,53*03'288,P4640W,Obszar niezabudowany,Odcinek prosty,Droga powiatowa,Jednojezdniowa dwukierunkowa,N,POWIAT MŁAWSKI,WIŚNIEWO - OBSZAR WIEJSKI
1,0,1,2019,"Pochmurno; Mgła, dym",Zderzenie pojazdów tylne,"Pochmurno; Mgła, dym",Noc - droga oświetlona,Jezdnia,EWK-107675620K,17,2019-01-31,Ciężko,21*38'523,51*09'264,79,Obszar zabudowany,,Droga krajowa,Jednokierunkowa,N,POWIAT LIPSKI,LIPSKO - OBSZAR MIEJSKI
1,0,0,2019,"Pochmurno; Mgła, dym",Zderzenie pojazdów tylne,"Pochmurno; Mgła, dym",Noc - droga oświetlona,Jezdnia,EWK-107675620K,17,2019-01-31,Nieokreślone (puste pole),21*38'523,51*09'264,79,Obszar zabudowany,,Droga krajowa,Jednokierunkowa,N,POWIAT LIPSKI,LIPSKO - OBSZAR MIEJSKI
1,1,0,2019,"Pochmurno; Mgła, dym",Zderzenie pojazdów tylne,"Pochmurno; Mgła, dym","Świt, zmrok",Jezdnia,EWK-108187802P,20,2019-09-28,Nieokreślone (puste pole),21*48'356,52*38'266,P4202W,Obszar niezabudowany,Odcinek prosty,Droga powiatowa,Jednojezdniowa dwukierunkowa,N,POWIAT WĘGROWSKI,SADOWNE - OBSZAR WIEJSKI
1,0,1,2019,Pochmurno; Opady deszczu,Najechanie na barierę ochronną,Pochmurno; Opady deszczu,Noc - droga nieoświetlona,Jezdnia,EWK-108317784R,2,2019-11-14,Ciężko,21*27'470,52*33'264,S8W,Obszar niezabudowany,"Zakręt, łuk",Droga krajowa,Ekspresowa,N,POWIAT WYSZKOWSKI,WYSZKÓW - OBSZAR WIEJSKI
1,0,0,2019,Pochmurno; Opady deszczu,Najechanie na barierę ochronną,Pochmurno; Opady deszczu,Noc - droga nieoświetlona,Jezdnia,EWK-108317784R,2,2019-11-14,Nieokreślone (puste pole),21*27'470,52*33'264,S8W,Obszar niezabudowany,"Zakręt, łuk",Droga krajowa,Ekspresowa,N,POWIAT WYSZKOWSKI,WYSZKÓW - OBSZAR WIEJSKI
1,0,2,2019,Pochmurno; Opady deszczu,Najechanie na barierę ochronną,Pochmurno; Opady deszczu,Światło dzienne,Pobocze,EWK-107931326H,13,2019-05-17,Lekko,20*25'536,52*06'096,A2,Obszar niezabudowany,Odcinek prosty,Autostrada,Autostrada,N,POWIAT ŻYRARDOWSKI,WISKITKI - OBSZAR WIEJSKI
1,0,2,2019,Pochmurno; Opady deszczu,Najechanie na drzewo,Pochmurno; Opady deszczu,Światło dzienne,Jezdnia,EWK-107918028C,6,2019-05-10,Lekko,21*14'454,51*14'273,9,Obszar zabudowany,"Zakręt, łuk",Droga krajowa,Jednojezdniowa dwukierunkowa,N,POWIAT RADOMSKI,SKARYSZEW - OBSZAR WIEJSKI
1,0,0,2019,Pochmurno; Opady deszczu,Najechanie na drzewo,Pochmurno; Opady deszczu,Światło dzienne,Jezdnia,EWK-107918028C,6,2019-05-10,Nieokreślone (puste pole),21*14'454,51*14'273,9,Obszar zabudowany,"Zakręt, łuk",Droga krajowa,Jednojezdniowa dwukierunkowa,N,POWIAT RADOMSKI,SKARYSZEW - OBSZAR WIEJSKI
1,0,1,2019,Pochmurno; Opady deszczu,Najechanie na drzewo,Pochmurno; Opady deszczu,Światło dzienne,Jezdnia,EWK-107928232F,17,2019-05-15,Lekko,20*15'520,52*41'487,P3026W,Obszar niezabudowany,"Zakręt, łuk",Droga powiatowa,Jednojezdniowa dwukierunkowa,T,POWIAT PŁOŃSKI,BABOSZEWO - OBSZAR WIEJSKI
1,0,0,2019,Pochmurno; Opady deszczu,Najechanie na drzewo,Pochmurno; Opady deszczu,Światło dzienne,Jezdnia,EWK-107928232F,17,2019-05-15,Nieokreślone (puste pole),20*15'520,52*41'487,P3026W,Obszar niezabudowany,"Zakręt, łuk",Droga powiatowa,Jednojezdniowa dwukierunkowa,T,POWIAT PŁOŃSKI,BABOSZEWO - OBSZAR WIEJSKI
1,0,1,2019,Pochmurno; Opady deszczu,Najechanie na drzewo,Pochmurno; Opady deszczu,Światło dzienne,Jezdnia,EWK-108020396W,13,2019-07-01,Ciężko,19*45'174,52*57'596,P4620W,Obszar niezabudowany,"Zakręt, łuk",Droga powiatowa,Jednojezdniowa dwukierunkowa,N,POWIAT ŻUROMIŃSKI,LUTOCIN - OBSZAR WIEJSKI
1,0,1,2019,Pochmurno; Opady deszczu,Najechanie na drzewo,Pochmurno; Opady deszczu,Światło dzienne,Jezdnia,EWK-108053676H,18,2019-07-21,Lekko,22*10'324,52*14'324,696,Obszar niezabudowany,Odcinek prosty,Droga wojewódzka,Jednojezdniowa dwukierunkowa,N,POWIAT SIEDLECKI,MOKOBODY - OBSZAR WIEJSKI
1,1,0,2019,Pochmurno; Opady deszczu,Najechanie na pieszego,Pochmurno; Opady deszczu,Noc - droga oświetlona,Jezdnia,EWK-107643733W,17,2019-01-16,Nieokreślone (puste pole),21*20'090,51*22'592,12,Obszar niezabudowany,Odcinek prosty,Droga krajowa,Jednojezdniowa dwukierunkowa,N,POWIAT RADOMSKI,GÓZD - OBSZAR WIEJSKI
1,0,1,2019,Pochmurno; Opady deszczu,Najechanie na pieszego,Pochmurno; Opady deszczu,Noc - droga oświetlona,Jezdnia,EWK-107679539Q,20,2019-02-03,Lekko,21*03'079,52*49'251,GMINNA,Obszar niezabudowany,,Droga gminna,Jednojezdniowa dwukierunkowa,N,POWIAT MAKOWSKI,KARNIEWO - OBSZAR WIEJSKI
1,0,0,2019,Pochmurno; Opady deszczu,Najechanie na pieszego,Pochmurno; Opady deszczu,Noc - droga oświetlona,Jezdnia,EWK-107679539Q,20,2019-02-03,Nieokreślone (puste pole),21*03'079,52*49'251,GMINNA,Obszar niezabudowany,,Droga gminna,Jednojezdniowa dwukierunkowa,N,POWIAT MAKOWSKI,KARNIEWO - OBSZAR WIEJSKI
1,0,1,2019,Pochmurno; Opady deszczu,Najechanie na pieszego,Pochmurno; Opady deszczu,Noc - droga oświetlona,Jezdnia,EWK-108508596M,5,2019-12-22,Lekko,22*16'318,52*10'108,GMINNA,Obszar zabudowany,Odcinek prosty,Droga gminna,Jednojezdniowa dwukierunkowa,N,POWIAT SIEDLCE,SIEDLCE - OBSZAR MIEJSKI
1,0,0,2019,Pochmurno; Opady deszczu,Najechanie na pieszego,Pochmurno; Opady deszczu,Noc - droga oświetlona,Jezdnia,EWK-108508596M,5,2019-12-22,Nieokreślone (puste pole),22*16'318,52*10'108,GMINNA,Obszar zabudowany,Odcinek prosty,Droga gminna,Jednojezdniowa dwukierunkowa,N,POWIAT SIEDLCE,SIEDLCE - OBSZAR MIEJSKI
1,0,1,2019,Pochmurno; Opady deszczu,Najechanie na pieszego,Pochmurno; Opady deszczu,Noc - droga oświetlona,Przejście dla pieszych,EWK-107626430N,21,2019-01-12,Lekko,21*07'511,51*24'201,P5347W,Obszar zabudowany,Odcinek prosty,Droga powiatowa,Jednojezdniowa dwukierunkowa,N,POWIAT RADOM,RADOM - OBSZAR MIEJSKI
1,0,0,2019,Pochmurno; Opady deszczu,Najechanie na pieszego,Pochmurno; Opady deszczu,Noc - droga oświetlona,Przejście dla pieszych,EWK-107626430N,21,2019-01-12,Nieokreślone (puste pole),21*07'511,51*24'201,P5347W,Obszar zabudowany,Odcinek prosty,Droga powiatowa,Jednojezdniowa dwukierunkowa,N,POWIAT RADOM,RADOM - OBSZAR MIEJSKI
1,0,1,2019,Pochmurno; Opady deszczu,Najechanie na pieszego,Pochmurno; Opady deszczu,Noc - droga oświetlona,Przejście dla pieszych,EWK-107736512W,19,2019-03-03,Lekko,21*34'200,53*04'426,4403W,Obszar zabudowany,,Droga powiatowa,Jednojezdniowa dwukierunkowa,N,POWIAT OSTROŁĘKA,OSTROŁĘKA - OBSZAR MIEJSKI
1,0,0,2019,Pochmurno; Opady deszczu,Najechanie na pieszego,Pochmurno; Opady deszczu,Noc - droga oświetlona,Przejście dla pieszych,EWK-107736512W,19,2019-03-03,Nieokreślone (puste pole),21*34'200,53*04'426,4403W,Obszar zabudowany,,Droga powiatowa,Jednojezdniowa dwukierunkowa,N,POWIAT OSTROŁĘKA,OSTROŁĘKA - OBSZAR MIEJSKI
1,0,1,2019,Pochmurno; Opady deszczu,Najechanie na pieszego,Pochmurno; Opady deszczu,Światło dzienne,Przejście dla pieszych,EWK-107692461F,7,2019-02-11,Lekko,21*35'071,53*04'394,2569W,Obszar zabudowany,Odcinek prosty,Droga powiatowa,Jednojezdniowa dwukierunkowa,N,POWIAT OSTROŁĘKA,OSTROŁĘKA - OBSZAR MIEJSKI
1,0,0,2019,Pochmurno; Opady deszczu,Najechanie na pieszego,Pochmurno; Opady deszczu,Światło dzienne,Przejście dla pieszych,EWK-107692461F,7,2019-02-11,Nieokreślone (puste pole),21*35'071,53*04'394,2569W,Obszar zabudowany,Odcinek prosty,Droga powiatowa,Jednojezdniowa dwukierunkowa,N,POWIAT OSTROŁĘKA,OSTROŁĘKA - OBSZAR MIEJSKI
1,0,1,2019,Pochmurno; Opady deszczu,Najechanie na pieszego,Pochmurno; Opady deszczu,Światło dzienne,Przejście dla pieszych,EWK-107876188X,13,2019-04-16,Lekko,22*16'147,52*10'501,63,Obszar zabudowany,,Droga krajowa,Jednokierunkowa,N,POWIAT SIEDLCE,SIEDLCE - OBSZAR MIEJSKI
1,0,0,2019,Pochmurno; Opady deszczu,Najechanie na pieszego,Pochmurno; Opady deszczu,Światło dzienne,Przejście dla pieszych,EWK-107876188X,13,2019-04-16,Nieokreślone (puste pole),22*16'147,52*10'501,63,Obszar zabudowany,,Droga krajowa,Jednokierunkowa,N,POWIAT SIEDLCE,SIEDLCE - OBSZAR MIEJSKI
1,0,1,2019,Pochmurno; Opady deszczu,Najechanie na pieszego,Pochmurno; Opady deszczu,Światło dzienne,Przejście dla pieszych,EWK-108486367F,13,2019-12-13,Lekko,21*04'447,52*42'098,P3403W,Obszar zabudowany,Odcinek prosty,Droga powiatowa,Jednojezdniowa dwukierunkowa,N,POWIAT PUŁTUSKI,PUŁTUSK - OBSZAR MIEJSKI
1,0,0,2019,Pochmurno; Opady deszczu,Najechanie na pieszego,Pochmurno; Opady deszczu,Światło dzienne,Przejście dla pieszych,EWK-108486367F,13,2019-12-13,Nieokreślone (puste pole),21*04'447,52*42'098,P3403W,Obszar zabudowany,Odcinek prosty,Droga powiatowa,Jednojezdniowa dwukierunkowa,N,POWIAT PUŁTUSKI,PUŁTUSK - OBSZAR MIEJSKI
1,0,1,2019,Pochmurno; Opady deszczu,Najechanie na pojazd unieruchomiony,Pochmurno; Opady deszczu,Światło dzienne,"Parking, plac, MOP",EWK-107974941U,15,2019-06-08,Ciężko,19*40'466,52*33'318,I2,Obszar zabudowany,Odcinek prosty,Inna,Jednojezdniowa dwukierunkowa,N,POWIAT PŁOCK,PŁOCK - OBSZAR MIEJSKI
1,0,0,2019,Pochmurno; Opady deszczu,Najechanie na pojazd unieruchomiony,Pochmurno; Opady deszczu,Światło dzienne,"Parking, plac, MOP",EWK-107974941U,15,2019-06-08,Nieokreślone (puste pole),19*40'466,52*33'318,I2,Obszar zabudowany,Odcinek prosty,Inna,Jednojezdniowa dwukierunkowa,N,POWIAT PŁOCK,PŁOCK - OBSZAR MIEJSKI
1,0,2,2019,Pochmurno; Opady deszczu,Najechanie na pojazd unieruchomiony,Pochmurno; Opady deszczu,Światło dzienne,"Wjazd, wyjazd z posesji, pola",EWK-108134853Y,7,2019-09-03,Lekko,21*05'420,52*38'370,P3401W,Obszar zabudowany,Odcinek prosty,Droga powiatowa,Jednojezdniowa dwukierunkowa,N,POWIAT PUŁTUSKI,POKRZYWNICA - OBSZAR WIEJSKI
1,0,0,2019,Pochmurno; Opady deszczu,Najechanie na pojazd unieruchomiony,Pochmurno; Opady deszczu,Światło dzienne,"Wjazd, wyjazd z posesji, pola",EWK-108134853Y,7,2019-09-03,Nieokreślone (puste pole),21*05'420,52*38'370,P3401W,Obszar zabudowany,Odcinek prosty,Droga powiatowa,Jednojezdniowa dwukierunkowa,N,POWIAT PUŁTUSKI,POKRZYWNICA - OBSZAR WIEJSKI
1,0,1,2019,Pochmurno; Opady deszczu,"Najechanie na słup, znak",Pochmurno; Opady deszczu,Światło dzienne,Jezdnia,EWK-107926980K,7,2019-05-15,Ciężko,20*33'156,52*28'570,7,Obszar niezabudowany,Odcinek prosty,Droga krajowa,Dwie jezdnie jednokierunkowe,N,POWIAT PŁOŃSKI,ZAŁUSKI - OBSZAR WIEJSKI
1,0,2,2019,Pochmurno; Opady deszczu,"Najechanie na słup, znak",Pochmurno; Opady deszczu,Światło dzienne,Jezdnia,EWK-108108252F,5,2019-08-04,Lekko,20*19'068,52*37'093,10,Obszar niezabudowany,,Droga krajowa,Jednojezdniowa dwukierunkowa,N,POWIAT PŁOŃSKI,PŁOŃSK - OBSZAR WIEJSKI
1,0,1,2019,Pochmurno; Opady deszczu,Wywrócenie się pojazdu,Pochmurno; Opady deszczu,Noc - droga nieoświetlona,Jezdnia,EWK-108112392W,2,2019-08-21,Lekko,20*20'016,52*07'194,50,Obszar zabudowany,Odcinek prosty,Droga krajowa,Jednojezdniowa dwukierunkowa,N,POWIAT ŻYRARDOWSKI,WISKITKI - OBSZAR WIEJSKI
1,0,1,2019,Pochmurno; Opady deszczu,Wywrócenie się pojazdu,Pochmurno; Opady deszczu,Światło dzienne,Jezdnia,EWK-107782997Y,11,2019-03-25,Lekko,21*29'476,51*14'291,P1906W,Obszar zabudowany,"Zakręt, łuk",Droga powiatowa,Jednojezdniowa dwukierunkowa,N,POWIAT LIPSKI,CIEPIELÓW - OBSZAR WIEJSKI
1,0,0,2019,Pochmurno; Opady deszczu,Wywrócenie się pojazdu,Pochmurno; Opady deszczu,Światło dzienne,Jezdnia,EWK-107782997Y,11,2019-03-25,Nieokreślone (puste pole),21*29'476,51*14'291,P1906W,Obszar zabudowany,"Zakręt, łuk",Droga powiatowa,Jednojezdniowa dwukierunkowa,N,POWIAT LIPSKI,CIEPIELÓW - OBSZAR WIEJSKI
1,0,2,2019,Pochmurno; Opady deszczu,Wywrócenie się pojazdu,Pochmurno; Opady deszczu,Światło dzienne,"Skarpa, rów",EWK-108198195C,9,2019-10-02,Lekko,19*38'054,52*32'426,62,Obszar zabudowany,"Zakręt, łuk",Droga krajowa,Jednojezdniowa dwukierunkowa,N,POWIAT PŁOCKI,NOWY DUNINÓW - OBSZAR WIEJSKI
1,0,0,2019,Pochmurno; Opady deszczu,Wywrócenie się pojazdu,Pochmurno; Opady deszczu,Światło dzienne,"Skarpa, rów",EWK-108198195C,9,2019-10-02,Nieokreślone (puste pole),19*38'054,52*32'426,62,Obszar zabudowany,"Zakręt, łuk",Droga krajowa,Jednojezdniowa dwukierunkowa,N,POWIAT PŁOCKI,NOWY DUNINÓW - OBSZAR WIEJSKI
1,0,1,2019,Pochmurno; Opady deszczu,Zderzenie pojazdów boczne,Pochmurno; Opady deszczu,Noc - droga oświetlona,Przejście dla pieszych,EWK-107643404T,16,2019-01-16,Ciężko,21*32'018,51*35'421,79,Obszar zabudowany,Odcinek prosty,Droga krajowa,Jednojezdniowa dwukierunkowa,N,POWIAT KOZIENICKI,KOZIENICE - OBSZAR MIEJSKI
1,0,0,2019,Pochmurno; Opady deszczu,Zderzenie pojazdów boczne,Pochmurno; Opady deszczu,Noc - droga oświetlona,Przejście dla pieszych,EWK-107643404T,16,2019-01-16,Nieokreślone (puste pole),21*32'018,51*35'421,79,Obszar zabudowany,Odcinek prosty,Droga krajowa,Jednojezdniowa dwukierunkowa,N,POWIAT KOZIENICKI,KOZIENICE - OBSZAR MIEJSKI
1,0,1,2019,Pochmurno; Opady deszczu,Zderzenie pojazdów boczne,Pochmurno; Opady deszczu,Światło dzienne,"Droga, pas ruchu, śluza dla rowerów",EWK-108510109X,11,2019-12-23,Lekko,21*36'407,51*54'064,GMINNA,Obszar zabudowany,Odcinek prosty,Droga gminna,Jednojezdniowa dwukierunkowa,N,POWIAT GARWOLIŃSKI,GARWOLIN - OBSZAR MIEJSKI
1,0,0,2019,Pochmurno; Opady deszczu,Zderzenie pojazdów boczne,Pochmurno; Opady deszczu,Światło dzienne,"Droga, pas ruchu, śluza dla rowerów",EWK-108510109X,11,2019-12-23,Nieokreślone (puste pole),21*36'407,51*54'064,GMINNA,Obszar zabudowany,Odcinek prosty,Droga gminna,Jednojezdniowa dwukierunkowa,N,POWIAT GARWOLIŃSKI,GARWOLIN - OBSZAR MIEJSKI
1,1,0,2019,Pochmurno; Opady deszczu,Zderzenie pojazdów boczne,Pochmurno; Opady deszczu,Światło dzienne,Jezdnia,EWK-107928258M,15,2019-05-15,Nieokreślone (puste pole),21*22'219,52*53'103,60,Obszar niezabudowany,Odcinek prosty,Droga krajowa,Jednojezdniowa dwukierunkowa,N,POWIAT MAKOWSKI,RÓŻAN - OBSZAR MIEJSKI
1,0,2,2019,Pochmurno; Opady deszczu,Zderzenie pojazdów boczne,Pochmurno; Opady deszczu,Światło dzienne,Jezdnia,EWK-108180567W,8,2019-09-18,Lekko,22*10'465,52*14'283,696,Obszar zabudowany,,Droga wojewódzka,Jednojezdniowa dwukierunkowa,N,POWIAT SIEDLECKI,MOKOBODY - OBSZAR WIEJSKI
1,1,0,2019,Pochmurno; Opady deszczu,Zderzenie pojazdów boczne,Pochmurno; Opady deszczu,Światło dzienne,Jezdnia,EWK-108180567W,8,2019-09-18,Nieokreślone (puste pole),22*10'465,52*14'283,696,Obszar zabudowany,,Droga wojewódzka,Jednojezdniowa dwukierunkowa,N,POWIAT SIEDLECKI,MOKOBODY - OBSZAR WIEJSKI
1,0,1,2019,Pochmurno; Opady deszczu,Zderzenie pojazdów boczne,Pochmurno; Opady deszczu,Światło dzienne,Jezdnia,EWK-108421069X,8,2019-12-07,Lekko,19*46'186,52*31'563,62,Obszar zabudowany,,Droga krajowa,Jednojezdniowa dwukierunkowa,T,POWIAT PŁOCK,PŁOCK - OBSZAR MIEJSKI
1,0,0,2019,Pochmurno; Opady deszczu,Zderzenie pojazdów boczne,Pochmurno; Opady deszczu,Światło dzienne,Jezdnia,EWK-108421069X,8,2019-12-07,Nieokreślone (puste pole),19*46'186,52*31'563,62,Obszar zabudowany,,Droga krajowa,Jednojezdniowa dwukierunkowa,T,POWIAT PŁOCK,PŁOCK - OBSZAR MIEJSKI
1,0,1,2019,Pochmurno; Opady deszczu,Zderzenie pojazdów boczne,Pochmurno; Opady deszczu,Światło dzienne,Przejazd dla rowerzystów,EWK-108421260P,11,2019-12-07,Lekko,22*15'172,52*10'011,GMINNA,Obszar zabudowany,,Droga gminna,Jednojezdniowa dwukierunkowa,N,POWIAT SIEDLCE,SIEDLCE - OBSZAR MIEJSKI
1,0,0,2019,Pochmurno; Opady deszczu,Zderzenie pojazdów boczne,Pochmurno; Opady deszczu,Światło dzienne,Przejazd dla rowerzystów,EWK-108421260P,11,2019-12-07,Nieokreślone (puste pole),22*15'172,52*10'011,GMINNA,Obszar zabudowany,,Droga gminna,Jednojezdniowa dwukierunkowa,N,POWIAT SIEDLCE,SIEDLCE - OBSZAR MIEJSKI
1,0,3,2019,Pochmurno; Opady deszczu,Zderzenie pojazdów boczne,Pochmurno; Opady deszczu,Światło dzienne,"Wjazd, wyjazd z posesji, pola",EWK-107698228C,12,2019-02-13,Lekko,21*10'389,51*24'588,P5329W,Obszar zabudowany,Odcinek prosty,Droga powiatowa,Jednojezdniowa dwukierunkowa,N,POWIAT RADOM,RADOM - OBSZAR MIEJSKI
1,0,0,2019,Pochmurno; Opady deszczu,Zderzenie pojazdów boczne,Pochmurno; Opady deszczu,Światło dzienne,"Wjazd, wyjazd z posesji, pola",EWK-107698228C,12,2019-02-13,Nieokreślone (puste pole),21*10'389,51*24'588,P5329W,Obszar zabudowany,Odcinek prosty,Droga powiatowa,Jednojezdniowa dwukierunkowa,N,POWIAT RADOM,RADOM - OBSZAR MIEJSKI
1,0,3,2019,Pochmurno; Opady deszczu,Zderzenie pojazdów czołowe,Pochmurno; Opady deszczu,Noc - droga oświetlona,Jezdnia,EWK-108307458D,17,2019-11-10,Lekko,22*12'230,52*08'259,803,Obszar niezabudowany,Odcinek prosty,Droga wojewódzka,Jednojezdniowa dwukierunkowa,N,POWIAT SIEDLECKI,SIEDLCE - OBSZAR WIEJSKI
1,1,0,2019,Pochmurno; Opady deszczu,Zderzenie pojazdów czołowe,Pochmurno; Opady deszczu,Noc - droga oświetlona,Jezdnia,EWK-108307458D,17,2019-11-10,Nieokreślone (puste pole),22*12'230,52*08'259,803,Obszar niezabudowany,Odcinek prosty,Droga wojewódzka,Jednojezdniowa dwukierunkowa,N,POWIAT SIEDLECKI,SIEDLCE - OBSZAR WIEJSKI
1,0,2,2019,Pochmurno; Opady deszczu,Zderzenie pojazdów czołowe,Pochmurno; Opady deszczu,Światło dzienne,Jezdnia,EWK-107748665R,7,2019-03-10,Lekko,21*33'462,52*54'123,4403W,Obszar zabudowany,"Zakręt, łuk",Droga powiatowa,Jednojezdniowa dwukierunkowa,N,POWIAT OSTROŁĘCKI,GOWOROWO - OBSZAR WIEJSKI
1,0,0,2019,Pochmurno; Opady deszczu,Zderzenie pojazdów czołowe,Pochmurno; Opady deszczu,Światło dzienne,Jezdnia,EWK-107748665R,7,2019-03-10,Nieokreślone (puste pole),21*33'462,52*54'123,4403W,Obszar zabudowany,"Zakręt, łuk",Droga powiatowa,Jednojezdniowa dwukierunkowa,N,POWIAT OSTROŁĘCKI,GOWOROWO - OBSZAR WIEJSKI
1,0,1,2019,Pochmurno; Opady deszczu,Zderzenie pojazdów czołowe,Pochmurno; Opady deszczu,Światło dzienne,Jezdnia,EWK-107897535P,14,2019-04-28,Lekko,19*47'361,52*35'551,60,Obszar niezabudowany,"Zakręt, łuk",Droga krajowa,Jednojezdniowa dwukierunkowa,N,POWIAT PŁOCKI,BIELSK - OBSZAR WIEJSKI
1,0,0,2019,Pochmurno; Opady deszczu,Zderzenie pojazdów czołowe,Pochmurno; Opady deszczu,Światło dzienne,Jezdnia,EWK-107897535P,14,2019-04-28,Nieokreślone (puste pole),19*47'361,52*35'551,60,Obszar niezabudowany,"Zakręt, łuk",Droga krajowa,Jednojezdniowa dwukierunkowa,N,POWIAT PŁOCKI,BIELSK - OBSZAR WIEJSKI
1,0,1,2019,Pochmurno; Opady deszczu,Zderzenie pojazdów czołowe,Pochmurno; Opady deszczu,Światło dzienne,Jezdnia,EWK-107922295L,17,2019-05-12,Ciężko,19*47'340,52*35'534,60,Obszar niezabudowany,,Droga krajowa,Jednojezdniowa dwukierunkowa,N,POWIAT PŁOCKI,RADZANOWO - OBSZAR WIEJSKI