Liczba wypadków,Liczba zabitych,Liczba rannych,Rok,Warunki atmosferyczne,Rodzaj zdarzenia,Warunki atmosferyczne,Oświetlenie,Charakterystyka miejsca zdarzenia,IDKSIP zdarzenia,Godzina,Dzień,Ranny,GPS x,GPS y,Numer drogi,Obszar,Geometria drogi,Kategoria drogi 1,Rodzaj drogi,Czy w zdarzeniu był sprawca nietrzeźwy,Powiat,Gmina
1,0,2,2019,Pochmurno; Opady deszczu,Zderzenie pojazdów czołowe,Pochmurno; Opady deszczu,Światło dzienne,Jezdnia,EWK-107922295L,17,2019-05-12,Lekko,19*47'340,52*35'534,60,Obszar niezabudowany,,Droga krajowa,Jednojezdniowa dwukierunkowa,N,POWIAT PŁOCKI,RADZANOWO - OBSZAR WIEJSKI
1,1,0,2019,Pochmurno; Opady deszczu,Zderzenie pojazdów czołowe,Pochmurno; Opady deszczu,Światło dzienne,Jezdnia,EWK-107922295L,17,2019-05-12,Nieokreślone (puste pole),19*47'340,52*35'534,60,Obszar niezabudowany,,Droga krajowa,Jednojezdniowa dwukierunkowa,N,POWIAT PŁOCKI,RADZANOWO - OBSZAR WIEJSKI
1,0,1,2019,Pochmurno; Opady deszczu,Zderzenie pojazdów czołowe,Pochmurno; Opady deszczu,Światło dzienne,Jezdnia,EWK-107925722W,13,2019-05-14,Lekko,19*47'340,52*35'533,60,Obszar niezabudowany,"Zakręt, łuk",Droga krajowa,Jednojezdniowa dwukierunkowa,N,POWIAT PŁOCKI,RADZANOWO - OBSZAR WIEJSKI
1,0,0,2019,Pochmurno; Opady deszczu,Zderzenie pojazdów czołowe,Pochmurno; Opady deszczu,Światło dzienne,Jezdnia,EWK-107925722W,13,2019-05-14,Nieokreślone (puste pole),19*47'340,52*35'533,60,Obszar niezabudowany,"Zakręt, łuk",Droga krajowa,Jednojezdniowa dwukierunkowa,N,POWIAT PŁOCKI,RADZANOWO - OBSZAR WIEJSKI
1,0,2,2019,Pochmurno; Opady deszczu,Zderzenie pojazdów czołowe,Pochmurno; Opady deszczu,Światło dzienne,Jezdnia,EWK-107947440N,10,2019-05-22,Lekko,21*22'286,51*22'448,12,Obszar niezabudowany,Odcinek prosty,Droga krajowa,Jednojezdniowa dwukierunkowa,N,POWIAT RADOMSKI,GÓZD - OBSZAR WIEJSKI
1,0,2,2019,Pochmurno; Opady deszczu,Zderzenie pojazdów czołowe,Pochmurno; Opady deszczu,Światło dzienne,Jezdnia,EWK-108033074G,11,2019-07-08,Lekko,22*44'247,52*13'237,19,Obszar niezabudowany,"Zakręt, łuk",Droga krajowa,Jednojezdniowa dwukierunkowa,N,POWIAT ŁOSICKI,ŁOSICE - OBSZAR WIEJSKI
1,0,1,2019,Pochmurno; Opady deszczu,Zderzenie pojazdów czołowe,Pochmurno; Opady deszczu,Światło dzienne,Jezdnia,EWK-108083520A,6,2019-08-07,Lekko,22*06'086,52*18'324,696,Obszar niezabudowany,"Zakręt, łuk",Droga wojewódzka,Jednojezdniowa dwukierunkowa,N,POWIAT SIEDLECKI,MOKOBODY - OBSZAR WIEJSKI
1,0,0,2019,Pochmurno; Opady deszczu,Zderzenie pojazdów czołowe,Pochmurno; Opady deszczu,Światło dzienne,Jezdnia,EWK-108083520A,6,2019-08-07,Nieokreślone (puste pole),22*06'086,52*18'324,696,Obszar niezabudowany,"Zakręt, łuk",Droga wojewódzka,Jednojezdniowa dwukierunkowa,N,POWIAT SIEDLECKI,MOKOBODY - OBSZAR WIEJSKI
1,0,1,2019,Pochmurno; Opady deszczu,Zderzenie pojazdów tylne,Pochmurno; Opady deszczu,Światło dzienne,Jezdnia,EWK-107954502R,7,2019-05-29,Lekko,20*27'358,52*35'062,7,Obszar niezabudowany,,Droga krajowa,Dwie jezdnie jednokierunkowe,N,POWIAT PŁOŃSKI,PŁOŃSK - OBSZAR WIEJSKI
1,0,0,2019,Pochmurno; Opady deszczu,Zderzenie pojazdów tylne,Pochmurno; Opady deszczu,Światło dzienne,Jezdnia,EWK-107954502R,7,2019-05-29,Nieokreślone (puste pole),20*27'358,52*35'062,7,Obszar niezabudowany,,Droga krajowa,Dwie jezdnie jednokierunkowe,N,POWIAT PŁOŃSKI,PŁOŃSK - OBSZAR WIEJSKI
1,0,1,2019,Pochmurno; Opady deszczu,Zderzenie pojazdów tylne,Pochmurno; Opady deszczu,Światło dzienne,Jezdnia,EWK-108032497L,18,2019-07-09,Lekko,19*53'085,52*19'346,577,Obszar zabudowany,Odcinek prosty,Droga wojewódzka,Jednojezdniowa dwukierunkowa,N,POWIAT GOSTYNIŃSKI,SANNIKI - OBSZAR WIEJSKI
1,0,0,2019,Pochmurno; Opady deszczu,Zderzenie pojazdów tylne,Pochmurno; Opady deszczu,Światło dzienne,Jezdnia,EWK-108032497L,18,2019-07-09,Nieokreślone (puste pole),19*53'085,52*19'346,577,Obszar zabudowany,Odcinek prosty,Droga wojewódzka,Jednojezdniowa dwukierunkowa,N,POWIAT GOSTYNIŃSKI,SANNIKI - OBSZAR WIEJSKI
1,0,1,2019,Pochmurno; Opady deszczu,Zderzenie pojazdów tylne,Pochmurno; Opady deszczu,Światło dzienne,Jezdnia,EWK-108133614R,8,2019-09-03,Lekko,21*01'369,51*33'345,S7,Obszar niezabudowany,Odcinek prosty,Droga krajowa,Ekspresowa,N,POWIAT BIAŁOBRZESKI,STARA BŁOTNICA - OBSZAR WIEJSKI
1,0,0,2019,Pochmurno; Opady deszczu,Zderzenie pojazdów tylne,Pochmurno; Opady deszczu,Światło dzienne,Jezdnia,EWK-108133614R,8,2019-09-03,Nieokreślone (puste pole),21*01'369,51*33'345,S7,Obszar niezabudowany,Odcinek prosty,Droga krajowa,Ekspresowa,N,POWIAT BIAŁOBRZESKI,STARA BŁOTNICA - OBSZAR WIEJSKI
1,0,1,2019,Pochmurno; Opady deszczu,Zderzenie pojazdów tylne,Pochmurno; Opady deszczu,"Świt, zmrok",Jezdnia,EWK-108187447U,5,2019-09-28,Lekko,22*02'006,52*24'514,P4223W,Obszar zabudowany,Odcinek prosty,Droga powiatowa,Jednojezdniowa dwukierunkowa,N,POWIAT WĘGROWSKI,WĘGRÓW - OBSZAR MIEJSKI
1,0,0,2019,Pochmurno; Opady deszczu,Zderzenie pojazdów tylne,Pochmurno; Opady deszczu,"Świt, zmrok",Jezdnia,EWK-108187447U,5,2019-09-28,Nieokreślone (puste pole),22*02'006,52*24'514,P4223W,Obszar zabudowany,Odcinek prosty,Droga powiatowa,Jednojezdniowa dwukierunkowa,N,POWIAT WĘGROWSKI,WĘGRÓW - OBSZAR MIEJSKI
1,0,1,2019,Pochmurno; Opady deszczu,Zderzenie pojazdów tylne,Pochmurno; Opady deszczu,"Świt, zmrok",Jezdnia,EWK-108357331K,7,2019-11-21,Lekko,21*21'388,51*12'186,P3567W,Obszar niezabudowany,Odcinek prosty,Droga powiatowa,Jednojezdniowa dwukierunkowa,N,POWIAT RADOMSKI,IŁŻA - OBSZAR WIEJSKI
1,0,0,2019,Pochmurno; Opady deszczu,Zderzenie pojazdów tylne,Pochmurno; Opady deszczu,"Świt, zmrok",Jezdnia,EWK-108357331K,7,2019-11-21,Nieokreślone (puste pole),21*21'388,51*12'186,P3567W,Obszar niezabudowany,Odcinek prosty,Droga powiatowa,Jednojezdniowa dwukierunkowa,N,POWIAT RADOMSKI,IŁŻA - OBSZAR WIEJSKI
1,0,1,2019,"Pochmurno; Opady deszczu; Mgła, dym",Najechanie na pieszego,"Pochmurno; Opady deszczu; Mgła, dym",Noc - droga oświetlona,Jezdnia,EWK-108186056C,5,2019-09-26,Lekko,20*30'316,51*58'151,P4724W,Obszar zabudowany,,Droga powiatowa,Jednojezdniowa dwukierunkowa,N,POWIAT ŻYRARDOWSKI,MSZCZONÓW - OBSZAR MIEJSKI
1,0,0,2019,"Pochmurno; Opady deszczu; Mgła, dym",Najechanie na pieszego,"Pochmurno; Opady deszczu; Mgła, dym",Noc - droga oświetlona,Jezdnia,EWK-108186056C,5,2019-09-26,Nieokreślone (puste pole),20*30'316,51*58'151,P4724W,Obszar zabudowany,,Droga powiatowa,Jednojezdniowa dwukierunkowa,N,POWIAT ŻYRARDOWSKI,MSZCZONÓW - OBSZAR MIEJSKI
1,1,0,2019,"Pochmurno; Opady deszczu; Opady śniegu, gradu",Najechanie na pieszego,"Pochmurno; Opady deszczu; Opady śniegu, gradu",Noc - droga nieoświetlona,Jezdnia,EWK-108521501T,22,2019-12-27,Nieokreślone (puste pole),19*47'454,52*31'374,62,Obszar niezabudowany,,Droga krajowa,Jednojezdniowa dwukierunkowa,T,POWIAT PŁOCK,PŁOCK - OBSZAR MIEJSKI
1,0,1,2019,"Pochmurno; Opady śniegu, gradu",Najechanie na drzewo,"Pochmurno; Opady śniegu, gradu",Światło dzienne,Jezdnia,EWK-107650500H,13,2019-01-18,Lekko,20*06'82,53*01'137,P2335W,Obszar niezabudowany,"Zakręt, łuk",Droga powiatowa,Jednojezdniowa dwukierunkowa,N,POWIAT MŁAWSKI,SZREŃSK - OBSZAR WIEJSKI
1,0,1,2019,"Pochmurno; Opady śniegu, gradu",Najechanie na pieszego,"Pochmurno; Opady śniegu, gradu",Światło dzienne,Przejście dla pieszych,EWK-107697005P,11,2019-02-13,Lekko,21*08'465,51*24'065,P5339W,Obszar zabudowany,Odcinek prosty,Droga powiatowa,Jednojezdniowa dwukierunkowa,N,POWIAT RADOM,RADOM - OBSZAR MIEJSKI
1,0,0,2019,"Pochmurno; Opady śniegu, gradu",Najechanie na pieszego,"Pochmurno; Opady śniegu, gradu",Światło dzienne,Przejście dla pieszych,EWK-107697005P,11,2019-02-13,Nieokreślone (puste pole),21*08'465,51*24'065,P5339W,Obszar zabudowany,Odcinek prosty,Droga powiatowa,Jednojezdniowa dwukierunkowa,N,POWIAT RADOM,RADOM - OBSZAR MIEJSKI
1,0,1,2019,"Pochmurno; Opady śniegu, gradu",Zderzenie pojazdów boczne,"Pochmurno; Opady śniegu, gradu",Światło dzienne,Jezdnia,EWK-107581085Y,14,2019-01-06,Lekko,21*13'179,51*24'504,12,Obszar zabudowany,,Droga krajowa,Jednojezdniowa dwukierunkowa,N,POWIAT RADOMSKI,JEDLNIA-LETNISKO - OBSZAR WIEJSKI
1,0,0,2019,"Pochmurno; Opady śniegu, gradu",Zderzenie pojazdów boczne,"Pochmurno; Opady śniegu, gradu",Światło dzienne,Jezdnia,EWK-107581085Y,14,2019-01-06,Nieokreślone (puste pole),21*13'179,51*24'504,12,Obszar zabudowany,,Droga krajowa,Jednojezdniowa dwukierunkowa,N,POWIAT RADOMSKI,JEDLNIA-LETNISKO - OBSZAR WIEJSKI
1,0,1,2019,"Pochmurno; Opady śniegu, gradu",Zderzenie pojazdów czołowe,"Pochmurno; Opady śniegu, gradu",Światło dzienne,Jezdnia,EWK-107585921P,9,2019-01-05,Lekko,20*27'361,51*31'167,48,Obszar niezabudowany,Odcinek prosty,Droga krajowa,Jednojezdniowa dwukierunkowa,T,POWIAT PRZYSUSKI,ODRZYWÓŁ - OBSZAR WIEJSKI
1,0,0,2019,"Pochmurno; Opady śniegu, gradu",Zderzenie pojazdów czołowe,"Pochmurno; Opady śniegu, gradu",Światło dzienne,Jezdnia,EWK-107585921P,9,2019-01-05,Nieokreślone (puste pole),20*27'361,51*31'167,48,Obszar niezabudowany,Odcinek prosty,Droga krajowa,Jednojezdniowa dwukierunkowa,T,POWIAT PRZYSUSKI,ODRZYWÓŁ - OBSZAR WIEJSKI
1,0,1,2019,"Pochmurno; Opady śniegu, gradu",Zderzenie pojazdów tylne,"Pochmurno; Opady śniegu, gradu","Świt, zmrok",Jezdnia,EWK-107675265Y,10,2019-01-31,Lekko,21*07'112,51*24'184,7,Obszar zabudowany,Odcinek prosty,Droga krajowa,Jednojezdniowa dwukierunkowa,N,POWIAT RADOM,RADOM - OBSZAR MIEJSKI
1,0,0,2019,"Pochmurno; Opady śniegu, gradu",Zderzenie pojazdów tylne,"Pochmurno; Opady śniegu, gradu","Świt, zmrok",Jezdnia,EWK-107675265Y,10,2019-01-31,Nieokreślone (puste pole),21*07'112,51*24'184,7,Obszar zabudowany,Odcinek prosty,Droga krajowa,Jednojezdniowa dwukierunkowa,N,POWIAT RADOM,RADOM - OBSZAR MIEJSKI
1,0,2,2019,Silny wiatr,Inne,Silny wiatr,Noc - droga nieoświetlona,Pobocze,EWK-107748869P,19,2019-03-09,Ciężko,22*57'352,52*11'044,698,Obszar niezabudowany,Odcinek prosty,Droga wojewódzka,Jednojezdniowa dwukierunkowa,N,POWIAT ŁOSICKI,STARA KORNICA - OBSZAR WIEJSKI
1,0,1,2019,Silny wiatr,Inne,Silny wiatr,Światło dzienne,Pobocze,EWK-107812998A,18,2019-04-02,Lekko,20*08'165,52*30'013,GMINNA,Obszar zabudowany,Odcinek prosty,Droga gminna,Jednojezdniowa dwukierunkowa,N,POWIAT PŁOCKI,MAŁA WIEŚ - OBSZAR WIEJSKI
1,0,1,2019,Silny wiatr,Najechanie na drzewo,Silny wiatr,Noc - droga nieoświetlona,Jezdnia,EWK-107738994X,23,2019-03-04,Lekko,19*28'213,52*29'099,573,Obszar zabudowany,"Zakręt, łuk",Droga wojewódzka,Jednojezdniowa dwukierunkowa,N,POWIAT GOSTYNIŃSKI,GOSTYNIN - OBSZAR WIEJSKI
1,0,1,2019,Silny wiatr,Najechanie na pieszego,Silny wiatr,Noc - droga oświetlona,Jezdnia,EWK-108422025J,17,2019-12-07,Ciężko,21*38'454,53*02'498,627,Obszar zabudowany,Odcinek prosty,Droga wojewódzka,Jednojezdniowa dwukierunkowa,N,POWIAT OSTROŁĘCKI,RZEKUŃ - OBSZAR WIEJSKI
1,0,0,2019,Silny wiatr,Najechanie na pieszego,Silny wiatr,Noc - droga oświetlona,Jezdnia,EWK-108422025J,17,2019-12-07,Nieokreślone (puste pole),21*38'454,53*02'498,627,Obszar zabudowany,Odcinek prosty,Droga wojewódzka,Jednojezdniowa dwukierunkowa,N,POWIAT OSTROŁĘCKI,RZEKUŃ - OBSZAR WIEJSKI
1,1,0,2019,Silny wiatr,Najechanie na pieszego,Silny wiatr,Noc - droga oświetlona,Jezdnia,EWK-108486694C,17,2019-12-13,Nieokreślone (puste pole),20*21'433,53*05'122,7,Obszar niezabudowany,Odcinek prosty,Droga krajowa,Jednojezdniowa dwukierunkowa,T,POWIAT MŁAWSKI,WIŚNIEWO - OBSZAR WIEJSKI
1,1,0,2019,Silny wiatr,Najechanie na pieszego,Silny wiatr,"Świt, zmrok",Jezdnia,EWK-107734629L,18,2019-03-01,Nieokreślone (puste pole),19*59'552,52*48'280,2994W,Obszar niezabudowany,Odcinek prosty,Droga powiatowa,Jednojezdniowa dwukierunkowa,T,POWIAT PŁOŃSKI,RACIĄŻ - OBSZAR WIEJSKI
1,1,0,2019,Silny wiatr,Najechanie na pieszego,Silny wiatr,"Świt, zmrok",Jezdnia,EWK-107741109W,18,2019-03-05,Nieokreślone (puste pole),19*25'246,52*21'573,60,Obszar zabudowany,Odcinek prosty,Droga krajowa,Jednojezdniowa dwukierunkowa,T,POWIAT GOSTYNIŃSKI,GOSTYNIN - OBSZAR WIEJSKI
1,0,1,2019,Silny wiatr,Najechanie na pojazd unieruchomiony,Silny wiatr,Światło dzienne,Jezdnia,EWK-107888038Q,12,2019-04-23,Lekko,21*07'045,52*51'585,60,Obszar niezabudowany,Odcinek prosty,Droga krajowa,Jednojezdniowa dwukierunkowa,N,POWIAT MAKOWSKI,SZELKÓW - OBSZAR WIEJSKI
1,0,0,2019,Silny wiatr,Najechanie na pojazd unieruchomiony,Silny wiatr,Światło dzienne,Jezdnia,EWK-107888038Q,12,2019-04-23,Nieokreślone (puste pole),21*07'045,52*51'585,60,Obszar niezabudowany,Odcinek prosty,Droga krajowa,Jednojezdniowa dwukierunkowa,N,POWIAT MAKOWSKI,SZELKÓW - OBSZAR WIEJSKI
1,0,1,2019,Silny wiatr,Wywrócenie się pojazdu,Silny wiatr,Noc - droga nieoświetlona,Jezdnia,EWK-108392479K,2,2019-11-23,Lekko,21*49'125,51*33'124,48,Obszar niezabudowany,"Zakręt, łuk",Droga krajowa,Jednojezdniowa dwukierunkowa,T,POWIAT KOZIENICKI,SIECIECHÓW - OBSZAR WIEJSKI
1,0,1,2019,Silny wiatr,Zderzenie pojazdów boczne,Silny wiatr,Noc - droga oświetlona,Jezdnia,EWK-107565247E,20,2019-01-02,Lekko,21*37'010,53*04'190,2584W,Obszar zabudowany,,Droga powiatowa,Jednojezdniowa dwukierunkowa,N,POWIAT OSTROŁĘKA,OSTROŁĘKA - OBSZAR MIEJSKI
1,0,0,2019,Silny wiatr,Zderzenie pojazdów boczne,Silny wiatr,Noc - droga oświetlona,Jezdnia,EWK-107565247E,20,2019-01-02,Nieokreślone (puste pole),21*37'010,53*04'190,2584W,Obszar zabudowany,,Droga powiatowa,Jednojezdniowa dwukierunkowa,N,POWIAT OSTROŁĘKA,OSTROŁĘKA - OBSZAR MIEJSKI
1,1,0,2019,Silny wiatr,Zderzenie pojazdów boczne,Silny wiatr,Noc - droga oświetlona,Jezdnia,EWK-108526278F,18,2019-12-31,Nieokreślone (puste pole),22*14'101,52*19'152,63,Obszar zabudowany,Odcinek prosty,Droga krajowa,Jednojezdniowa dwukierunkowa,N,POWIAT SOKOŁOWSKI,BIELANY - OBSZAR WIEJSKI
1,0,1,2019,Silny wiatr,Zderzenie pojazdów boczne,Silny wiatr,Światło dzienne,Jezdnia,EWK-107725309L,12,2019-02-26,Lekko,21*19'255,51*21'427,P3531W,Obszar zabudowany,,Droga powiatowa,Jednojezdniowa dwukierunkowa,N,POWIAT RADOMSKI,GÓZD - OBSZAR WIEJSKI
1,0,0,2019,Silny wiatr,Zderzenie pojazdów boczne,Silny wiatr,Światło dzienne,Jezdnia,EWK-107725309L,12,2019-02-26,Nieokreślone (puste pole),21*19'255,51*21'427,P3531W,Obszar zabudowany,,Droga powiatowa,Jednojezdniowa dwukierunkowa,N,POWIAT RADOMSKI,GÓZD - OBSZAR WIEJSKI
1,0,3,2019,Silny wiatr,Zderzenie pojazdów czołowe,Silny wiatr,Noc - droga oświetlona,Jezdnia,EWK-108194178N,18,2019-09-30,Lekko,20*00'325,52*33'344,P2935W,Obszar zabudowany,Odcinek prosty,Droga powiatowa,Jednojezdniowa dwukierunkowa,N,POWIAT PŁOCKI,BULKOWO - OBSZAR WIEJSKI
1,1,0,2019,Silny wiatr,Zderzenie pojazdów czołowe,Silny wiatr,Światło dzienne,Jezdnia,EWK-107887970E,8,2019-04-23,Nieokreślone (puste pole),20*56'334,53*00'440,544,Obszar niezabudowany,Odcinek prosty,Droga wojewódzka,Jednojezdniowa dwukierunkowa,N,POWIAT PRZASNYSKI,PRZASNYSZ - OBSZAR WIEJSKI
1,0,1,2019,Silny wiatr; Opady deszczu,Inne,Silny wiatr; Opady deszczu,Noc - droga oświetlona,Jezdnia,EWK-107748631K,2,2019-03-10,Ciężko,20*54'054,51*27'528,740,Obszar zabudowany,Odcinek prosty,Droga wojewódzka,Jednojezdniowa dwukierunkowa,N,POWIAT RADOMSKI,PRZYTYK - OBSZAR WIEJSKI
1,0,0,2019,Silny wiatr; Opady deszczu,Inne,Silny wiatr; Opady deszczu,Noc - droga oświetlona,Jezdnia,EWK-107748631K,2,2019-03-10,Nieokreślone (puste pole),20*54'054,51*27'528,740,Obszar zabudowany,Odcinek prosty,Droga wojewódzka,Jednojezdniowa dwukierunkowa,N,POWIAT RADOMSKI,PRZYTYK - OBSZAR WIEJSKI
1,0,1,2019,Silny wiatr; Opady deszczu,Wywrócenie się pojazdu,Silny wiatr; Opady deszczu,"Świt, zmrok",Jezdnia,EWK-108192771L,18,2019-09-30,Lekko,21*27'503,51*43'396,GMINNA,Obszar zabudowany,"Zakręt, łuk",Droga gminna,Jednojezdniowa dwukierunkowa,T,POWIAT GARWOLIŃSKI,MACIEJOWICE - OBSZAR WIEJSKI
1,0,1,2019,Silny wiatr; Opady deszczu,Zderzenie pojazdów boczne,Silny wiatr; Opady deszczu,Noc - droga nieoświetlona,Jezdnia,EWK-107761400P,21,2019-03-15,Ciężko,20*38'248,52*58'325,616,Obszar niezabudowany,Odcinek prosty,Droga wojewódzka,Jednojezdniowa dwukierunkowa,N,POWIAT CIECHANOWSKI,REGIMIN - OBSZAR WIEJSKI
1,0,0,2019,Silny wiatr; Opady deszczu,Zderzenie pojazdów boczne,Silny wiatr; Opady deszczu,Noc - droga nieoświetlona,Jezdnia,EWK-107761400P,21,2019-03-15,Nieokreślone (puste pole),20*38'248,52*58'325,616,Obszar niezabudowany,Odcinek prosty,Droga wojewódzka,Jednojezdniowa dwukierunkowa,N,POWIAT CIECHANOWSKI,REGIMIN - OBSZAR WIEJSKI
1,0,1,2019,Silny wiatr; Opady deszczu,Zderzenie pojazdów boczne,Silny wiatr; Opady deszczu,Noc - droga oświetlona,Przejście dla pieszych,EWK-108192957N,18,2019-09-30,Lekko,21*09'459,51*24'347,P5308W,Obszar zabudowany,Odcinek prosty,Droga powiatowa,Jednojezdniowa dwukierunkowa,N,POWIAT RADOM,RADOM - OBSZAR MIEJSKI
1,0,0,2019,Silny wiatr; Opady deszczu,Zderzenie pojazdów boczne,Silny wiatr; Opady deszczu,Noc - droga oświetlona,Przejście dla pieszych,EWK-108192957N,18,2019-09-30,Nieokreślone (puste pole),21*09'459,51*24'347,P5308W,Obszar zabudowany,Odcinek prosty,Droga powiatowa,Jednojezdniowa dwukierunkowa,N,POWIAT RADOM,RADOM - OBSZAR MIEJSKI
1,0,2,2019,Silny wiatr; Opady deszczu,Zderzenie pojazdów boczne,Silny wiatr; Opady deszczu,Światło dzienne,Jezdnia,EWK-108194976G,15,2019-09-30,Lekko,20*37'311,51*21'143,G330638W,Obszar zabudowany,"Zakręt, łuk",Droga gminna,Jednojezdniowa dwukierunkowa,N,POWIAT PRZYSUSKI,PRZYSUCHA - OBSZAR MIEJSKI
1,0,0,2019,Silny wiatr; Opady deszczu,Zderzenie pojazdów boczne,Silny wiatr; Opady deszczu,Światło dzienne,Jezdnia,EWK-108194976G,15,2019-09-30,Nieokreślone (puste pole),20*37'311,51*21'143,G330638W,Obszar zabudowany,"Zakręt, łuk",Droga gminna,Jednojezdniowa dwukierunkowa,N,POWIAT PRZYSUSKI,PRZYSUCHA - OBSZAR MIEJSKI
1,0,12,2019,"Silny wiatr; Opady śniegu, gradu",Wywrócenie się pojazdu,"Silny wiatr; Opady śniegu, gradu",Noc - droga oświetlona,"Skarpa, rów",EWK-107567216P,1,2019-01-03,Lekko,21*35'407,51*54'402,S17G,Obszar niezabudowany,Odcinek prosty,Droga krajowa,Ekspresowa,N,POWIAT GARWOLIŃSKI,GARWOLIN - OBSZAR MIEJSKI
1,0,0,2019,"Silny wiatr; Opady śniegu, gradu",Wywrócenie się pojazdu,"Silny wiatr; Opady śniegu, gradu",Noc - droga oświetlona,"Skarpa, rów",EWK-107567216P,1,2019-01-03,Nieokreślone (puste pole),21*35'407,51*54'402,S17G,Obszar niezabudowany,Odcinek prosty,Droga krajowa,Ekspresowa,N,POWIAT GARWOLIŃSKI,GARWOLIN - OBSZAR MIEJSKI
1,0,1,2019,"Silny wiatr; Opady śniegu, gradu",Zderzenie pojazdów czołowe,"Silny wiatr; Opady śniegu, gradu",Noc - droga nieoświetlona,Jezdnia,EWK-107634973Y,17,2019-01-14,Lekko,21*21'306,51*36'069,48,Obszar niezabudowany,"Zakręt, łuk",Droga krajowa,Jednojezdniowa dwukierunkowa,N,POWIAT KOZIENICKI,GŁOWACZÓW - OBSZAR WIEJSKI
1,0,0,2019,"Silny wiatr; Opady śniegu, gradu",Zderzenie pojazdów czołowe,"Silny wiatr; Opady śniegu, gradu",Noc - droga nieoświetlona,Jezdnia,EWK-107634973Y,17,2019-01-14,Nieokreślone (puste pole),21*21'306,51*36'069,48,Obszar niezabudowany,"Zakręt, łuk",Droga krajowa,Jednojezdniowa dwukierunkowa,N,POWIAT KOZIENICKI,GŁOWACZÓW - OBSZAR WIEJSKI
1,0,2,2019,Silny wiatr; Pochmurno,Najechanie na pojazd unieruchomiony,Silny wiatr; Pochmurno,"Świt, zmrok",Jezdnia,EWK-108001131G,21,2019-06-21,Lekko,21*53'130,51*49'554,P3137W,Obszar zabudowany,Odcinek prosty,Droga powiatowa,Jednojezdniowa dwukierunkowa,N,POWIAT GARWOLIŃSKI,ŻELECHÓW - OBSZAR WIEJSKI
1,0,0,2019,Silny wiatr; Pochmurno,Najechanie na pojazd unieruchomiony,Silny wiatr; Pochmurno,"Świt, zmrok",Jezdnia,EWK-108001131G,21,2019-06-21,Nieokreślone (puste pole),21*53'130,51*49'554,P3137W,Obszar zabudowany,Odcinek prosty,Droga powiatowa,Jednojezdniowa dwukierunkowa,N,POWIAT GARWOLIŃSKI,ŻELECHÓW - OBSZAR WIEJSKI
1,0,1,2019,Silny wiatr; Pochmurno,"Najechanie na słup, znak",Silny wiatr; Pochmurno,"Świt, zmrok","Droga, pas ruchu, śluza dla rowerów",EWK-108523074W,19,2019-12-31,Lekko,21*58'153,52*22'491,W637,Obszar zabudowany,Odcinek prosty,Droga wojewódzka,Jednojezdniowa dwukierunkowa,N,POWIAT WĘGROWSKI,LIW - OBSZAR WIEJSKI
1,0,1,2019,Silny wiatr; Pochmurno,Zderzenie pojazdów boczne,Silny wiatr; Pochmurno,Światło dzienne,Jezdnia,EWK-107588906K,10,2019-01-03,Lekko,20*51'337,51*14'000,P3561W,Obszar zabudowany,,Droga powiatowa,Jednojezdniowa dwukierunkowa,N,POWIAT SZYDŁOWIECKI,SZYDŁOWIEC - OBSZAR MIEJSKI
1,0,0,2019,Silny wiatr; Pochmurno,Zderzenie pojazdów boczne,Silny wiatr; Pochmurno,Światło dzienne,Jezdnia,EWK-107588906K,10,2019-01-03,Nieokreślone (puste pole),20*51'337,51*14'000,P3561W,Obszar zabudowany,,Droga powiatowa,Jednojezdniowa dwukierunkowa,N,POWIAT SZYDŁOWIECKI,SZYDŁOWIEC - OBSZAR MIEJSKI
1,0,2,2019,Silny wiatr; Pochmurno,Zderzenie pojazdów boczne,Silny wiatr; Pochmurno,Światło dzienne,Jezdnia,EWK-107763010J,11,2019-03-16,Ciężko,20*37'086,52*52'350,50,Obszar zabudowany,,Droga krajowa,Jednojezdniowa dwukierunkowa,N,POWIAT CIECHANOWSKI,CIECHANÓW - OBSZAR MIEJSKI
1,0,0,2019,Silny wiatr; Pochmurno,Zderzenie pojazdów boczne,Silny wiatr; Pochmurno,Światło dzienne,Jezdnia,EWK-107763010J,11,2019-03-16,Nieokreślone (puste pole),20*37'086,52*52'350,50,Obszar zabudowany,,Droga krajowa,Jednojezdniowa dwukierunkowa,N,POWIAT CIECHANOWSKI,CIECHANÓW - OBSZAR MIEJSKI
1,3,0,2019,Silny wiatr; Pochmurno,Zderzenie pojazdów czołowe,Silny wiatr; Pochmurno,Światło dzienne,Jezdnia,EWK-107787847D,15,2019-03-26,Nieokreślone (puste pole),20*23'317,53*06'14,7,Obszar niezabudowany,Odcinek prosty,Droga krajowa,Jednojezdniowa dwukierunkowa,N,POWIAT MŁAWSKI,MŁAWA - OBSZAR MIEJSKI
1,0,11,2019,Silny wiatr; Pochmurno; Opady deszczu,Wywrócenie się pojazdu,Silny wiatr; Pochmurno; Opady deszczu,Światło dzienne,Pobocze,EWK-108165852R,9,2019-09-18,Lekko,21*30'018,51*32'044,GMINNA,Obszar niezabudowany,Odcinek prosty,Droga gminna,Jednojezdniowa dwukierunkowa,N,POWIAT RADOMSKI,PIONKI - OBSZAR WIEJSKI
1,0,0,2019,Silny wiatr; Pochmurno; Opady deszczu,Wywrócenie się pojazdu,Silny wiatr; Pochmurno; Opady deszczu,Światło dzienne,Pobocze,EWK-108165852R,9,2019-09-18,Nieokreślone (puste pole),21*30'018,51*32'044,GMINNA,Obszar niezabudowany,Odcinek prosty,Droga gminna,Jednojezdniowa dwukierunkowa,N,POWIAT RADOMSKI,PIONKI - OBSZAR WIEJSKI